[  967593ms] [ERROR] ./src/app/leaderboard/page.tsx:9:3
To use "use cache", please enable the feature flag `cacheComponents` in your Next.js config.
    
    Read more: https://nextjs.org/docs/canary/app/api-reference/directives/use-cache#usage
   7 |
   8 | export default async function ...
>  9 |   "use cache";
     |   ^^^^^^^^^^^
  10 |   cacheLife({ expire: 3600 });
  11 |
  12 |   const [leaderboardData, stat...

Ecmascript file had an error @ http://localhost:3000/_next/static/chunks/0kd0_next_dist_094najk._.js:3272
[  967594ms] [ERROR] Failed to load resource: the server responded with a status of 500 (Internal Server Error) @ http://localhost:3000/leaderboard?_rsc=8vl0y:0
[  967724ms] [ERROR] Failed to load resource: the server responded with a status of 500 (Internal Server Error) @ http://localhost:3000/leaderboard?_rsc=8vl0y:0
[  967758ms] [ERROR] Failed to load resource: the server responded with a status of 500 (Internal Server Error) @ http://localhost:3000/leaderboard:0
[  968064ms] Error: ./src/app/leaderboard/page.tsx:9:3
To use "use cache", please enable the feature flag `cacheComponents` in your Next.js config.
    
    Read more: https://nextjs.org/docs/canary/app/api-reference/directives/use-cache#usage
   7 |
   8 | export default async function ...
>  9 |   "use cache";
     |   ^^^^^^^^^^^
  10 |   cacheLife({ expire: 3600 });
  11 |
  12 |   const [leaderboardData, stat...

Ecmascript file had an error


    at <unknown> (Error: ./src/app/leaderboard/page.tsx:9:3)
    at Object.getCompilationErrors (file:///Users/luiz_fbm/Documents/Programacao/Dev-roast/node_modules/.pnpm/next@16.2.0_@opentelemetry+api@1.9.0_react-dom@19.2.4_react@19.2.4__react@19.2.4/node_modules/next/dist/server/dev/hot-reloader-turbopack.js:1189:59)
    at DevBundlerService.getCompilationError (file:///Users/luiz_fbm/Documents/Programacao/Dev-roast/node_modules/.pnpm/next@16.2.0_@opentelemetry+api@1.9.0_react-dom@19.2.4_react@19.2.4__react@19.2.4/node_modules/next/dist/server/lib/dev-bundler-service.js:44:55)
    at DevServer.getCompilationError (file:///Users/luiz_fbm/Documents/Programacao/Dev-roast/node_modules/.pnpm/next@16.2.0_@opentelemetry+api@1.9.0_react-dom@19.2.4_react@19.2.4__react@19.2.4/node_modules/next/dist/server/dev/next-dev-server.js:719:42)
    at DevServer.findPageComponents (file:///Users/luiz_fbm/Documents/Programacao/Dev-roast/node_modules/.pnpm/next@16.2.0_@opentelemetry+api@1.9.0_react-dom@19.2.4_react@19.2.4__react@19.2.4/node_modules/next/dist/server/dev/next-dev-server.js:689:43)
    at async DevServer.renderErrorToResponseImpl (file:///Users/luiz_fbm/Documents/Programacao/Dev-roast/node_modules/.pnpm/next@16.2.0_@opentelemetry+api@1.9.0_react-dom@19.2.4_react@19.2.4__react@19.2.4/node_modules/next/dist/server/base-server.js:1745:26)
[  968065ms] [ERROR] ./src/app/leaderboard/page.tsx:9:3
To use "use cache", please enable the feature flag `cacheComponents` in your Next.js config.
    
    Read more: https://nextjs.org/docs/canary/app/api-reference/directives/use-cache#usage
   7 |
   8 | export default async function ...
>  9 |   "use cache";
     |   ^^^^^^^^^^^
  10 |   cacheLife({ expire: 3600 });
  11 |
  12 |   const [leaderboardData, stat...

Ecmascript file had an error @ http://localhost:3000/_next/static/chunks/0kd0_next_dist_02e_ku3._.js:1945
[  968113ms] [ERROR] ./src/app/leaderboard/page.tsx:9:3
To use "use cache", please enable the feature flag `cacheComponents` in your Next.js config.
    
    Read more: https://nextjs.org/docs/canary/app/api-reference/directives/use-cache#usage
   7 |
   8 | export default async function ...
>  9 |   "use cache";
     |   ^^^^^^^^^^^
  10 |   cacheLife({ expire: 3600 });
  11 |
  12 |   const [leaderboardData, stat...

Ecmascript file had an error @ http://localhost:3000/_next/static/chunks/0kd0_next_dist_02e_ku3._.js:1945
[  968156ms] [ERROR] ./src/app/leaderboard/page.tsx:9:3
To use "use cache", please enable the feature flag `cacheComponents` in your Next.js config.
    
    Read more: https://nextjs.org/docs/canary/app/api-reference/directives/use-cache#usage
   7 |
   8 | export default async function ...
>  9 |   "use cache";
     |   ^^^^^^^^^^^
  10 |   cacheLife({ expire: 3600 });
  11 |
  12 |   const [leaderboardData, stat...

Ecmascript file had an error @ http://localhost:3000/_next/static/chunks/0kd0_next_dist_02e_ku3._.js:1945
[  968206ms] [ERROR] ./src/app/leaderboard/page.tsx:9:3
To use "use cache", please enable the feature flag `cacheComponents` in your Next.js config.
    
    Read more: https://nextjs.org/docs/canary/app/api-reference/directives/use-cache#usage
   7 |
   8 | export default async function ...
>  9 |   "use cache";
     |   ^^^^^^^^^^^
  10 |   cacheLife({ expire: 3600 });
  11 |
  12 |   const [leaderboardData, stat...

Ecmascript file had an error @ http://localhost:3000/_next/static/chunks/0kd0_next_dist_02e_ku3._.js:1945
[  968250ms] [ERROR] ./src/app/leaderboard/page.tsx:9:3
To use "use cache", please enable the feature flag `cacheComponents` in your Next.js config.
    
    Read more: https://nextjs.org/docs/canary/app/api-reference/directives/use-cache#usage
   7 |
   8 | export default async function ...
>  9 |   "use cache";
     |   ^^^^^^^^^^^
  10 |   cacheLife({ expire: 3600 });
  11 |
  12 |   const [leaderboardData, stat...

Ecmascript file had an error @ http://localhost:3000/_next/static/chunks/0kd0_next_dist_02e_ku3._.js:1945
[  968299ms] [ERROR] ./src/app/leaderboard/page.tsx:9:3
To use "use cache", please enable the feature flag `cacheComponents` in your Next.js config.
    
    Read more: https://nextjs.org/docs/canary/app/api-reference/directives/use-cache#usage
   7 |
   8 | export default async function ...
>  9 |   "use cache";
     |   ^^^^^^^^^^^
  10 |   cacheLife({ expire: 3600 });
  11 |
  12 |   const [leaderboardData, stat...

Ecmascript file had an error @ http://localhost:3000/_next/static/chunks/0kd0_next_dist_02e_ku3._.js:1945
[  968347ms] [ERROR] ./src/app/leaderboard/page.tsx:9:3
To use "use cache", please enable the feature flag `cacheComponents` in your Next.js config.
    
    Read more: https://nextjs.org/docs/canary/app/api-reference/directives/use-cache#usage
   7 |
   8 | export default async function ...
>  9 |   "use cache";
     |   ^^^^^^^^^^^
  10 |   cacheLife({ expire: 3600 });
  11 |
  12 |   const [leaderboardData, stat...

Ecmascript file had an error @ http://localhost:3000/_next/static/chunks/0kd0_next_dist_02e_ku3._.js:1945
[  968396ms] [ERROR] ./src/app/leaderboard/page.tsx:9:3
To use "use cache", please enable the feature flag `cacheComponents` in your Next.js config.
    
    Read more: https://nextjs.org/docs/canary/app/api-reference/directives/use-cache#usage
   7 |
   8 | export default async function ...
>  9 |   "use cache";
     |   ^^^^^^^^^^^
  10 |   cacheLife({ expire: 3600 });
  11 |
  12 |   const [leaderboardData, stat...

Ecmascript file had an error @ http://localhost:3000/_next/static/chunks/0kd0_next_dist_02e_ku3._.js:1945
[  968444ms] [ERROR] ./src/app/leaderboard/page.tsx:9:3
To use "use cache", please enable the feature flag `cacheComponents` in your Next.js config.
    
    Read more: https://nextjs.org/docs/canary/app/api-reference/directives/use-cache#usage
   7 |
   8 | export default async function ...
>  9 |   "use cache";
     |   ^^^^^^^^^^^
  10 |   cacheLife({ expire: 3600 });
  11 |
  12 |   const [leaderboardData, stat...

Ecmascript file had an error @ http://localhost:3000/_next/static/chunks/0kd0_next_dist_02e_ku3._.js:1945
[  968490ms] [ERROR] ./src/app/leaderboard/page.tsx:9:3
To use "use cache", please enable the feature flag `cacheComponents` in your Next.js config.
    
    Read more: https://nextjs.org/docs/canary/app/api-reference/directives/use-cache#usage
   7 |
   8 | export default async function ...
>  9 |   "use cache";
     |   ^^^^^^^^^^^
  10 |   cacheLife({ expire: 3600 });
  11 |
  12 |   const [leaderboardData, stat...

Ecmascript file had an error @ http://localhost:3000/_next/static/chunks/0kd0_next_dist_02e_ku3._.js:1945
[  968529ms] [ERROR] ./src/app/leaderboard/page.tsx:9:3
To use "use cache", please enable the feature flag `cacheComponents` in your Next.js config.
    
    Read more: https://nextjs.org/docs/canary/app/api-reference/directives/use-cache#usage
   7 |
   8 | export default async function ...
>  9 |   "use cache";
     |   ^^^^^^^^^^^
  10 |   cacheLife({ expire: 3600 });
  11 |
  12 |   const [leaderboardData, stat...

Ecmascript file had an error @ http://localhost:3000/_next/static/chunks/0kd0_next_dist_02e_ku3._.js:1945
[  968581ms] [ERROR] ./src/app/leaderboard/page.tsx:9:3
To use "use cache", please enable the feature flag `cacheComponents` in your Next.js config.
    
    Read more: https://nextjs.org/docs/canary/app/api-reference/directives/use-cache#usage
   7 |
   8 | export default async function ...
>  9 |   "use cache";
     |   ^^^^^^^^^^^
  10 |   cacheLife({ expire: 3600 });
  11 |
  12 |   const [leaderboardData, stat...

Ecmascript file had an error @ http://localhost:3000/_next/static/chunks/0kd0_next_dist_02e_ku3._.js:1945
[  968631ms] [ERROR] ./src/app/leaderboard/page.tsx:9:3
To use "use cache", please enable the feature flag `cacheComponents` in your Next.js config.
    
    Read more: https://nextjs.org/docs/canary/app/api-reference/directives/use-cache#usage
   7 |
   8 | export default async function ...
>  9 |   "use cache";
     |   ^^^^^^^^^^^
  10 |   cacheLife({ expire: 3600 });
  11 |
  12 |   const [leaderboardData, stat...

Ecmascript file had an error @ http://localhost:3000/_next/static/chunks/0kd0_next_dist_02e_ku3._.js:1945
[  968681ms] [ERROR] ./src/app/leaderboard/page.tsx:9:3
To use "use cache", please enable the feature flag `cacheComponents` in your Next.js config.
    
    Read more: https://nextjs.org/docs/canary/app/api-reference/directives/use-cache#usage
   7 |
   8 | export default async function ...
>  9 |   "use cache";
     |   ^^^^^^^^^^^
  10 |   cacheLife({ expire: 3600 });
  11 |
  12 |   const [leaderboardData, stat...

Ecmascript file had an error @ http://localhost:3000/_next/static/chunks/0kd0_next_dist_02e_ku3._.js:1945
[  968730ms] [ERROR] ./src/app/leaderboard/page.tsx:9:3
To use "use cache", please enable the feature flag `cacheComponents` in your Next.js config.
    
    Read more: https://nextjs.org/docs/canary/app/api-reference/directives/use-cache#usage
   7 |
   8 | export default async function ...
>  9 |   "use cache";
     |   ^^^^^^^^^^^
  10 |   cacheLife({ expire: 3600 });
  11 |
  12 |   const [leaderboardData, stat...

Ecmascript file had an error @ http://localhost:3000/_next/static/chunks/0kd0_next_dist_02e_ku3._.js:1945
[  968780ms] [ERROR] ./src/app/leaderboard/page.tsx:9:3
To use "use cache", please enable the feature flag `cacheComponents` in your Next.js config.
    
    Read more: https://nextjs.org/docs/canary/app/api-reference/directives/use-cache#usage
   7 |
   8 | export default async function ...
>  9 |   "use cache";
     |   ^^^^^^^^^^^
  10 |   cacheLife({ expire: 3600 });
  11 |
  12 |   const [leaderboardData, stat...

Ecmascript file had an error @ http://localhost:3000/_next/static/chunks/0kd0_next_dist_02e_ku3._.js:1945
[  968829ms] [ERROR] ./src/app/leaderboard/page.tsx:9:3
To use "use cache", please enable the feature flag `cacheComponents` in your Next.js config.
    
    Read more: https://nextjs.org/docs/canary/app/api-reference/directives/use-cache#usage
   7 |
   8 | export default async function ...
>  9 |   "use cache";
     |   ^^^^^^^^^^^
  10 |   cacheLife({ expire: 3600 });
  11 |
  12 |   const [leaderboardData, stat...

Ecmascript file had an error @ http://localhost:3000/_next/static/chunks/0kd0_next_dist_02e_ku3._.js:1945
[  968877ms] [ERROR] ./src/app/leaderboard/page.tsx:9:3
To use "use cache", please enable the feature flag `cacheComponents` in your Next.js config.
    
    Read more: https://nextjs.org/docs/canary/app/api-reference/directives/use-cache#usage
   7 |
   8 | export default async function ...
>  9 |   "use cache";
     |   ^^^^^^^^^^^
  10 |   cacheLife({ expire: 3600 });
  11 |
  12 |   const [leaderboardData, stat...

Ecmascript file had an error @ http://localhost:3000/_next/static/chunks/0kd0_next_dist_02e_ku3._.js:1945
[  968925ms] [ERROR] ./src/app/leaderboard/page.tsx:9:3
To use "use cache", please enable the feature flag `cacheComponents` in your Next.js config.
    
    Read more: https://nextjs.org/docs/canary/app/api-reference/directives/use-cache#usage
   7 |
   8 | export default async function ...
>  9 |   "use cache";
     |   ^^^^^^^^^^^
  10 |   cacheLife({ expire: 3600 });
  11 |
  12 |   const [leaderboardData, stat...

Ecmascript file had an error @ http://localhost:3000/_next/static/chunks/0kd0_next_dist_02e_ku3._.js:1945
[  968974ms] [ERROR] ./src/app/leaderboard/page.tsx:9:3
To use "use cache", please enable the feature flag `cacheComponents` in your Next.js config.
    
    Read more: https://nextjs.org/docs/canary/app/api-reference/directives/use-cache#usage
   7 |
   8 | export default async function ...
>  9 |   "use cache";
     |   ^^^^^^^^^^^
  10 |   cacheLife({ expire: 3600 });
  11 |
  12 |   const [leaderboardData, stat...

Ecmascript file had an error @ http://localhost:3000/_next/static/chunks/0kd0_next_dist_02e_ku3._.js:1945
[  969019ms] [ERROR] ./src/app/leaderboard/page.tsx:9:3
To use "use cache", please enable the feature flag `cacheComponents` in your Next.js config.
    
    Read more: https://nextjs.org/docs/canary/app/api-reference/directives/use-cache#usage
   7 |
   8 | export default async function ...
>  9 |   "use cache";
     |   ^^^^^^^^^^^
  10 |   cacheLife({ expire: 3600 });
  11 |
  12 |   const [leaderboardData, stat...

Ecmascript file had an error @ http://localhost:3000/_next/static/chunks/0kd0_next_dist_02e_ku3._.js:1945
[  969069ms] [ERROR] ./src/app/leaderboard/page.tsx:9:3
To use "use cache", please enable the feature flag `cacheComponents` in your Next.js config.
    
    Read more: https://nextjs.org/docs/canary/app/api-reference/directives/use-cache#usage
   7 |
   8 | export default async function ...
>  9 |   "use cache";
     |   ^^^^^^^^^^^
  10 |   cacheLife({ expire: 3600 });
  11 |
  12 |   const [leaderboardData, stat...

Ecmascript file had an error @ http://localhost:3000/_next/static/chunks/0kd0_next_dist_02e_ku3._.js:1945
[  969124ms] [ERROR] ./src/app/leaderboard/page.tsx:9:3
To use "use cache", please enable the feature flag `cacheComponents` in your Next.js config.
    
    Read more: https://nextjs.org/docs/canary/app/api-reference/directives/use-cache#usage
   7 |
   8 | export default async function ...
>  9 |   "use cache";
     |   ^^^^^^^^^^^
  10 |   cacheLife({ expire: 3600 });
  11 |
  12 |   const [leaderboardData, stat...

Ecmascript file had an error @ http://localhost:3000/_next/static/chunks/0kd0_next_dist_02e_ku3._.js:1945
[  969390ms] [ERROR] ./src/app/components/home-leaderboard.tsx:10:3
To use "use cache", please enable the feature flag `cacheComponents` in your Next.js config.
    
    Read more: https://nextjs.org/docs/canary/app/api-reference/directives/use-cache#usage
   8 |
   9 | export async function HomeLead...
> 10 |   "use cache";
     |   ^^^^^^^^^^^
  11 |   cacheLife({ expire: 3600 });
  12 |
  13 |   // Chamada de API direto no ...

Ecmascript file had an error

Import trace:
  Server Component:
    ./src/app/components/home-leaderboard.tsx
    ./src/app/page.tsx @ http://localhost:3000/_next/static/chunks/0kd0_next_dist_02e_ku3._.js:1945
[  969390ms] [ERROR] ./src/app/leaderboard/page.tsx:9:3
To use "use cache", please enable the feature flag `cacheComponents` in your Next.js config.
    
    Read more: https://nextjs.org/docs/canary/app/api-reference/directives/use-cache#usage
   7 |
   8 | export default async function ...
>  9 |   "use cache";
     |   ^^^^^^^^^^^
  10 |   cacheLife({ expire: 3600 });
  11 |
  12 |   const [leaderboardData, stat...

Ecmascript file had an error @ http://localhost:3000/_next/static/chunks/0kd0_next_dist_02e_ku3._.js:1945
[  969466ms] [ERROR] ./src/app/components/home-leaderboard.tsx:10:3
To use "use cache", please enable the feature flag `cacheComponents` in your Next.js config.
    
    Read more: https://nextjs.org/docs/canary/app/api-reference/directives/use-cache#usage
   8 |
   9 | export async function HomeLead...
> 10 |   "use cache";
     |   ^^^^^^^^^^^
  11 |   cacheLife({ expire: 3600 });
  12 |
  13 |   // Chamada de API direto no ...

Ecmascript file had an error

Import trace:
  Server Component:
    ./src/app/components/home-leaderboard.tsx
    ./src/app/page.tsx @ http://localhost:3000/_next/static/chunks/0kd0_next_dist_02e_ku3._.js:1945
[  969466ms] [ERROR] ./src/app/leaderboard/page.tsx:9:3
To use "use cache", please enable the feature flag `cacheComponents` in your Next.js config.
    
    Read more: https://nextjs.org/docs/canary/app/api-reference/directives/use-cache#usage
   7 |
   8 | export default async function ...
>  9 |   "use cache";
     |   ^^^^^^^^^^^
  10 |   cacheLife({ expire: 3600 });
  11 |
  12 |   const [leaderboardData, stat...

Ecmascript file had an error @ http://localhost:3000/_next/static/chunks/0kd0_next_dist_02e_ku3._.js:1945
[  969562ms] [ERROR] ./src/app/components/home-leaderboard.tsx:10:3
To use "use cache", please enable the feature flag `cacheComponents` in your Next.js config.
    
    Read more: https://nextjs.org/docs/canary/app/api-reference/directives/use-cache#usage
   8 |
   9 | export async function HomeLead...
> 10 |   "use cache";
     |   ^^^^^^^^^^^
  11 |   cacheLife({ expire: 3600 });
  12 |
  13 |   // Chamada de API direto no ...

Ecmascript file had an error

Import trace:
  Server Component:
    ./src/app/components/home-leaderboard.tsx
    ./src/app/page.tsx @ http://localhost:3000/_next/static/chunks/0kd0_next_dist_02e_ku3._.js:1945
[  969562ms] [ERROR] ./src/app/leaderboard/page.tsx:9:3
To use "use cache", please enable the feature flag `cacheComponents` in your Next.js config.
    
    Read more: https://nextjs.org/docs/canary/app/api-reference/directives/use-cache#usage
   7 |
   8 | export default async function ...
>  9 |   "use cache";
     |   ^^^^^^^^^^^
  10 |   cacheLife({ expire: 3600 });
  11 |
  12 |   const [leaderboardData, stat...

Ecmascript file had an error @ http://localhost:3000/_next/static/chunks/0kd0_next_dist_02e_ku3._.js:1945
[  969733ms] [ERROR] ./src/app/components/home-leaderboard.tsx:10:3
To use "use cache", please enable the feature flag `cacheComponents` in your Next.js config.
    
    Read more: https://nextjs.org/docs/canary/app/api-reference/directives/use-cache#usage
   8 |
   9 | export async function HomeLead...
> 10 |   "use cache";
     |   ^^^^^^^^^^^
  11 |   cacheLife({ expire: 3600 });
  12 |
  13 |   // Chamada de API direto no ...

Ecmascript file had an error

Import trace:
  Server Component:
    ./src/app/components/home-leaderboard.tsx
    ./src/app/page.tsx @ http://localhost:3000/_next/static/chunks/0kd0_next_dist_02e_ku3._.js:1945
[  969733ms] [ERROR] ./src/app/leaderboard/page.tsx:9:3
To use "use cache", please enable the feature flag `cacheComponents` in your Next.js config.
    
    Read more: https://nextjs.org/docs/canary/app/api-reference/directives/use-cache#usage
   7 |
   8 | export default async function ...
>  9 |   "use cache";
     |   ^^^^^^^^^^^
  10 |   cacheLife({ expire: 3600 });
  11 |
  12 |   const [leaderboardData, stat...

Ecmascript file had an error @ http://localhost:3000/_next/static/chunks/0kd0_next_dist_02e_ku3._.js:1945
[  969755ms] [ERROR] Failed to load resource: the server responded with a status of 500 (Internal Server Error) @ http://localhost:3000/leaderboard:0
[  969781ms] Error: ./src/app/components/home-leaderboard.tsx:10:3
To use "use cache", please enable the feature flag `cacheComponents` in your Next.js config.
    
    Read more: https://nextjs.org/docs/canary/app/api-reference/directives/use-cache#usage
   8 |
   9 | export async function HomeLead...
> 10 |   "use cache";
     |   ^^^^^^^^^^^
  11 |   cacheLife({ expire: 3600 });
  12 |
  13 |   // Chamada de API direto no ...

Ecmascript file had an error

Import trace:
  Server Component:
    ./src/app/components/home-leaderboard.tsx
    ./src/app/page.tsx


    at <unknown> (Error: ./src/app/components/home-leaderboard.tsx:10:3)
    at Object.getCompilationErrors (file:///Users/luiz_fbm/Documents/Programacao/Dev-roast/node_modules/.pnpm/next@16.2.0_@opentelemetry+api@1.9.0_react-dom@19.2.4_react@19.2.4__react@19.2.4/node_modules/next/dist/server/dev/hot-reloader-turbopack.js:1189:59)
    at DevBundlerService.getCompilationError (file:///Users/luiz_fbm/Documents/Programacao/Dev-roast/node_modules/.pnpm/next@16.2.0_@opentelemetry+api@1.9.0_react-dom@19.2.4_react@19.2.4__react@19.2.4/node_modules/next/dist/server/lib/dev-bundler-service.js:44:55)
    at DevServer.getCompilationError (file:///Users/luiz_fbm/Documents/Programacao/Dev-roast/node_modules/.pnpm/next@16.2.0_@opentelemetry+api@1.9.0_react-dom@19.2.4_react@19.2.4__react@19.2.4/node_modules/next/dist/server/dev/next-dev-server.js:719:42)
    at DevServer.findPageComponents (file:///Users/luiz_fbm/Documents/Programacao/Dev-roast/node_modules/.pnpm/next@16.2.0_@opentelemetry+api@1.9.0_react-dom@19.2.4_react@19.2.4__react@19.2.4/node_modules/next/dist/server/dev/next-dev-server.js:689:43)
    at async DevServer.renderErrorToResponseImpl (file:///Users/luiz_fbm/Documents/Programacao/Dev-roast/node_modules/.pnpm/next@16.2.0_@opentelemetry+api@1.9.0_react-dom@19.2.4_react@19.2.4__react@19.2.4/node_modules/next/dist/server/base-server.js:1745:26)
[  969779ms] [ERROR] ./src/app/components/home-leaderboard.tsx:10:3
To use "use cache", please enable the feature flag `cacheComponents` in your Next.js config.
    
    Read more: https://nextjs.org/docs/canary/app/api-reference/directives/use-cache#usage
   8 |
   9 | export async function HomeLead...
> 10 |   "use cache";
     |   ^^^^^^^^^^^
  11 |   cacheLife({ expire: 3600 });
  12 |
  13 |   // Chamada de API direto no ...

Ecmascript file had an error

Import trace:
  Server Component:
    ./src/app/components/home-leaderboard.tsx
    ./src/app/page.tsx @ http://localhost:3000/_next/static/chunks/0kd0_next_dist_02e_ku3._.js:1945
[  969779ms] [ERROR] ./src/app/leaderboard/page.tsx:9:3
To use "use cache", please enable the feature flag `cacheComponents` in your Next.js config.
    
    Read more: https://nextjs.org/docs/canary/app/api-reference/directives/use-cache#usage
   7 |
   8 | export default async function ...
>  9 |   "use cache";
     |   ^^^^^^^^^^^
  10 |   cacheLife({ expire: 3600 });
  11 |
  12 |   const [leaderboardData, stat...

Ecmascript file had an error @ http://localhost:3000/_next/static/chunks/0kd0_next_dist_02e_ku3._.js:1945
[  969863ms] [ERROR] ./src/app/components/home-leaderboard.tsx:10:3
To use "use cache", please enable the feature flag `cacheComponents` in your Next.js config.
    
    Read more: https://nextjs.org/docs/canary/app/api-reference/directives/use-cache#usage
   8 |
   9 | export async function HomeLead...
> 10 |   "use cache";
     |   ^^^^^^^^^^^
  11 |   cacheLife({ expire: 3600 });
  12 |
  13 |   // Chamada de API direto no ...

Ecmascript file had an error

Import trace:
  Server Component:
    ./src/app/components/home-leaderboard.tsx
    ./src/app/page.tsx @ http://localhost:3000/_next/static/chunks/0kd0_next_dist_02e_ku3._.js:1945
[  969863ms] [ERROR] ./src/app/leaderboard/page.tsx:9:3
To use "use cache", please enable the feature flag `cacheComponents` in your Next.js config.
    
    Read more: https://nextjs.org/docs/canary/app/api-reference/directives/use-cache#usage
   7 |
   8 | export default async function ...
>  9 |   "use cache";
     |   ^^^^^^^^^^^
  10 |   cacheLife({ expire: 3600 });
  11 |
  12 |   const [leaderboardData, stat...

Ecmascript file had an error @ http://localhost:3000/_next/static/chunks/0kd0_next_dist_02e_ku3._.js:1945
[  969908ms] [ERROR] ./src/app/components/home-leaderboard.tsx:10:3
To use "use cache", please enable the feature flag `cacheComponents` in your Next.js config.
    
    Read more: https://nextjs.org/docs/canary/app/api-reference/directives/use-cache#usage
   8 |
   9 | export async function HomeLead...
> 10 |   "use cache";
     |   ^^^^^^^^^^^
  11 |   cacheLife({ expire: 3600 });
  12 |
  13 |   // Chamada de API direto no ...

Ecmascript file had an error

Import trace:
  Server Component:
    ./src/app/components/home-leaderboard.tsx
    ./src/app/page.tsx @ http://localhost:3000/_next/static/chunks/0kd0_next_dist_02e_ku3._.js:1945
[  969908ms] [ERROR] ./src/app/leaderboard/page.tsx:9:3
To use "use cache", please enable the feature flag `cacheComponents` in your Next.js config.
    
    Read more: https://nextjs.org/docs/canary/app/api-reference/directives/use-cache#usage
   7 |
   8 | export default async function ...
>  9 |   "use cache";
     |   ^^^^^^^^^^^
  10 |   cacheLife({ expire: 3600 });
  11 |
  12 |   const [leaderboardData, stat...

Ecmascript file had an error @ http://localhost:3000/_next/static/chunks/0kd0_next_dist_02e_ku3._.js:1945
[  969956ms] [ERROR] ./src/app/components/home-leaderboard.tsx:10:3
To use "use cache", please enable the feature flag `cacheComponents` in your Next.js config.
    
    Read more: https://nextjs.org/docs/canary/app/api-reference/directives/use-cache#usage
   8 |
   9 | export async function HomeLead...
> 10 |   "use cache";
     |   ^^^^^^^^^^^
  11 |   cacheLife({ expire: 3600 });
  12 |
  13 |   // Chamada de API direto no ...

Ecmascript file had an error

Import trace:
  Server Component:
    ./src/app/components/home-leaderboard.tsx
    ./src/app/page.tsx @ http://localhost:3000/_next/static/chunks/0kd0_next_dist_02e_ku3._.js:1945
[  969956ms] [ERROR] ./src/app/leaderboard/page.tsx:9:3
To use "use cache", please enable the feature flag `cacheComponents` in your Next.js config.
    
    Read more: https://nextjs.org/docs/canary/app/api-reference/directives/use-cache#usage
   7 |
   8 | export default async function ...
>  9 |   "use cache";
     |   ^^^^^^^^^^^
  10 |   cacheLife({ expire: 3600 });
  11 |
  12 |   const [leaderboardData, stat...

Ecmascript file had an error @ http://localhost:3000/_next/static/chunks/0kd0_next_dist_02e_ku3._.js:1945
[  970005ms] [ERROR] ./src/app/components/home-leaderboard.tsx:10:3
To use "use cache", please enable the feature flag `cacheComponents` in your Next.js config.
    
    Read more: https://nextjs.org/docs/canary/app/api-reference/directives/use-cache#usage
   8 |
   9 | export async function HomeLead...
> 10 |   "use cache";
     |   ^^^^^^^^^^^
  11 |   cacheLife({ expire: 3600 });
  12 |
  13 |   // Chamada de API direto no ...

Ecmascript file had an error

Import trace:
  Server Component:
    ./src/app/components/home-leaderboard.tsx
    ./src/app/page.tsx @ http://localhost:3000/_next/static/chunks/0kd0_next_dist_02e_ku3._.js:1945
[  970005ms] [ERROR] ./src/app/leaderboard/page.tsx:9:3
To use "use cache", please enable the feature flag `cacheComponents` in your Next.js config.
    
    Read more: https://nextjs.org/docs/canary/app/api-reference/directives/use-cache#usage
   7 |
   8 | export default async function ...
>  9 |   "use cache";
     |   ^^^^^^^^^^^
  10 |   cacheLife({ expire: 3600 });
  11 |
  12 |   const [leaderboardData, stat...

Ecmascript file had an error @ http://localhost:3000/_next/static/chunks/0kd0_next_dist_02e_ku3._.js:1945
[  970054ms] [ERROR] ./src/app/components/home-leaderboard.tsx:10:3
To use "use cache", please enable the feature flag `cacheComponents` in your Next.js config.
    
    Read more: https://nextjs.org/docs/canary/app/api-reference/directives/use-cache#usage
   8 |
   9 | export async function HomeLead...
> 10 |   "use cache";
     |   ^^^^^^^^^^^
  11 |   cacheLife({ expire: 3600 });
  12 |
  13 |   // Chamada de API direto no ...

Ecmascript file had an error

Import trace:
  Server Component:
    ./src/app/components/home-leaderboard.tsx
    ./src/app/page.tsx @ http://localhost:3000/_next/static/chunks/0kd0_next_dist_02e_ku3._.js:1945
[  970054ms] [ERROR] ./src/app/leaderboard/page.tsx:9:3
To use "use cache", please enable the feature flag `cacheComponents` in your Next.js config.
    
    Read more: https://nextjs.org/docs/canary/app/api-reference/directives/use-cache#usage
   7 |
   8 | export default async function ...
>  9 |   "use cache";
     |   ^^^^^^^^^^^
  10 |   cacheLife({ expire: 3600 });
  11 |
  12 |   const [leaderboardData, stat...

Ecmascript file had an error @ http://localhost:3000/_next/static/chunks/0kd0_next_dist_02e_ku3._.js:1945
[  970102ms] [ERROR] ./src/app/components/home-leaderboard.tsx:10:3
To use "use cache", please enable the feature flag `cacheComponents` in your Next.js config.
    
    Read more: https://nextjs.org/docs/canary/app/api-reference/directives/use-cache#usage
   8 |
   9 | export async function HomeLead...
> 10 |   "use cache";
     |   ^^^^^^^^^^^
  11 |   cacheLife({ expire: 3600 });
  12 |
  13 |   // Chamada de API direto no ...

Ecmascript file had an error

Import trace:
  Server Component:
    ./src/app/components/home-leaderboard.tsx
    ./src/app/page.tsx @ http://localhost:3000/_next/static/chunks/0kd0_next_dist_02e_ku3._.js:1945
[  970102ms] [ERROR] ./src/app/leaderboard/page.tsx:9:3
To use "use cache", please enable the feature flag `cacheComponents` in your Next.js config.
    
    Read more: https://nextjs.org/docs/canary/app/api-reference/directives/use-cache#usage
   7 |
   8 | export default async function ...
>  9 |   "use cache";
     |   ^^^^^^^^^^^
  10 |   cacheLife({ expire: 3600 });
  11 |
  12 |   const [leaderboardData, stat...

Ecmascript file had an error @ http://localhost:3000/_next/static/chunks/0kd0_next_dist_02e_ku3._.js:1945
[  970150ms] [ERROR] ./src/app/components/home-leaderboard.tsx:10:3
To use "use cache", please enable the feature flag `cacheComponents` in your Next.js config.
    
    Read more: https://nextjs.org/docs/canary/app/api-reference/directives/use-cache#usage
   8 |
   9 | export async function HomeLead...
> 10 |   "use cache";
     |   ^^^^^^^^^^^
  11 |   cacheLife({ expire: 3600 });
  12 |
  13 |   // Chamada de API direto no ...

Ecmascript file had an error

Import trace:
  Server Component:
    ./src/app/components/home-leaderboard.tsx
    ./src/app/page.tsx @ http://localhost:3000/_next/static/chunks/0kd0_next_dist_02e_ku3._.js:1945
[  970151ms] [ERROR] ./src/app/leaderboard/page.tsx:9:3
To use "use cache", please enable the feature flag `cacheComponents` in your Next.js config.
    
    Read more: https://nextjs.org/docs/canary/app/api-reference/directives/use-cache#usage
   7 |
   8 | export default async function ...
>  9 |   "use cache";
     |   ^^^^^^^^^^^
  10 |   cacheLife({ expire: 3600 });
  11 |
  12 |   const [leaderboardData, stat...

Ecmascript file had an error @ http://localhost:3000/_next/static/chunks/0kd0_next_dist_02e_ku3._.js:1945
[  970199ms] [ERROR] ./src/app/components/home-leaderboard.tsx:10:3
To use "use cache", please enable the feature flag `cacheComponents` in your Next.js config.
    
    Read more: https://nextjs.org/docs/canary/app/api-reference/directives/use-cache#usage
   8 |
   9 | export async function HomeLead...
> 10 |   "use cache";
     |   ^^^^^^^^^^^
  11 |   cacheLife({ expire: 3600 });
  12 |
  13 |   // Chamada de API direto no ...

Ecmascript file had an error

Import trace:
  Server Component:
    ./src/app/components/home-leaderboard.tsx
    ./src/app/page.tsx @ http://localhost:3000/_next/static/chunks/0kd0_next_dist_02e_ku3._.js:1945
[  970199ms] [ERROR] ./src/app/leaderboard/page.tsx:9:3
To use "use cache", please enable the feature flag `cacheComponents` in your Next.js config.
    
    Read more: https://nextjs.org/docs/canary/app/api-reference/directives/use-cache#usage
   7 |
   8 | export default async function ...
>  9 |   "use cache";
     |   ^^^^^^^^^^^
  10 |   cacheLife({ expire: 3600 });
  11 |
  12 |   const [leaderboardData, stat...

Ecmascript file had an error @ http://localhost:3000/_next/static/chunks/0kd0_next_dist_02e_ku3._.js:1945
[  970256ms] [ERROR] ./src/app/components/home-leaderboard.tsx:10:3
To use "use cache", please enable the feature flag `cacheComponents` in your Next.js config.
    
    Read more: https://nextjs.org/docs/canary/app/api-reference/directives/use-cache#usage
   8 |
   9 | export async function HomeLead...
> 10 |   "use cache";
     |   ^^^^^^^^^^^
  11 |   cacheLife({ expire: 3600 });
  12 |
  13 |   // Chamada de API direto no ...

Ecmascript file had an error

Import trace:
  Server Component:
    ./src/app/components/home-leaderboard.tsx
    ./src/app/page.tsx @ http://localhost:3000/_next/static/chunks/0kd0_next_dist_02e_ku3._.js:1945
[  970256ms] [ERROR] ./src/app/leaderboard/page.tsx:9:3
To use "use cache", please enable the feature flag `cacheComponents` in your Next.js config.
    
    Read more: https://nextjs.org/docs/canary/app/api-reference/directives/use-cache#usage
   7 |
   8 | export default async function ...
>  9 |   "use cache";
     |   ^^^^^^^^^^^
  10 |   cacheLife({ expire: 3600 });
  11 |
  12 |   const [leaderboardData, stat...

Ecmascript file had an error @ http://localhost:3000/_next/static/chunks/0kd0_next_dist_02e_ku3._.js:1945
[  970307ms] [ERROR] ./src/app/components/home-leaderboard.tsx:10:3
To use "use cache", please enable the feature flag `cacheComponents` in your Next.js config.
    
    Read more: https://nextjs.org/docs/canary/app/api-reference/directives/use-cache#usage
   8 |
   9 | export async function HomeLead...
> 10 |   "use cache";
     |   ^^^^^^^^^^^
  11 |   cacheLife({ expire: 3600 });
  12 |
  13 |   // Chamada de API direto no ...

Ecmascript file had an error

Import trace:
  Server Component:
    ./src/app/components/home-leaderboard.tsx
    ./src/app/page.tsx @ http://localhost:3000/_next/static/chunks/0kd0_next_dist_02e_ku3._.js:1945
[  970307ms] [ERROR] ./src/app/leaderboard/page.tsx:9:3
To use "use cache", please enable the feature flag `cacheComponents` in your Next.js config.
    
    Read more: https://nextjs.org/docs/canary/app/api-reference/directives/use-cache#usage
   7 |
   8 | export default async function ...
>  9 |   "use cache";
     |   ^^^^^^^^^^^
  10 |   cacheLife({ expire: 3600 });
  11 |
  12 |   const [leaderboardData, stat...

Ecmascript file had an error @ http://localhost:3000/_next/static/chunks/0kd0_next_dist_02e_ku3._.js:1945
[  970349ms] [ERROR] ./src/app/components/home-leaderboard.tsx:10:3
To use "use cache", please enable the feature flag `cacheComponents` in your Next.js config.
    
    Read more: https://nextjs.org/docs/canary/app/api-reference/directives/use-cache#usage
   8 |
   9 | export async function HomeLead...
> 10 |   "use cache";
     |   ^^^^^^^^^^^
  11 |   cacheLife({ expire: 3600 });
  12 |
  13 |   // Chamada de API direto no ...

Ecmascript file had an error

Import trace:
  Server Component:
    ./src/app/components/home-leaderboard.tsx
    ./src/app/page.tsx @ http://localhost:3000/_next/static/chunks/0kd0_next_dist_02e_ku3._.js:1945
[  970349ms] [ERROR] ./src/app/leaderboard/page.tsx:9:3
To use "use cache", please enable the feature flag `cacheComponents` in your Next.js config.
    
    Read more: https://nextjs.org/docs/canary/app/api-reference/directives/use-cache#usage
   7 |
   8 | export default async function ...
>  9 |   "use cache";
     |   ^^^^^^^^^^^
  10 |   cacheLife({ expire: 3600 });
  11 |
  12 |   const [leaderboardData, stat...

Ecmascript file had an error @ http://localhost:3000/_next/static/chunks/0kd0_next_dist_02e_ku3._.js:1945
[  970391ms] [ERROR] ./src/app/components/home-leaderboard.tsx:10:3
To use "use cache", please enable the feature flag `cacheComponents` in your Next.js config.
    
    Read more: https://nextjs.org/docs/canary/app/api-reference/directives/use-cache#usage
   8 |
   9 | export async function HomeLead...
> 10 |   "use cache";
     |   ^^^^^^^^^^^
  11 |   cacheLife({ expire: 3600 });
  12 |
  13 |   // Chamada de API direto no ...

Ecmascript file had an error

Import trace:
  Server Component:
    ./src/app/components/home-leaderboard.tsx
    ./src/app/page.tsx @ http://localhost:3000/_next/static/chunks/0kd0_next_dist_02e_ku3._.js:1945
[  970391ms] [ERROR] ./src/app/leaderboard/page.tsx:9:3
To use "use cache", please enable the feature flag `cacheComponents` in your Next.js config.
    
    Read more: https://nextjs.org/docs/canary/app/api-reference/directives/use-cache#usage
   7 |
   8 | export default async function ...
>  9 |   "use cache";
     |   ^^^^^^^^^^^
  10 |   cacheLife({ expire: 3600 });
  11 |
  12 |   const [leaderboardData, stat...

Ecmascript file had an error @ http://localhost:3000/_next/static/chunks/0kd0_next_dist_02e_ku3._.js:1945
[  970430ms] [ERROR] ./src/app/components/home-leaderboard.tsx:10:3
To use "use cache", please enable the feature flag `cacheComponents` in your Next.js config.
    
    Read more: https://nextjs.org/docs/canary/app/api-reference/directives/use-cache#usage
   8 |
   9 | export async function HomeLead...
> 10 |   "use cache";
     |   ^^^^^^^^^^^
  11 |   cacheLife({ expire: 3600 });
  12 |
  13 |   // Chamada de API direto no ...

Ecmascript file had an error

Import trace:
  Server Component:
    ./src/app/components/home-leaderboard.tsx
    ./src/app/page.tsx @ http://localhost:3000/_next/static/chunks/0kd0_next_dist_02e_ku3._.js:1945
[  970430ms] [ERROR] ./src/app/leaderboard/page.tsx:9:3
To use "use cache", please enable the feature flag `cacheComponents` in your Next.js config.
    
    Read more: https://nextjs.org/docs/canary/app/api-reference/directives/use-cache#usage
   7 |
   8 | export default async function ...
>  9 |   "use cache";
     |   ^^^^^^^^^^^
  10 |   cacheLife({ expire: 3600 });
  11 |
  12 |   const [leaderboardData, stat...

Ecmascript file had an error @ http://localhost:3000/_next/static/chunks/0kd0_next_dist_02e_ku3._.js:1945
[  970480ms] [ERROR] ./src/app/components/home-leaderboard.tsx:10:3
To use "use cache", please enable the feature flag `cacheComponents` in your Next.js config.
    
    Read more: https://nextjs.org/docs/canary/app/api-reference/directives/use-cache#usage
   8 |
   9 | export async function HomeLead...
> 10 |   "use cache";
     |   ^^^^^^^^^^^
  11 |   cacheLife({ expire: 3600 });
  12 |
  13 |   // Chamada de API direto no ...

Ecmascript file had an error

Import trace:
  Server Component:
    ./src/app/components/home-leaderboard.tsx
    ./src/app/page.tsx @ http://localhost:3000/_next/static/chunks/0kd0_next_dist_02e_ku3._.js:1945
[  970480ms] [ERROR] ./src/app/leaderboard/page.tsx:9:3
To use "use cache", please enable the feature flag `cacheComponents` in your Next.js config.
    
    Read more: https://nextjs.org/docs/canary/app/api-reference/directives/use-cache#usage
   7 |
   8 | export default async function ...
>  9 |   "use cache";
     |   ^^^^^^^^^^^
  10 |   cacheLife({ expire: 3600 });
  11 |
  12 |   const [leaderboardData, stat...

Ecmascript file had an error @ http://localhost:3000/_next/static/chunks/0kd0_next_dist_02e_ku3._.js:1945
[  970530ms] [ERROR] ./src/app/components/home-leaderboard.tsx:10:3
To use "use cache", please enable the feature flag `cacheComponents` in your Next.js config.
    
    Read more: https://nextjs.org/docs/canary/app/api-reference/directives/use-cache#usage
   8 |
   9 | export async function HomeLead...
> 10 |   "use cache";
     |   ^^^^^^^^^^^
  11 |   cacheLife({ expire: 3600 });
  12 |
  13 |   // Chamada de API direto no ...

Ecmascript file had an error

Import trace:
  Server Component:
    ./src/app/components/home-leaderboard.tsx
    ./src/app/page.tsx @ http://localhost:3000/_next/static/chunks/0kd0_next_dist_02e_ku3._.js:1945
[  970530ms] [ERROR] ./src/app/leaderboard/page.tsx:9:3
To use "use cache", please enable the feature flag `cacheComponents` in your Next.js config.
    
    Read more: https://nextjs.org/docs/canary/app/api-reference/directives/use-cache#usage
   7 |
   8 | export default async function ...
>  9 |   "use cache";
     |   ^^^^^^^^^^^
  10 |   cacheLife({ expire: 3600 });
  11 |
  12 |   const [leaderboardData, stat...

Ecmascript file had an error @ http://localhost:3000/_next/static/chunks/0kd0_next_dist_02e_ku3._.js:1945
[  970582ms] [ERROR] ./src/app/components/home-leaderboard.tsx:10:3
To use "use cache", please enable the feature flag `cacheComponents` in your Next.js config.
    
    Read more: https://nextjs.org/docs/canary/app/api-reference/directives/use-cache#usage
   8 |
   9 | export async function HomeLead...
> 10 |   "use cache";
     |   ^^^^^^^^^^^
  11 |   cacheLife({ expire: 3600 });
  12 |
  13 |   // Chamada de API direto no ...

Ecmascript file had an error

Import trace:
  Server Component:
    ./src/app/components/home-leaderboard.tsx
    ./src/app/page.tsx @ http://localhost:3000/_next/static/chunks/0kd0_next_dist_02e_ku3._.js:1945
[  970582ms] [ERROR] ./src/app/leaderboard/page.tsx:9:3
To use "use cache", please enable the feature flag `cacheComponents` in your Next.js config.
    
    Read more: https://nextjs.org/docs/canary/app/api-reference/directives/use-cache#usage
   7 |
   8 | export default async function ...
>  9 |   "use cache";
     |   ^^^^^^^^^^^
  10 |   cacheLife({ expire: 3600 });
  11 |
  12 |   const [leaderboardData, stat...

Ecmascript file had an error @ http://localhost:3000/_next/static/chunks/0kd0_next_dist_02e_ku3._.js:1945
[  970633ms] [ERROR] ./src/app/components/home-leaderboard.tsx:10:3
To use "use cache", please enable the feature flag `cacheComponents` in your Next.js config.
    
    Read more: https://nextjs.org/docs/canary/app/api-reference/directives/use-cache#usage
   8 |
   9 | export async function HomeLead...
> 10 |   "use cache";
     |   ^^^^^^^^^^^
  11 |   cacheLife({ expire: 3600 });
  12 |
  13 |   // Chamada de API direto no ...

Ecmascript file had an error

Import trace:
  Server Component:
    ./src/app/components/home-leaderboard.tsx
    ./src/app/page.tsx @ http://localhost:3000/_next/static/chunks/0kd0_next_dist_02e_ku3._.js:1945
[  970633ms] [ERROR] ./src/app/leaderboard/page.tsx:9:3
To use "use cache", please enable the feature flag `cacheComponents` in your Next.js config.
    
    Read more: https://nextjs.org/docs/canary/app/api-reference/directives/use-cache#usage
   7 |
   8 | export default async function ...
>  9 |   "use cache";
     |   ^^^^^^^^^^^
  10 |   cacheLife({ expire: 3600 });
  11 |
  12 |   const [leaderboardData, stat...

Ecmascript file had an error @ http://localhost:3000/_next/static/chunks/0kd0_next_dist_02e_ku3._.js:1945
[  970685ms] [ERROR] ./src/app/components/home-leaderboard.tsx:10:3
To use "use cache", please enable the feature flag `cacheComponents` in your Next.js config.
    
    Read more: https://nextjs.org/docs/canary/app/api-reference/directives/use-cache#usage
   8 |
   9 | export async function HomeLead...
> 10 |   "use cache";
     |   ^^^^^^^^^^^
  11 |   cacheLife({ expire: 3600 });
  12 |
  13 |   // Chamada de API direto no ...

Ecmascript file had an error

Import trace:
  Server Component:
    ./src/app/components/home-leaderboard.tsx
    ./src/app/page.tsx @ http://localhost:3000/_next/static/chunks/0kd0_next_dist_02e_ku3._.js:1945
[  970685ms] [ERROR] ./src/app/leaderboard/page.tsx:9:3
To use "use cache", please enable the feature flag `cacheComponents` in your Next.js config.
    
    Read more: https://nextjs.org/docs/canary/app/api-reference/directives/use-cache#usage
   7 |
   8 | export default async function ...
>  9 |   "use cache";
     |   ^^^^^^^^^^^
  10 |   cacheLife({ expire: 3600 });
  11 |
  12 |   const [leaderboardData, stat...

Ecmascript file had an error @ http://localhost:3000/_next/static/chunks/0kd0_next_dist_02e_ku3._.js:1945
[  970736ms] [ERROR] ./src/app/components/home-leaderboard.tsx:10:3
To use "use cache", please enable the feature flag `cacheComponents` in your Next.js config.
    
    Read more: https://nextjs.org/docs/canary/app/api-reference/directives/use-cache#usage
   8 |
   9 | export async function HomeLead...
> 10 |   "use cache";
     |   ^^^^^^^^^^^
  11 |   cacheLife({ expire: 3600 });
  12 |
  13 |   // Chamada de API direto no ...

Ecmascript file had an error

Import trace:
  Server Component:
    ./src/app/components/home-leaderboard.tsx
    ./src/app/page.tsx @ http://localhost:3000/_next/static/chunks/0kd0_next_dist_02e_ku3._.js:1945
[  970736ms] [ERROR] ./src/app/leaderboard/page.tsx:9:3
To use "use cache", please enable the feature flag `cacheComponents` in your Next.js config.
    
    Read more: https://nextjs.org/docs/canary/app/api-reference/directives/use-cache#usage
   7 |
   8 | export default async function ...
>  9 |   "use cache";
     |   ^^^^^^^^^^^
  10 |   cacheLife({ expire: 3600 });
  11 |
  12 |   const [leaderboardData, stat...

Ecmascript file had an error @ http://localhost:3000/_next/static/chunks/0kd0_next_dist_02e_ku3._.js:1945
[  970786ms] [ERROR] ./src/app/components/home-leaderboard.tsx:10:3
To use "use cache", please enable the feature flag `cacheComponents` in your Next.js config.
    
    Read more: https://nextjs.org/docs/canary/app/api-reference/directives/use-cache#usage
   8 |
   9 | export async function HomeLead...
> 10 |   "use cache";
     |   ^^^^^^^^^^^
  11 |   cacheLife({ expire: 3600 });
  12 |
  13 |   // Chamada de API direto no ...

Ecmascript file had an error

Import trace:
  Server Component:
    ./src/app/components/home-leaderboard.tsx
    ./src/app/page.tsx @ http://localhost:3000/_next/static/chunks/0kd0_next_dist_02e_ku3._.js:1945
[  970786ms] [ERROR] ./src/app/leaderboard/page.tsx:9:3
To use "use cache", please enable the feature flag `cacheComponents` in your Next.js config.
    
    Read more: https://nextjs.org/docs/canary/app/api-reference/directives/use-cache#usage
   7 |
   8 | export default async function ...
>  9 |   "use cache";
     |   ^^^^^^^^^^^
  10 |   cacheLife({ expire: 3600 });
  11 |
  12 |   const [leaderboardData, stat...

Ecmascript file had an error @ http://localhost:3000/_next/static/chunks/0kd0_next_dist_02e_ku3._.js:1945
[  970837ms] [ERROR] ./src/app/components/home-leaderboard.tsx:10:3
To use "use cache", please enable the feature flag `cacheComponents` in your Next.js config.
    
    Read more: https://nextjs.org/docs/canary/app/api-reference/directives/use-cache#usage
   8 |
   9 | export async function HomeLead...
> 10 |   "use cache";
     |   ^^^^^^^^^^^
  11 |   cacheLife({ expire: 3600 });
  12 |
  13 |   // Chamada de API direto no ...

Ecmascript file had an error

Import trace:
  Server Component:
    ./src/app/components/home-leaderboard.tsx
    ./src/app/page.tsx @ http://localhost:3000/_next/static/chunks/0kd0_next_dist_02e_ku3._.js:1945
[  970837ms] [ERROR] ./src/app/leaderboard/page.tsx:9:3
To use "use cache", please enable the feature flag `cacheComponents` in your Next.js config.
    
    Read more: https://nextjs.org/docs/canary/app/api-reference/directives/use-cache#usage
   7 |
   8 | export default async function ...
>  9 |   "use cache";
     |   ^^^^^^^^^^^
  10 |   cacheLife({ expire: 3600 });
  11 |
  12 |   const [leaderboardData, stat...

Ecmascript file had an error @ http://localhost:3000/_next/static/chunks/0kd0_next_dist_02e_ku3._.js:1945
[  970890ms] [ERROR] ./src/app/components/home-leaderboard.tsx:10:3
To use "use cache", please enable the feature flag `cacheComponents` in your Next.js config.
    
    Read more: https://nextjs.org/docs/canary/app/api-reference/directives/use-cache#usage
   8 |
   9 | export async function HomeLead...
> 10 |   "use cache";
     |   ^^^^^^^^^^^
  11 |   cacheLife({ expire: 3600 });
  12 |
  13 |   // Chamada de API direto no ...

Ecmascript file had an error

Import trace:
  Server Component:
    ./src/app/components/home-leaderboard.tsx
    ./src/app/page.tsx @ http://localhost:3000/_next/static/chunks/0kd0_next_dist_02e_ku3._.js:1945
[  970890ms] [ERROR] ./src/app/leaderboard/page.tsx:9:3
To use "use cache", please enable the feature flag `cacheComponents` in your Next.js config.
    
    Read more: https://nextjs.org/docs/canary/app/api-reference/directives/use-cache#usage
   7 |
   8 | export default async function ...
>  9 |   "use cache";
     |   ^^^^^^^^^^^
  10 |   cacheLife({ expire: 3600 });
  11 |
  12 |   const [leaderboardData, stat...

Ecmascript file had an error @ http://localhost:3000/_next/static/chunks/0kd0_next_dist_02e_ku3._.js:1945
[  970940ms] [ERROR] ./src/app/components/home-leaderboard.tsx:10:3
To use "use cache", please enable the feature flag `cacheComponents` in your Next.js config.
    
    Read more: https://nextjs.org/docs/canary/app/api-reference/directives/use-cache#usage
   8 |
   9 | export async function HomeLead...
> 10 |   "use cache";
     |   ^^^^^^^^^^^
  11 |   cacheLife({ expire: 3600 });
  12 |
  13 |   // Chamada de API direto no ...

Ecmascript file had an error

Import trace:
  Server Component:
    ./src/app/components/home-leaderboard.tsx
    ./src/app/page.tsx @ http://localhost:3000/_next/static/chunks/0kd0_next_dist_02e_ku3._.js:1945
[  970940ms] [ERROR] ./src/app/leaderboard/page.tsx:9:3
To use "use cache", please enable the feature flag `cacheComponents` in your Next.js config.
    
    Read more: https://nextjs.org/docs/canary/app/api-reference/directives/use-cache#usage
   7 |
   8 | export default async function ...
>  9 |   "use cache";
     |   ^^^^^^^^^^^
  10 |   cacheLife({ expire: 3600 });
  11 |
  12 |   const [leaderboardData, stat...

Ecmascript file had an error @ http://localhost:3000/_next/static/chunks/0kd0_next_dist_02e_ku3._.js:1945
[  970990ms] [ERROR] ./src/app/components/home-leaderboard.tsx:10:3
To use "use cache", please enable the feature flag `cacheComponents` in your Next.js config.
    
    Read more: https://nextjs.org/docs/canary/app/api-reference/directives/use-cache#usage
   8 |
   9 | export async function HomeLead...
> 10 |   "use cache";
     |   ^^^^^^^^^^^
  11 |   cacheLife({ expire: 3600 });
  12 |
  13 |   // Chamada de API direto no ...

Ecmascript file had an error

Import trace:
  Server Component:
    ./src/app/components/home-leaderboard.tsx
    ./src/app/page.tsx @ http://localhost:3000/_next/static/chunks/0kd0_next_dist_02e_ku3._.js:1945
[  970990ms] [ERROR] ./src/app/leaderboard/page.tsx:9:3
To use "use cache", please enable the feature flag `cacheComponents` in your Next.js config.
    
    Read more: https://nextjs.org/docs/canary/app/api-reference/directives/use-cache#usage
   7 |
   8 | export default async function ...
>  9 |   "use cache";
     |   ^^^^^^^^^^^
  10 |   cacheLife({ expire: 3600 });
  11 |
  12 |   const [leaderboardData, stat...

Ecmascript file had an error @ http://localhost:3000/_next/static/chunks/0kd0_next_dist_02e_ku3._.js:1945
[  971041ms] [ERROR] ./src/app/components/home-leaderboard.tsx:10:3
To use "use cache", please enable the feature flag `cacheComponents` in your Next.js config.
    
    Read more: https://nextjs.org/docs/canary/app/api-reference/directives/use-cache#usage
   8 |
   9 | export async function HomeLead...
> 10 |   "use cache";
     |   ^^^^^^^^^^^
  11 |   cacheLife({ expire: 3600 });
  12 |
  13 |   // Chamada de API direto no ...

Ecmascript file had an error

Import trace:
  Server Component:
    ./src/app/components/home-leaderboard.tsx
    ./src/app/page.tsx @ http://localhost:3000/_next/static/chunks/0kd0_next_dist_02e_ku3._.js:1945
[  971041ms] [ERROR] ./src/app/leaderboard/page.tsx:9:3
To use "use cache", please enable the feature flag `cacheComponents` in your Next.js config.
    
    Read more: https://nextjs.org/docs/canary/app/api-reference/directives/use-cache#usage
   7 |
   8 | export default async function ...
>  9 |   "use cache";
     |   ^^^^^^^^^^^
  10 |   cacheLife({ expire: 3600 });
  11 |
  12 |   const [leaderboardData, stat...

Ecmascript file had an error @ http://localhost:3000/_next/static/chunks/0kd0_next_dist_02e_ku3._.js:1945
[  971093ms] [ERROR] ./src/app/components/home-leaderboard.tsx:10:3
To use "use cache", please enable the feature flag `cacheComponents` in your Next.js config.
    
    Read more: https://nextjs.org/docs/canary/app/api-reference/directives/use-cache#usage
   8 |
   9 | export async function HomeLead...
> 10 |   "use cache";
     |   ^^^^^^^^^^^
  11 |   cacheLife({ expire: 3600 });
  12 |
  13 |   // Chamada de API direto no ...

Ecmascript file had an error

Import trace:
  Server Component:
    ./src/app/components/home-leaderboard.tsx
    ./src/app/page.tsx @ http://localhost:3000/_next/static/chunks/0kd0_next_dist_02e_ku3._.js:1945
[  971093ms] [ERROR] ./src/app/leaderboard/page.tsx:9:3
To use "use cache", please enable the feature flag `cacheComponents` in your Next.js config.
    
    Read more: https://nextjs.org/docs/canary/app/api-reference/directives/use-cache#usage
   7 |
   8 | export default async function ...
>  9 |   "use cache";
     |   ^^^^^^^^^^^
  10 |   cacheLife({ expire: 3600 });
  11 |
  12 |   const [leaderboardData, stat...

Ecmascript file had an error @ http://localhost:3000/_next/static/chunks/0kd0_next_dist_02e_ku3._.js:1945
[  971143ms] [ERROR] ./src/app/components/home-leaderboard.tsx:10:3
To use "use cache", please enable the feature flag `cacheComponents` in your Next.js config.
    
    Read more: https://nextjs.org/docs/canary/app/api-reference/directives/use-cache#usage
   8 |
   9 | export async function HomeLead...
> 10 |   "use cache";
     |   ^^^^^^^^^^^
  11 |   cacheLife({ expire: 3600 });
  12 |
  13 |   // Chamada de API direto no ...

Ecmascript file had an error

Import trace:
  Server Component:
    ./src/app/components/home-leaderboard.tsx
    ./src/app/page.tsx @ http://localhost:3000/_next/static/chunks/0kd0_next_dist_02e_ku3._.js:1945
[  971143ms] [ERROR] ./src/app/leaderboard/page.tsx:9:3
To use "use cache", please enable the feature flag `cacheComponents` in your Next.js config.
    
    Read more: https://nextjs.org/docs/canary/app/api-reference/directives/use-cache#usage
   7 |
   8 | export default async function ...
>  9 |   "use cache";
     |   ^^^^^^^^^^^
  10 |   cacheLife({ expire: 3600 });
  11 |
  12 |   const [leaderboardData, stat...

Ecmascript file had an error @ http://localhost:3000/_next/static/chunks/0kd0_next_dist_02e_ku3._.js:1945
[  971191ms] [ERROR] ./src/app/components/home-leaderboard.tsx:10:3
To use "use cache", please enable the feature flag `cacheComponents` in your Next.js config.
    
    Read more: https://nextjs.org/docs/canary/app/api-reference/directives/use-cache#usage
   8 |
   9 | export async function HomeLead...
> 10 |   "use cache";
     |   ^^^^^^^^^^^
  11 |   cacheLife({ expire: 3600 });
  12 |
  13 |   // Chamada de API direto no ...

Ecmascript file had an error

Import trace:
  Server Component:
    ./src/app/components/home-leaderboard.tsx
    ./src/app/page.tsx @ http://localhost:3000/_next/static/chunks/0kd0_next_dist_02e_ku3._.js:1945
[  971191ms] [ERROR] ./src/app/leaderboard/page.tsx:9:3
To use "use cache", please enable the feature flag `cacheComponents` in your Next.js config.
    
    Read more: https://nextjs.org/docs/canary/app/api-reference/directives/use-cache#usage
   7 |
   8 | export default async function ...
>  9 |   "use cache";
     |   ^^^^^^^^^^^
  10 |   cacheLife({ expire: 3600 });
  11 |
  12 |   const [leaderboardData, stat...

Ecmascript file had an error @ http://localhost:3000/_next/static/chunks/0kd0_next_dist_02e_ku3._.js:1945
[  971238ms] [ERROR] ./src/app/components/home-leaderboard.tsx:10:3
To use "use cache", please enable the feature flag `cacheComponents` in your Next.js config.
    
    Read more: https://nextjs.org/docs/canary/app/api-reference/directives/use-cache#usage
   8 |
   9 | export async function HomeLead...
> 10 |   "use cache";
     |   ^^^^^^^^^^^
  11 |   cacheLife({ expire: 3600 });
  12 |
  13 |   // Chamada de API direto no ...

Ecmascript file had an error

Import trace:
  Server Component:
    ./src/app/components/home-leaderboard.tsx
    ./src/app/page.tsx @ http://localhost:3000/_next/static/chunks/0kd0_next_dist_02e_ku3._.js:1945
[  971239ms] [ERROR] ./src/app/leaderboard/page.tsx:9:3
To use "use cache", please enable the feature flag `cacheComponents` in your Next.js config.
    
    Read more: https://nextjs.org/docs/canary/app/api-reference/directives/use-cache#usage
   7 |
   8 | export default async function ...
>  9 |   "use cache";
     |   ^^^^^^^^^^^
  10 |   cacheLife({ expire: 3600 });
  11 |
  12 |   const [leaderboardData, stat...

Ecmascript file had an error @ http://localhost:3000/_next/static/chunks/0kd0_next_dist_02e_ku3._.js:1945
[  971289ms] [ERROR] ./src/app/components/home-leaderboard.tsx:10:3
To use "use cache", please enable the feature flag `cacheComponents` in your Next.js config.
    
    Read more: https://nextjs.org/docs/canary/app/api-reference/directives/use-cache#usage
   8 |
   9 | export async function HomeLead...
> 10 |   "use cache";
     |   ^^^^^^^^^^^
  11 |   cacheLife({ expire: 3600 });
  12 |
  13 |   // Chamada de API direto no ...

Ecmascript file had an error

Import trace:
  Server Component:
    ./src/app/components/home-leaderboard.tsx
    ./src/app/page.tsx @ http://localhost:3000/_next/static/chunks/0kd0_next_dist_02e_ku3._.js:1945
[  971289ms] [ERROR] ./src/app/leaderboard/page.tsx:9:3
To use "use cache", please enable the feature flag `cacheComponents` in your Next.js config.
    
    Read more: https://nextjs.org/docs/canary/app/api-reference/directives/use-cache#usage
   7 |
   8 | export default async function ...
>  9 |   "use cache";
     |   ^^^^^^^^^^^
  10 |   cacheLife({ expire: 3600 });
  11 |
  12 |   const [leaderboardData, stat...

Ecmascript file had an error @ http://localhost:3000/_next/static/chunks/0kd0_next_dist_02e_ku3._.js:1945
[  971340ms] [ERROR] ./src/app/components/home-leaderboard.tsx:10:3
To use "use cache", please enable the feature flag `cacheComponents` in your Next.js config.
    
    Read more: https://nextjs.org/docs/canary/app/api-reference/directives/use-cache#usage
   8 |
   9 | export async function HomeLead...
> 10 |   "use cache";
     |   ^^^^^^^^^^^
  11 |   cacheLife({ expire: 3600 });
  12 |
  13 |   // Chamada de API direto no ...

Ecmascript file had an error

Import trace:
  Server Component:
    ./src/app/components/home-leaderboard.tsx
    ./src/app/page.tsx @ http://localhost:3000/_next/static/chunks/0kd0_next_dist_02e_ku3._.js:1945
[  971340ms] [ERROR] ./src/app/leaderboard/page.tsx:9:3
To use "use cache", please enable the feature flag `cacheComponents` in your Next.js config.
    
    Read more: https://nextjs.org/docs/canary/app/api-reference/directives/use-cache#usage
   7 |
   8 | export default async function ...
>  9 |   "use cache";
     |   ^^^^^^^^^^^
  10 |   cacheLife({ expire: 3600 });
  11 |
  12 |   const [leaderboardData, stat...

Ecmascript file had an error @ http://localhost:3000/_next/static/chunks/0kd0_next_dist_02e_ku3._.js:1945
[  971389ms] [ERROR] ./src/app/components/home-leaderboard.tsx:10:3
To use "use cache", please enable the feature flag `cacheComponents` in your Next.js config.
    
    Read more: https://nextjs.org/docs/canary/app/api-reference/directives/use-cache#usage
   8 |
   9 | export async function HomeLead...
> 10 |   "use cache";
     |   ^^^^^^^^^^^
  11 |   cacheLife({ expire: 3600 });
  12 |
  13 |   // Chamada de API direto no ...

Ecmascript file had an error

Import trace:
  Server Component:
    ./src/app/components/home-leaderboard.tsx
    ./src/app/page.tsx @ http://localhost:3000/_next/static/chunks/0kd0_next_dist_02e_ku3._.js:1945
[  971389ms] [ERROR] ./src/app/leaderboard/page.tsx:9:3
To use "use cache", please enable the feature flag `cacheComponents` in your Next.js config.
    
    Read more: https://nextjs.org/docs/canary/app/api-reference/directives/use-cache#usage
   7 |
   8 | export default async function ...
>  9 |   "use cache";
     |   ^^^^^^^^^^^
  10 |   cacheLife({ expire: 3600 });
  11 |
  12 |   const [leaderboardData, stat...

Ecmascript file had an error @ http://localhost:3000/_next/static/chunks/0kd0_next_dist_02e_ku3._.js:1945
[  971439ms] [ERROR] ./src/app/components/home-leaderboard.tsx:10:3
To use "use cache", please enable the feature flag `cacheComponents` in your Next.js config.
    
    Read more: https://nextjs.org/docs/canary/app/api-reference/directives/use-cache#usage
   8 |
   9 | export async function HomeLead...
> 10 |   "use cache";
     |   ^^^^^^^^^^^
  11 |   cacheLife({ expire: 3600 });
  12 |
  13 |   // Chamada de API direto no ...

Ecmascript file had an error

Import trace:
  Server Component:
    ./src/app/components/home-leaderboard.tsx
    ./src/app/page.tsx @ http://localhost:3000/_next/static/chunks/0kd0_next_dist_02e_ku3._.js:1945
[  971439ms] [ERROR] ./src/app/leaderboard/page.tsx:9:3
To use "use cache", please enable the feature flag `cacheComponents` in your Next.js config.
    
    Read more: https://nextjs.org/docs/canary/app/api-reference/directives/use-cache#usage
   7 |
   8 | export default async function ...
>  9 |   "use cache";
     |   ^^^^^^^^^^^
  10 |   cacheLife({ expire: 3600 });
  11 |
  12 |   const [leaderboardData, stat...

Ecmascript file had an error @ http://localhost:3000/_next/static/chunks/0kd0_next_dist_02e_ku3._.js:1945
[  971481ms] [ERROR] ./src/app/components/home-leaderboard.tsx:10:3
To use "use cache", please enable the feature flag `cacheComponents` in your Next.js config.
    
    Read more: https://nextjs.org/docs/canary/app/api-reference/directives/use-cache#usage
   8 |
   9 | export async function HomeLead...
> 10 |   "use cache";
     |   ^^^^^^^^^^^
  11 |   cacheLife({ expire: 3600 });
  12 |
  13 |   // Chamada de API direto no ...

Ecmascript file had an error

Import trace:
  Server Component:
    ./src/app/components/home-leaderboard.tsx
    ./src/app/page.tsx @ http://localhost:3000/_next/static/chunks/0kd0_next_dist_02e_ku3._.js:1945
[  971481ms] [ERROR] ./src/app/leaderboard/page.tsx:9:3
To use "use cache", please enable the feature flag `cacheComponents` in your Next.js config.
    
    Read more: https://nextjs.org/docs/canary/app/api-reference/directives/use-cache#usage
   7 |
   8 | export default async function ...
>  9 |   "use cache";
     |   ^^^^^^^^^^^
  10 |   cacheLife({ expire: 3600 });
  11 |
  12 |   const [leaderboardData, stat...

Ecmascript file had an error @ http://localhost:3000/_next/static/chunks/0kd0_next_dist_02e_ku3._.js:1945
[  971531ms] [ERROR] ./src/app/components/home-leaderboard.tsx:10:3
To use "use cache", please enable the feature flag `cacheComponents` in your Next.js config.
    
    Read more: https://nextjs.org/docs/canary/app/api-reference/directives/use-cache#usage
   8 |
   9 | export async function HomeLead...
> 10 |   "use cache";
     |   ^^^^^^^^^^^
  11 |   cacheLife({ expire: 3600 });
  12 |
  13 |   // Chamada de API direto no ...

Ecmascript file had an error

Import trace:
  Server Component:
    ./src/app/components/home-leaderboard.tsx
    ./src/app/page.tsx @ http://localhost:3000/_next/static/chunks/0kd0_next_dist_02e_ku3._.js:1945
[  971531ms] [ERROR] ./src/app/leaderboard/page.tsx:9:3
To use "use cache", please enable the feature flag `cacheComponents` in your Next.js config.
    
    Read more: https://nextjs.org/docs/canary/app/api-reference/directives/use-cache#usage
   7 |
   8 | export default async function ...
>  9 |   "use cache";
     |   ^^^^^^^^^^^
  10 |   cacheLife({ expire: 3600 });
  11 |
  12 |   const [leaderboardData, stat...

Ecmascript file had an error @ http://localhost:3000/_next/static/chunks/0kd0_next_dist_02e_ku3._.js:1945
[  971580ms] [ERROR] ./src/app/components/home-leaderboard.tsx:10:3
To use "use cache", please enable the feature flag `cacheComponents` in your Next.js config.
    
    Read more: https://nextjs.org/docs/canary/app/api-reference/directives/use-cache#usage
   8 |
   9 | export async function HomeLead...
> 10 |   "use cache";
     |   ^^^^^^^^^^^
  11 |   cacheLife({ expire: 3600 });
  12 |
  13 |   // Chamada de API direto no ...

Ecmascript file had an error

Import trace:
  Server Component:
    ./src/app/components/home-leaderboard.tsx
    ./src/app/page.tsx @ http://localhost:3000/_next/static/chunks/0kd0_next_dist_02e_ku3._.js:1945
[  971580ms] [ERROR] ./src/app/leaderboard/page.tsx:9:3
To use "use cache", please enable the feature flag `cacheComponents` in your Next.js config.
    
    Read more: https://nextjs.org/docs/canary/app/api-reference/directives/use-cache#usage
   7 |
   8 | export default async function ...
>  9 |   "use cache";
     |   ^^^^^^^^^^^
  10 |   cacheLife({ expire: 3600 });
  11 |
  12 |   const [leaderboardData, stat...

Ecmascript file had an error @ http://localhost:3000/_next/static/chunks/0kd0_next_dist_02e_ku3._.js:1945
[  971633ms] [ERROR] ./src/app/components/home-leaderboard.tsx:10:3
To use "use cache", please enable the feature flag `cacheComponents` in your Next.js config.
    
    Read more: https://nextjs.org/docs/canary/app/api-reference/directives/use-cache#usage
   8 |
   9 | export async function HomeLead...
> 10 |   "use cache";
     |   ^^^^^^^^^^^
  11 |   cacheLife({ expire: 3600 });
  12 |
  13 |   // Chamada de API direto no ...

Ecmascript file had an error

Import trace:
  Server Component:
    ./src/app/components/home-leaderboard.tsx
    ./src/app/page.tsx @ http://localhost:3000/_next/static/chunks/0kd0_next_dist_02e_ku3._.js:1945
[  971633ms] [ERROR] ./src/app/leaderboard/page.tsx:9:3
To use "use cache", please enable the feature flag `cacheComponents` in your Next.js config.
    
    Read more: https://nextjs.org/docs/canary/app/api-reference/directives/use-cache#usage
   7 |
   8 | export default async function ...
>  9 |   "use cache";
     |   ^^^^^^^^^^^
  10 |   cacheLife({ expire: 3600 });
  11 |
  12 |   const [leaderboardData, stat...

Ecmascript file had an error @ http://localhost:3000/_next/static/chunks/0kd0_next_dist_02e_ku3._.js:1945
[  971684ms] [ERROR] ./src/app/components/home-leaderboard.tsx:10:3
To use "use cache", please enable the feature flag `cacheComponents` in your Next.js config.
    
    Read more: https://nextjs.org/docs/canary/app/api-reference/directives/use-cache#usage
   8 |
   9 | export async function HomeLead...
> 10 |   "use cache";
     |   ^^^^^^^^^^^
  11 |   cacheLife({ expire: 3600 });
  12 |
  13 |   // Chamada de API direto no ...

Ecmascript file had an error

Import trace:
  Server Component:
    ./src/app/components/home-leaderboard.tsx
    ./src/app/page.tsx @ http://localhost:3000/_next/static/chunks/0kd0_next_dist_02e_ku3._.js:1945
[  971684ms] [ERROR] ./src/app/leaderboard/page.tsx:9:3
To use "use cache", please enable the feature flag `cacheComponents` in your Next.js config.
    
    Read more: https://nextjs.org/docs/canary/app/api-reference/directives/use-cache#usage
   7 |
   8 | export default async function ...
>  9 |   "use cache";
     |   ^^^^^^^^^^^
  10 |   cacheLife({ expire: 3600 });
  11 |
  12 |   const [leaderboardData, stat...

Ecmascript file had an error @ http://localhost:3000/_next/static/chunks/0kd0_next_dist_02e_ku3._.js:1945
[  971733ms] [ERROR] ./src/app/components/home-leaderboard.tsx:10:3
To use "use cache", please enable the feature flag `cacheComponents` in your Next.js config.
    
    Read more: https://nextjs.org/docs/canary/app/api-reference/directives/use-cache#usage
   8 |
   9 | export async function HomeLead...
> 10 |   "use cache";
     |   ^^^^^^^^^^^
  11 |   cacheLife({ expire: 3600 });
  12 |
  13 |   // Chamada de API direto no ...

Ecmascript file had an error

Import trace:
  Server Component:
    ./src/app/components/home-leaderboard.tsx
    ./src/app/page.tsx @ http://localhost:3000/_next/static/chunks/0kd0_next_dist_02e_ku3._.js:1945
[  971733ms] [ERROR] ./src/app/leaderboard/page.tsx:9:3
To use "use cache", please enable the feature flag `cacheComponents` in your Next.js config.
    
    Read more: https://nextjs.org/docs/canary/app/api-reference/directives/use-cache#usage
   7 |
   8 | export default async function ...
>  9 |   "use cache";
     |   ^^^^^^^^^^^
  10 |   cacheLife({ expire: 3600 });
  11 |
  12 |   const [leaderboardData, stat...

Ecmascript file had an error @ http://localhost:3000/_next/static/chunks/0kd0_next_dist_02e_ku3._.js:1945
[  971783ms] [ERROR] ./src/app/components/home-leaderboard.tsx:10:3
To use "use cache", please enable the feature flag `cacheComponents` in your Next.js config.
    
    Read more: https://nextjs.org/docs/canary/app/api-reference/directives/use-cache#usage
   8 |
   9 | export async function HomeLead...
> 10 |   "use cache";
     |   ^^^^^^^^^^^
  11 |   cacheLife({ expire: 3600 });
  12 |
  13 |   // Chamada de API direto no ...

Ecmascript file had an error

Import trace:
  Server Component:
    ./src/app/components/home-leaderboard.tsx
    ./src/app/page.tsx @ http://localhost:3000/_next/static/chunks/0kd0_next_dist_02e_ku3._.js:1945
[  971784ms] [ERROR] ./src/app/leaderboard/page.tsx:9:3
To use "use cache", please enable the feature flag `cacheComponents` in your Next.js config.
    
    Read more: https://nextjs.org/docs/canary/app/api-reference/directives/use-cache#usage
   7 |
   8 | export default async function ...
>  9 |   "use cache";
     |   ^^^^^^^^^^^
  10 |   cacheLife({ expire: 3600 });
  11 |
  12 |   const [leaderboardData, stat...

Ecmascript file had an error @ http://localhost:3000/_next/static/chunks/0kd0_next_dist_02e_ku3._.js:1945
[  971833ms] [ERROR] ./src/app/components/home-leaderboard.tsx:10:3
To use "use cache", please enable the feature flag `cacheComponents` in your Next.js config.
    
    Read more: https://nextjs.org/docs/canary/app/api-reference/directives/use-cache#usage
   8 |
   9 | export async function HomeLead...
> 10 |   "use cache";
     |   ^^^^^^^^^^^
  11 |   cacheLife({ expire: 3600 });
  12 |
  13 |   // Chamada de API direto no ...

Ecmascript file had an error

Import trace:
  Server Component:
    ./src/app/components/home-leaderboard.tsx
    ./src/app/page.tsx @ http://localhost:3000/_next/static/chunks/0kd0_next_dist_02e_ku3._.js:1945
[  971833ms] [ERROR] ./src/app/leaderboard/page.tsx:9:3
To use "use cache", please enable the feature flag `cacheComponents` in your Next.js config.
    
    Read more: https://nextjs.org/docs/canary/app/api-reference/directives/use-cache#usage
   7 |
   8 | export default async function ...
>  9 |   "use cache";
     |   ^^^^^^^^^^^
  10 |   cacheLife({ expire: 3600 });
  11 |
  12 |   const [leaderboardData, stat...

Ecmascript file had an error @ http://localhost:3000/_next/static/chunks/0kd0_next_dist_02e_ku3._.js:1945
[  971883ms] [ERROR] ./src/app/components/home-leaderboard.tsx:10:3
To use "use cache", please enable the feature flag `cacheComponents` in your Next.js config.
    
    Read more: https://nextjs.org/docs/canary/app/api-reference/directives/use-cache#usage
   8 |
   9 | export async function HomeLead...
> 10 |   "use cache";
     |   ^^^^^^^^^^^
  11 |   cacheLife({ expire: 3600 });
  12 |
  13 |   // Chamada de API direto no ...

Ecmascript file had an error

Import trace:
  Server Component:
    ./src/app/components/home-leaderboard.tsx
    ./src/app/page.tsx @ http://localhost:3000/_next/static/chunks/0kd0_next_dist_02e_ku3._.js:1945
[  971883ms] [ERROR] ./src/app/leaderboard/page.tsx:9:3
To use "use cache", please enable the feature flag `cacheComponents` in your Next.js config.
    
    Read more: https://nextjs.org/docs/canary/app/api-reference/directives/use-cache#usage
   7 |
   8 | export default async function ...
>  9 |   "use cache";
     |   ^^^^^^^^^^^
  10 |   cacheLife({ expire: 3600 });
  11 |
  12 |   const [leaderboardData, stat...

Ecmascript file had an error @ http://localhost:3000/_next/static/chunks/0kd0_next_dist_02e_ku3._.js:1945
[  971932ms] [ERROR] ./src/app/components/home-leaderboard.tsx:10:3
To use "use cache", please enable the feature flag `cacheComponents` in your Next.js config.
    
    Read more: https://nextjs.org/docs/canary/app/api-reference/directives/use-cache#usage
   8 |
   9 | export async function HomeLead...
> 10 |   "use cache";
     |   ^^^^^^^^^^^
  11 |   cacheLife({ expire: 3600 });
  12 |
  13 |   // Chamada de API direto no ...

Ecmascript file had an error

Import trace:
  Server Component:
    ./src/app/components/home-leaderboard.tsx
    ./src/app/page.tsx @ http://localhost:3000/_next/static/chunks/0kd0_next_dist_02e_ku3._.js:1945
[  971932ms] [ERROR] ./src/app/leaderboard/page.tsx:9:3
To use "use cache", please enable the feature flag `cacheComponents` in your Next.js config.
    
    Read more: https://nextjs.org/docs/canary/app/api-reference/directives/use-cache#usage
   7 |
   8 | export default async function ...
>  9 |   "use cache";
     |   ^^^^^^^^^^^
  10 |   cacheLife({ expire: 3600 });
  11 |
  12 |   const [leaderboardData, stat...

Ecmascript file had an error @ http://localhost:3000/_next/static/chunks/0kd0_next_dist_02e_ku3._.js:1945
[  971978ms] [ERROR] ./src/app/components/home-leaderboard.tsx:10:3
To use "use cache", please enable the feature flag `cacheComponents` in your Next.js config.
    
    Read more: https://nextjs.org/docs/canary/app/api-reference/directives/use-cache#usage
   8 |
   9 | export async function HomeLead...
> 10 |   "use cache";
     |   ^^^^^^^^^^^
  11 |   cacheLife({ expire: 3600 });
  12 |
  13 |   // Chamada de API direto no ...

Ecmascript file had an error

Import trace:
  Server Component:
    ./src/app/components/home-leaderboard.tsx
    ./src/app/page.tsx @ http://localhost:3000/_next/static/chunks/0kd0_next_dist_02e_ku3._.js:1945
[  971978ms] [ERROR] ./src/app/leaderboard/page.tsx:9:3
To use "use cache", please enable the feature flag `cacheComponents` in your Next.js config.
    
    Read more: https://nextjs.org/docs/canary/app/api-reference/directives/use-cache#usage
   7 |
   8 | export default async function ...
>  9 |   "use cache";
     |   ^^^^^^^^^^^
  10 |   cacheLife({ expire: 3600 });
  11 |
  12 |   const [leaderboardData, stat...

Ecmascript file had an error @ http://localhost:3000/_next/static/chunks/0kd0_next_dist_02e_ku3._.js:1945
[  972029ms] [ERROR] ./src/app/components/home-leaderboard.tsx:10:3
To use "use cache", please enable the feature flag `cacheComponents` in your Next.js config.
    
    Read more: https://nextjs.org/docs/canary/app/api-reference/directives/use-cache#usage
   8 |
   9 | export async function HomeLead...
> 10 |   "use cache";
     |   ^^^^^^^^^^^
  11 |   cacheLife({ expire: 3600 });
  12 |
  13 |   // Chamada de API direto no ...

Ecmascript file had an error

Import trace:
  Server Component:
    ./src/app/components/home-leaderboard.tsx
    ./src/app/page.tsx @ http://localhost:3000/_next/static/chunks/0kd0_next_dist_02e_ku3._.js:1945
[  972029ms] [ERROR] ./src/app/leaderboard/page.tsx:9:3
To use "use cache", please enable the feature flag `cacheComponents` in your Next.js config.
    
    Read more: https://nextjs.org/docs/canary/app/api-reference/directives/use-cache#usage
   7 |
   8 | export default async function ...
>  9 |   "use cache";
     |   ^^^^^^^^^^^
  10 |   cacheLife({ expire: 3600 });
  11 |
  12 |   const [leaderboardData, stat...

Ecmascript file had an error @ http://localhost:3000/_next/static/chunks/0kd0_next_dist_02e_ku3._.js:1945
[  972079ms] [ERROR] ./src/app/components/home-leaderboard.tsx:10:3
To use "use cache", please enable the feature flag `cacheComponents` in your Next.js config.
    
    Read more: https://nextjs.org/docs/canary/app/api-reference/directives/use-cache#usage
   8 |
   9 | export async function HomeLead...
> 10 |   "use cache";
     |   ^^^^^^^^^^^
  11 |   cacheLife({ expire: 3600 });
  12 |
  13 |   // Chamada de API direto no ...

Ecmascript file had an error

Import trace:
  Server Component:
    ./src/app/components/home-leaderboard.tsx
    ./src/app/page.tsx @ http://localhost:3000/_next/static/chunks/0kd0_next_dist_02e_ku3._.js:1945
[  972079ms] [ERROR] ./src/app/leaderboard/page.tsx:9:3
To use "use cache", please enable the feature flag `cacheComponents` in your Next.js config.
    
    Read more: https://nextjs.org/docs/canary/app/api-reference/directives/use-cache#usage
   7 |
   8 | export default async function ...
>  9 |   "use cache";
     |   ^^^^^^^^^^^
  10 |   cacheLife({ expire: 3600 });
  11 |
  12 |   const [leaderboardData, stat...

Ecmascript file had an error @ http://localhost:3000/_next/static/chunks/0kd0_next_dist_02e_ku3._.js:1945
[  972129ms] [ERROR] ./src/app/components/home-leaderboard.tsx:10:3
To use "use cache", please enable the feature flag `cacheComponents` in your Next.js config.
    
    Read more: https://nextjs.org/docs/canary/app/api-reference/directives/use-cache#usage
   8 |
   9 | export async function HomeLead...
> 10 |   "use cache";
     |   ^^^^^^^^^^^
  11 |   cacheLife({ expire: 3600 });
  12 |
  13 |   // Chamada de API direto no ...

Ecmascript file had an error

Import trace:
  Server Component:
    ./src/app/components/home-leaderboard.tsx
    ./src/app/page.tsx @ http://localhost:3000/_next/static/chunks/0kd0_next_dist_02e_ku3._.js:1945
[  972129ms] [ERROR] ./src/app/leaderboard/page.tsx:9:3
To use "use cache", please enable the feature flag `cacheComponents` in your Next.js config.
    
    Read more: https://nextjs.org/docs/canary/app/api-reference/directives/use-cache#usage
   7 |
   8 | export default async function ...
>  9 |   "use cache";
     |   ^^^^^^^^^^^
  10 |   cacheLife({ expire: 3600 });
  11 |
  12 |   const [leaderboardData, stat...

Ecmascript file had an error @ http://localhost:3000/_next/static/chunks/0kd0_next_dist_02e_ku3._.js:1945
[  972179ms] [ERROR] ./src/app/components/home-leaderboard.tsx:10:3
To use "use cache", please enable the feature flag `cacheComponents` in your Next.js config.
    
    Read more: https://nextjs.org/docs/canary/app/api-reference/directives/use-cache#usage
   8 |
   9 | export async function HomeLead...
> 10 |   "use cache";
     |   ^^^^^^^^^^^
  11 |   cacheLife({ expire: 3600 });
  12 |
  13 |   // Chamada de API direto no ...

Ecmascript file had an error

Import trace:
  Server Component:
    ./src/app/components/home-leaderboard.tsx
    ./src/app/page.tsx @ http://localhost:3000/_next/static/chunks/0kd0_next_dist_02e_ku3._.js:1945
[  972179ms] [ERROR] ./src/app/leaderboard/page.tsx:9:3
To use "use cache", please enable the feature flag `cacheComponents` in your Next.js config.
    
    Read more: https://nextjs.org/docs/canary/app/api-reference/directives/use-cache#usage
   7 |
   8 | export default async function ...
>  9 |   "use cache";
     |   ^^^^^^^^^^^
  10 |   cacheLife({ expire: 3600 });
  11 |
  12 |   const [leaderboardData, stat...

Ecmascript file had an error @ http://localhost:3000/_next/static/chunks/0kd0_next_dist_02e_ku3._.js:1945
[  972228ms] [ERROR] ./src/app/components/home-leaderboard.tsx:10:3
To use "use cache", please enable the feature flag `cacheComponents` in your Next.js config.
    
    Read more: https://nextjs.org/docs/canary/app/api-reference/directives/use-cache#usage
   8 |
   9 | export async function HomeLead...
> 10 |   "use cache";
     |   ^^^^^^^^^^^
  11 |   cacheLife({ expire: 3600 });
  12 |
  13 |   // Chamada de API direto no ...

Ecmascript file had an error

Import trace:
  Server Component:
    ./src/app/components/home-leaderboard.tsx
    ./src/app/page.tsx @ http://localhost:3000/_next/static/chunks/0kd0_next_dist_02e_ku3._.js:1945
[  972228ms] [ERROR] ./src/app/leaderboard/page.tsx:9:3
To use "use cache", please enable the feature flag `cacheComponents` in your Next.js config.
    
    Read more: https://nextjs.org/docs/canary/app/api-reference/directives/use-cache#usage
   7 |
   8 | export default async function ...
>  9 |   "use cache";
     |   ^^^^^^^^^^^
  10 |   cacheLife({ expire: 3600 });
  11 |
  12 |   const [leaderboardData, stat...

Ecmascript file had an error @ http://localhost:3000/_next/static/chunks/0kd0_next_dist_02e_ku3._.js:1945
[  972278ms] [ERROR] ./src/app/components/home-leaderboard.tsx:10:3
To use "use cache", please enable the feature flag `cacheComponents` in your Next.js config.
    
    Read more: https://nextjs.org/docs/canary/app/api-reference/directives/use-cache#usage
   8 |
   9 | export async function HomeLead...
> 10 |   "use cache";
     |   ^^^^^^^^^^^
  11 |   cacheLife({ expire: 3600 });
  12 |
  13 |   // Chamada de API direto no ...

Ecmascript file had an error

Import trace:
  Server Component:
    ./src/app/components/home-leaderboard.tsx
    ./src/app/page.tsx @ http://localhost:3000/_next/static/chunks/0kd0_next_dist_02e_ku3._.js:1945
[  972278ms] [ERROR] ./src/app/leaderboard/page.tsx:9:3
To use "use cache", please enable the feature flag `cacheComponents` in your Next.js config.
    
    Read more: https://nextjs.org/docs/canary/app/api-reference/directives/use-cache#usage
   7 |
   8 | export default async function ...
>  9 |   "use cache";
     |   ^^^^^^^^^^^
  10 |   cacheLife({ expire: 3600 });
  11 |
  12 |   const [leaderboardData, stat...

Ecmascript file had an error @ http://localhost:3000/_next/static/chunks/0kd0_next_dist_02e_ku3._.js:1945
[  972329ms] [ERROR] ./src/app/components/home-leaderboard.tsx:10:3
To use "use cache", please enable the feature flag `cacheComponents` in your Next.js config.
    
    Read more: https://nextjs.org/docs/canary/app/api-reference/directives/use-cache#usage
   8 |
   9 | export async function HomeLead...
> 10 |   "use cache";
     |   ^^^^^^^^^^^
  11 |   cacheLife({ expire: 3600 });
  12 |
  13 |   // Chamada de API direto no ...

Ecmascript file had an error

Import trace:
  Server Component:
    ./src/app/components/home-leaderboard.tsx
    ./src/app/page.tsx @ http://localhost:3000/_next/static/chunks/0kd0_next_dist_02e_ku3._.js:1945
[  972329ms] [ERROR] ./src/app/leaderboard/page.tsx:9:3
To use "use cache", please enable the feature flag `cacheComponents` in your Next.js config.
    
    Read more: https://nextjs.org/docs/canary/app/api-reference/directives/use-cache#usage
   7 |
   8 | export default async function ...
>  9 |   "use cache";
     |   ^^^^^^^^^^^
  10 |   cacheLife({ expire: 3600 });
  11 |
  12 |   const [leaderboardData, stat...

Ecmascript file had an error @ http://localhost:3000/_next/static/chunks/0kd0_next_dist_02e_ku3._.js:1945
[  972379ms] [ERROR] ./src/app/components/home-leaderboard.tsx:10:3
To use "use cache", please enable the feature flag `cacheComponents` in your Next.js config.
    
    Read more: https://nextjs.org/docs/canary/app/api-reference/directives/use-cache#usage
   8 |
   9 | export async function HomeLead...
> 10 |   "use cache";
     |   ^^^^^^^^^^^
  11 |   cacheLife({ expire: 3600 });
  12 |
  13 |   // Chamada de API direto no ...

Ecmascript file had an error

Import trace:
  Server Component:
    ./src/app/components/home-leaderboard.tsx
    ./src/app/page.tsx @ http://localhost:3000/_next/static/chunks/0kd0_next_dist_02e_ku3._.js:1945
[  972379ms] [ERROR] ./src/app/leaderboard/page.tsx:9:3
To use "use cache", please enable the feature flag `cacheComponents` in your Next.js config.
    
    Read more: https://nextjs.org/docs/canary/app/api-reference/directives/use-cache#usage
   7 |
   8 | export default async function ...
>  9 |   "use cache";
     |   ^^^^^^^^^^^
  10 |   cacheLife({ expire: 3600 });
  11 |
  12 |   const [leaderboardData, stat...

Ecmascript file had an error @ http://localhost:3000/_next/static/chunks/0kd0_next_dist_02e_ku3._.js:1945
[  972424ms] [ERROR] ./src/app/components/home-leaderboard.tsx:10:3
To use "use cache", please enable the feature flag `cacheComponents` in your Next.js config.
    
    Read more: https://nextjs.org/docs/canary/app/api-reference/directives/use-cache#usage
   8 |
   9 | export async function HomeLead...
> 10 |   "use cache";
     |   ^^^^^^^^^^^
  11 |   cacheLife({ expire: 3600 });
  12 |
  13 |   // Chamada de API direto no ...

Ecmascript file had an error

Import trace:
  Server Component:
    ./src/app/components/home-leaderboard.tsx
    ./src/app/page.tsx @ http://localhost:3000/_next/static/chunks/0kd0_next_dist_02e_ku3._.js:1945
[  972425ms] [ERROR] ./src/app/leaderboard/page.tsx:9:3
To use "use cache", please enable the feature flag `cacheComponents` in your Next.js config.
    
    Read more: https://nextjs.org/docs/canary/app/api-reference/directives/use-cache#usage
   7 |
   8 | export default async function ...
>  9 |   "use cache";
     |   ^^^^^^^^^^^
  10 |   cacheLife({ expire: 3600 });
  11 |
  12 |   const [leaderboardData, stat...

Ecmascript file had an error @ http://localhost:3000/_next/static/chunks/0kd0_next_dist_02e_ku3._.js:1945
[  972475ms] [ERROR] ./src/app/components/home-leaderboard.tsx:10:3
To use "use cache", please enable the feature flag `cacheComponents` in your Next.js config.
    
    Read more: https://nextjs.org/docs/canary/app/api-reference/directives/use-cache#usage
   8 |
   9 | export async function HomeLead...
> 10 |   "use cache";
     |   ^^^^^^^^^^^
  11 |   cacheLife({ expire: 3600 });
  12 |
  13 |   // Chamada de API direto no ...

Ecmascript file had an error

Import trace:
  Server Component:
    ./src/app/components/home-leaderboard.tsx
    ./src/app/page.tsx @ http://localhost:3000/_next/static/chunks/0kd0_next_dist_02e_ku3._.js:1945
[  972475ms] [ERROR] ./src/app/leaderboard/page.tsx:9:3
To use "use cache", please enable the feature flag `cacheComponents` in your Next.js config.
    
    Read more: https://nextjs.org/docs/canary/app/api-reference/directives/use-cache#usage
   7 |
   8 | export default async function ...
>  9 |   "use cache";
     |   ^^^^^^^^^^^
  10 |   cacheLife({ expire: 3600 });
  11 |
  12 |   const [leaderboardData, stat...

Ecmascript file had an error @ http://localhost:3000/_next/static/chunks/0kd0_next_dist_02e_ku3._.js:1945
[  972524ms] [ERROR] ./src/app/components/home-leaderboard.tsx:10:3
To use "use cache", please enable the feature flag `cacheComponents` in your Next.js config.
    
    Read more: https://nextjs.org/docs/canary/app/api-reference/directives/use-cache#usage
   8 |
   9 | export async function HomeLead...
> 10 |   "use cache";
     |   ^^^^^^^^^^^
  11 |   cacheLife({ expire: 3600 });
  12 |
  13 |   // Chamada de API direto no ...

Ecmascript file had an error

Import trace:
  Server Component:
    ./src/app/components/home-leaderboard.tsx
    ./src/app/page.tsx @ http://localhost:3000/_next/static/chunks/0kd0_next_dist_02e_ku3._.js:1945
[  972524ms] [ERROR] ./src/app/leaderboard/page.tsx:9:3
To use "use cache", please enable the feature flag `cacheComponents` in your Next.js config.
    
    Read more: https://nextjs.org/docs/canary/app/api-reference/directives/use-cache#usage
   7 |
   8 | export default async function ...
>  9 |   "use cache";
     |   ^^^^^^^^^^^
  10 |   cacheLife({ expire: 3600 });
  11 |
  12 |   const [leaderboardData, stat...

Ecmascript file had an error @ http://localhost:3000/_next/static/chunks/0kd0_next_dist_02e_ku3._.js:1945
[  972574ms] [ERROR] ./src/app/components/home-leaderboard.tsx:10:3
To use "use cache", please enable the feature flag `cacheComponents` in your Next.js config.
    
    Read more: https://nextjs.org/docs/canary/app/api-reference/directives/use-cache#usage
   8 |
   9 | export async function HomeLead...
> 10 |   "use cache";
     |   ^^^^^^^^^^^
  11 |   cacheLife({ expire: 3600 });
  12 |
  13 |   // Chamada de API direto no ...

Ecmascript file had an error

Import trace:
  Server Component:
    ./src/app/components/home-leaderboard.tsx
    ./src/app/page.tsx @ http://localhost:3000/_next/static/chunks/0kd0_next_dist_02e_ku3._.js:1945
[  972574ms] [ERROR] ./src/app/leaderboard/page.tsx:9:3
To use "use cache", please enable the feature flag `cacheComponents` in your Next.js config.
    
    Read more: https://nextjs.org/docs/canary/app/api-reference/directives/use-cache#usage
   7 |
   8 | export default async function ...
>  9 |   "use cache";
     |   ^^^^^^^^^^^
  10 |   cacheLife({ expire: 3600 });
  11 |
  12 |   const [leaderboardData, stat...

Ecmascript file had an error @ http://localhost:3000/_next/static/chunks/0kd0_next_dist_02e_ku3._.js:1945
[  972623ms] [ERROR] ./src/app/components/home-leaderboard.tsx:10:3
To use "use cache", please enable the feature flag `cacheComponents` in your Next.js config.
    
    Read more: https://nextjs.org/docs/canary/app/api-reference/directives/use-cache#usage
   8 |
   9 | export async function HomeLead...
> 10 |   "use cache";
     |   ^^^^^^^^^^^
  11 |   cacheLife({ expire: 3600 });
  12 |
  13 |   // Chamada de API direto no ...

Ecmascript file had an error

Import trace:
  Server Component:
    ./src/app/components/home-leaderboard.tsx
    ./src/app/page.tsx @ http://localhost:3000/_next/static/chunks/0kd0_next_dist_02e_ku3._.js:1945
[  972623ms] [ERROR] ./src/app/leaderboard/page.tsx:9:3
To use "use cache", please enable the feature flag `cacheComponents` in your Next.js config.
    
    Read more: https://nextjs.org/docs/canary/app/api-reference/directives/use-cache#usage
   7 |
   8 | export default async function ...
>  9 |   "use cache";
     |   ^^^^^^^^^^^
  10 |   cacheLife({ expire: 3600 });
  11 |
  12 |   const [leaderboardData, stat...

Ecmascript file had an error @ http://localhost:3000/_next/static/chunks/0kd0_next_dist_02e_ku3._.js:1945
[  972673ms] [ERROR] ./src/app/components/home-leaderboard.tsx:10:3
To use "use cache", please enable the feature flag `cacheComponents` in your Next.js config.
    
    Read more: https://nextjs.org/docs/canary/app/api-reference/directives/use-cache#usage
   8 |
   9 | export async function HomeLead...
> 10 |   "use cache";
     |   ^^^^^^^^^^^
  11 |   cacheLife({ expire: 3600 });
  12 |
  13 |   // Chamada de API direto no ...

Ecmascript file had an error

Import trace:
  Server Component:
    ./src/app/components/home-leaderboard.tsx
    ./src/app/page.tsx @ http://localhost:3000/_next/static/chunks/0kd0_next_dist_02e_ku3._.js:1945
[  972673ms] [ERROR] ./src/app/leaderboard/page.tsx:9:3
To use "use cache", please enable the feature flag `cacheComponents` in your Next.js config.
    
    Read more: https://nextjs.org/docs/canary/app/api-reference/directives/use-cache#usage
   7 |
   8 | export default async function ...
>  9 |   "use cache";
     |   ^^^^^^^^^^^
  10 |   cacheLife({ expire: 3600 });
  11 |
  12 |   const [leaderboardData, stat...

Ecmascript file had an error @ http://localhost:3000/_next/static/chunks/0kd0_next_dist_02e_ku3._.js:1945
[  972723ms] [ERROR] ./src/app/components/home-leaderboard.tsx:10:3
To use "use cache", please enable the feature flag `cacheComponents` in your Next.js config.
    
    Read more: https://nextjs.org/docs/canary/app/api-reference/directives/use-cache#usage
   8 |
   9 | export async function HomeLead...
> 10 |   "use cache";
     |   ^^^^^^^^^^^
  11 |   cacheLife({ expire: 3600 });
  12 |
  13 |   // Chamada de API direto no ...

Ecmascript file had an error

Import trace:
  Server Component:
    ./src/app/components/home-leaderboard.tsx
    ./src/app/page.tsx @ http://localhost:3000/_next/static/chunks/0kd0_next_dist_02e_ku3._.js:1945
[  972723ms] [ERROR] ./src/app/leaderboard/page.tsx:9:3
To use "use cache", please enable the feature flag `cacheComponents` in your Next.js config.
    
    Read more: https://nextjs.org/docs/canary/app/api-reference/directives/use-cache#usage
   7 |
   8 | export default async function ...
>  9 |   "use cache";
     |   ^^^^^^^^^^^
  10 |   cacheLife({ expire: 3600 });
  11 |
  12 |   const [leaderboardData, stat...

Ecmascript file had an error @ http://localhost:3000/_next/static/chunks/0kd0_next_dist_02e_ku3._.js:1945
[  972774ms] [ERROR] ./src/app/components/home-leaderboard.tsx:10:3
To use "use cache", please enable the feature flag `cacheComponents` in your Next.js config.
    
    Read more: https://nextjs.org/docs/canary/app/api-reference/directives/use-cache#usage
   8 |
   9 | export async function HomeLead...
> 10 |   "use cache";
     |   ^^^^^^^^^^^
  11 |   cacheLife({ expire: 3600 });
  12 |
  13 |   // Chamada de API direto no ...

Ecmascript file had an error

Import trace:
  Server Component:
    ./src/app/components/home-leaderboard.tsx
    ./src/app/page.tsx @ http://localhost:3000/_next/static/chunks/0kd0_next_dist_02e_ku3._.js:1945
[  972774ms] [ERROR] ./src/app/leaderboard/page.tsx:9:3
To use "use cache", please enable the feature flag `cacheComponents` in your Next.js config.
    
    Read more: https://nextjs.org/docs/canary/app/api-reference/directives/use-cache#usage
   7 |
   8 | export default async function ...
>  9 |   "use cache";
     |   ^^^^^^^^^^^
  10 |   cacheLife({ expire: 3600 });
  11 |
  12 |   const [leaderboardData, stat...

Ecmascript file had an error @ http://localhost:3000/_next/static/chunks/0kd0_next_dist_02e_ku3._.js:1945
[  972825ms] [ERROR] ./src/app/components/home-leaderboard.tsx:10:3
To use "use cache", please enable the feature flag `cacheComponents` in your Next.js config.
    
    Read more: https://nextjs.org/docs/canary/app/api-reference/directives/use-cache#usage
   8 |
   9 | export async function HomeLead...
> 10 |   "use cache";
     |   ^^^^^^^^^^^
  11 |   cacheLife({ expire: 3600 });
  12 |
  13 |   // Chamada de API direto no ...

Ecmascript file had an error

Import trace:
  Server Component:
    ./src/app/components/home-leaderboard.tsx
    ./src/app/page.tsx @ http://localhost:3000/_next/static/chunks/0kd0_next_dist_02e_ku3._.js:1945
[  972825ms] [ERROR] ./src/app/leaderboard/page.tsx:9:3
To use "use cache", please enable the feature flag `cacheComponents` in your Next.js config.
    
    Read more: https://nextjs.org/docs/canary/app/api-reference/directives/use-cache#usage
   7 |
   8 | export default async function ...
>  9 |   "use cache";
     |   ^^^^^^^^^^^
  10 |   cacheLife({ expire: 3600 });
  11 |
  12 |   const [leaderboardData, stat...

Ecmascript file had an error @ http://localhost:3000/_next/static/chunks/0kd0_next_dist_02e_ku3._.js:1945
[  972875ms] [ERROR] ./src/app/components/home-leaderboard.tsx:10:3
To use "use cache", please enable the feature flag `cacheComponents` in your Next.js config.
    
    Read more: https://nextjs.org/docs/canary/app/api-reference/directives/use-cache#usage
   8 |
   9 | export async function HomeLead...
> 10 |   "use cache";
     |   ^^^^^^^^^^^
  11 |   cacheLife({ expire: 3600 });
  12 |
  13 |   // Chamada de API direto no ...

Ecmascript file had an error

Import trace:
  Server Component:
    ./src/app/components/home-leaderboard.tsx
    ./src/app/page.tsx @ http://localhost:3000/_next/static/chunks/0kd0_next_dist_02e_ku3._.js:1945
[  972875ms] [ERROR] ./src/app/leaderboard/page.tsx:9:3
To use "use cache", please enable the feature flag `cacheComponents` in your Next.js config.
    
    Read more: https://nextjs.org/docs/canary/app/api-reference/directives/use-cache#usage
   7 |
   8 | export default async function ...
>  9 |   "use cache";
     |   ^^^^^^^^^^^
  10 |   cacheLife({ expire: 3600 });
  11 |
  12 |   const [leaderboardData, stat...

Ecmascript file had an error @ http://localhost:3000/_next/static/chunks/0kd0_next_dist_02e_ku3._.js:1945
[  972928ms] [ERROR] ./src/app/components/home-leaderboard.tsx:10:3
To use "use cache", please enable the feature flag `cacheComponents` in your Next.js config.
    
    Read more: https://nextjs.org/docs/canary/app/api-reference/directives/use-cache#usage
   8 |
   9 | export async function HomeLead...
> 10 |   "use cache";
     |   ^^^^^^^^^^^
  11 |   cacheLife({ expire: 3600 });
  12 |
  13 |   // Chamada de API direto no ...

Ecmascript file had an error

Import trace:
  Server Component:
    ./src/app/components/home-leaderboard.tsx
    ./src/app/page.tsx @ http://localhost:3000/_next/static/chunks/0kd0_next_dist_02e_ku3._.js:1945
[  972928ms] [ERROR] ./src/app/leaderboard/page.tsx:9:3
To use "use cache", please enable the feature flag `cacheComponents` in your Next.js config.
    
    Read more: https://nextjs.org/docs/canary/app/api-reference/directives/use-cache#usage
   7 |
   8 | export default async function ...
>  9 |   "use cache";
     |   ^^^^^^^^^^^
  10 |   cacheLife({ expire: 3600 });
  11 |
  12 |   const [leaderboardData, stat...

Ecmascript file had an error @ http://localhost:3000/_next/static/chunks/0kd0_next_dist_02e_ku3._.js:1945
[  972979ms] [ERROR] ./src/app/components/home-leaderboard.tsx:10:3
To use "use cache", please enable the feature flag `cacheComponents` in your Next.js config.
    
    Read more: https://nextjs.org/docs/canary/app/api-reference/directives/use-cache#usage
   8 |
   9 | export async function HomeLead...
> 10 |   "use cache";
     |   ^^^^^^^^^^^
  11 |   cacheLife({ expire: 3600 });
  12 |
  13 |   // Chamada de API direto no ...

Ecmascript file had an error

Import trace:
  Server Component:
    ./src/app/components/home-leaderboard.tsx
    ./src/app/page.tsx @ http://localhost:3000/_next/static/chunks/0kd0_next_dist_02e_ku3._.js:1945
[  972979ms] [ERROR] ./src/app/leaderboard/page.tsx:9:3
To use "use cache", please enable the feature flag `cacheComponents` in your Next.js config.
    
    Read more: https://nextjs.org/docs/canary/app/api-reference/directives/use-cache#usage
   7 |
   8 | export default async function ...
>  9 |   "use cache";
     |   ^^^^^^^^^^^
  10 |   cacheLife({ expire: 3600 });
  11 |
  12 |   const [leaderboardData, stat...

Ecmascript file had an error @ http://localhost:3000/_next/static/chunks/0kd0_next_dist_02e_ku3._.js:1945
[  973030ms] [ERROR] ./src/app/components/home-leaderboard.tsx:10:3
To use "use cache", please enable the feature flag `cacheComponents` in your Next.js config.
    
    Read more: https://nextjs.org/docs/canary/app/api-reference/directives/use-cache#usage
   8 |
   9 | export async function HomeLead...
> 10 |   "use cache";
     |   ^^^^^^^^^^^
  11 |   cacheLife({ expire: 3600 });
  12 |
  13 |   // Chamada de API direto no ...

Ecmascript file had an error

Import trace:
  Server Component:
    ./src/app/components/home-leaderboard.tsx
    ./src/app/page.tsx @ http://localhost:3000/_next/static/chunks/0kd0_next_dist_02e_ku3._.js:1945
[  973030ms] [ERROR] ./src/app/leaderboard/page.tsx:9:3
To use "use cache", please enable the feature flag `cacheComponents` in your Next.js config.
    
    Read more: https://nextjs.org/docs/canary/app/api-reference/directives/use-cache#usage
   7 |
   8 | export default async function ...
>  9 |   "use cache";
     |   ^^^^^^^^^^^
  10 |   cacheLife({ expire: 3600 });
  11 |
  12 |   const [leaderboardData, stat...

Ecmascript file had an error @ http://localhost:3000/_next/static/chunks/0kd0_next_dist_02e_ku3._.js:1945
[  973082ms] [ERROR] ./src/app/components/home-leaderboard.tsx:10:3
To use "use cache", please enable the feature flag `cacheComponents` in your Next.js config.
    
    Read more: https://nextjs.org/docs/canary/app/api-reference/directives/use-cache#usage
   8 |
   9 | export async function HomeLead...
> 10 |   "use cache";
     |   ^^^^^^^^^^^
  11 |   cacheLife({ expire: 3600 });
  12 |
  13 |   // Chamada de API direto no ...

Ecmascript file had an error

Import trace:
  Server Component:
    ./src/app/components/home-leaderboard.tsx
    ./src/app/page.tsx @ http://localhost:3000/_next/static/chunks/0kd0_next_dist_02e_ku3._.js:1945
[  973082ms] [ERROR] ./src/app/leaderboard/page.tsx:9:3
To use "use cache", please enable the feature flag `cacheComponents` in your Next.js config.
    
    Read more: https://nextjs.org/docs/canary/app/api-reference/directives/use-cache#usage
   7 |
   8 | export default async function ...
>  9 |   "use cache";
     |   ^^^^^^^^^^^
  10 |   cacheLife({ expire: 3600 });
  11 |
  12 |   const [leaderboardData, stat...

Ecmascript file had an error @ http://localhost:3000/_next/static/chunks/0kd0_next_dist_02e_ku3._.js:1945
[  973133ms] [ERROR] ./src/app/components/home-leaderboard.tsx:10:3
To use "use cache", please enable the feature flag `cacheComponents` in your Next.js config.
    
    Read more: https://nextjs.org/docs/canary/app/api-reference/directives/use-cache#usage
   8 |
   9 | export async function HomeLead...
> 10 |   "use cache";
     |   ^^^^^^^^^^^
  11 |   cacheLife({ expire: 3600 });
  12 |
  13 |   // Chamada de API direto no ...

Ecmascript file had an error

Import trace:
  Server Component:
    ./src/app/components/home-leaderboard.tsx
    ./src/app/page.tsx @ http://localhost:3000/_next/static/chunks/0kd0_next_dist_02e_ku3._.js:1945
[  973133ms] [ERROR] ./src/app/leaderboard/page.tsx:9:3
To use "use cache", please enable the feature flag `cacheComponents` in your Next.js config.
    
    Read more: https://nextjs.org/docs/canary/app/api-reference/directives/use-cache#usage
   7 |
   8 | export default async function ...
>  9 |   "use cache";
     |   ^^^^^^^^^^^
  10 |   cacheLife({ expire: 3600 });
  11 |
  12 |   const [leaderboardData, stat...

Ecmascript file had an error @ http://localhost:3000/_next/static/chunks/0kd0_next_dist_02e_ku3._.js:1945
[  973184ms] [ERROR] ./src/app/components/home-leaderboard.tsx:10:3
To use "use cache", please enable the feature flag `cacheComponents` in your Next.js config.
    
    Read more: https://nextjs.org/docs/canary/app/api-reference/directives/use-cache#usage
   8 |
   9 | export async function HomeLead...
> 10 |   "use cache";
     |   ^^^^^^^^^^^
  11 |   cacheLife({ expire: 3600 });
  12 |
  13 |   // Chamada de API direto no ...

Ecmascript file had an error

Import trace:
  Server Component:
    ./src/app/components/home-leaderboard.tsx
    ./src/app/page.tsx @ http://localhost:3000/_next/static/chunks/0kd0_next_dist_02e_ku3._.js:1945
[  973184ms] [ERROR] ./src/app/leaderboard/page.tsx:9:3
To use "use cache", please enable the feature flag `cacheComponents` in your Next.js config.
    
    Read more: https://nextjs.org/docs/canary/app/api-reference/directives/use-cache#usage
   7 |
   8 | export default async function ...
>  9 |   "use cache";
     |   ^^^^^^^^^^^
  10 |   cacheLife({ expire: 3600 });
  11 |
  12 |   const [leaderboardData, stat...

Ecmascript file had an error @ http://localhost:3000/_next/static/chunks/0kd0_next_dist_02e_ku3._.js:1945
[  973236ms] [ERROR] ./src/app/components/home-leaderboard.tsx:10:3
To use "use cache", please enable the feature flag `cacheComponents` in your Next.js config.
    
    Read more: https://nextjs.org/docs/canary/app/api-reference/directives/use-cache#usage
   8 |
   9 | export async function HomeLead...
> 10 |   "use cache";
     |   ^^^^^^^^^^^
  11 |   cacheLife({ expire: 3600 });
  12 |
  13 |   // Chamada de API direto no ...

Ecmascript file had an error

Import trace:
  Server Component:
    ./src/app/components/home-leaderboard.tsx
    ./src/app/page.tsx @ http://localhost:3000/_next/static/chunks/0kd0_next_dist_02e_ku3._.js:1945
[  973236ms] [ERROR] ./src/app/leaderboard/page.tsx:9:3
To use "use cache", please enable the feature flag `cacheComponents` in your Next.js config.
    
    Read more: https://nextjs.org/docs/canary/app/api-reference/directives/use-cache#usage
   7 |
   8 | export default async function ...
>  9 |   "use cache";
     |   ^^^^^^^^^^^
  10 |   cacheLife({ expire: 3600 });
  11 |
  12 |   const [leaderboardData, stat...

Ecmascript file had an error @ http://localhost:3000/_next/static/chunks/0kd0_next_dist_02e_ku3._.js:1945
[  973287ms] [ERROR] ./src/app/components/home-leaderboard.tsx:10:3
To use "use cache", please enable the feature flag `cacheComponents` in your Next.js config.
    
    Read more: https://nextjs.org/docs/canary/app/api-reference/directives/use-cache#usage
   8 |
   9 | export async function HomeLead...
> 10 |   "use cache";
     |   ^^^^^^^^^^^
  11 |   cacheLife({ expire: 3600 });
  12 |
  13 |   // Chamada de API direto no ...

Ecmascript file had an error

Import trace:
  Server Component:
    ./src/app/components/home-leaderboard.tsx
    ./src/app/page.tsx @ http://localhost:3000/_next/static/chunks/0kd0_next_dist_02e_ku3._.js:1945
[  973287ms] [ERROR] ./src/app/leaderboard/page.tsx:9:3
To use "use cache", please enable the feature flag `cacheComponents` in your Next.js config.
    
    Read more: https://nextjs.org/docs/canary/app/api-reference/directives/use-cache#usage
   7 |
   8 | export default async function ...
>  9 |   "use cache";
     |   ^^^^^^^^^^^
  10 |   cacheLife({ expire: 3600 });
  11 |
  12 |   const [leaderboardData, stat...

Ecmascript file had an error @ http://localhost:3000/_next/static/chunks/0kd0_next_dist_02e_ku3._.js:1945
[  973338ms] [ERROR] ./src/app/components/home-leaderboard.tsx:10:3
To use "use cache", please enable the feature flag `cacheComponents` in your Next.js config.
    
    Read more: https://nextjs.org/docs/canary/app/api-reference/directives/use-cache#usage
   8 |
   9 | export async function HomeLead...
> 10 |   "use cache";
     |   ^^^^^^^^^^^
  11 |   cacheLife({ expire: 3600 });
  12 |
  13 |   // Chamada de API direto no ...

Ecmascript file had an error

Import trace:
  Server Component:
    ./src/app/components/home-leaderboard.tsx
    ./src/app/page.tsx @ http://localhost:3000/_next/static/chunks/0kd0_next_dist_02e_ku3._.js:1945
[  973338ms] [ERROR] ./src/app/leaderboard/page.tsx:9:3
To use "use cache", please enable the feature flag `cacheComponents` in your Next.js config.
    
    Read more: https://nextjs.org/docs/canary/app/api-reference/directives/use-cache#usage
   7 |
   8 | export default async function ...
>  9 |   "use cache";
     |   ^^^^^^^^^^^
  10 |   cacheLife({ expire: 3600 });
  11 |
  12 |   const [leaderboardData, stat...

Ecmascript file had an error @ http://localhost:3000/_next/static/chunks/0kd0_next_dist_02e_ku3._.js:1945
[  973390ms] [ERROR] ./src/app/components/home-leaderboard.tsx:10:3
To use "use cache", please enable the feature flag `cacheComponents` in your Next.js config.
    
    Read more: https://nextjs.org/docs/canary/app/api-reference/directives/use-cache#usage
   8 |
   9 | export async function HomeLead...
> 10 |   "use cache";
     |   ^^^^^^^^^^^
  11 |   cacheLife({ expire: 3600 });
  12 |
  13 |   // Chamada de API direto no ...

Ecmascript file had an error

Import trace:
  Server Component:
    ./src/app/components/home-leaderboard.tsx
    ./src/app/page.tsx @ http://localhost:3000/_next/static/chunks/0kd0_next_dist_02e_ku3._.js:1945
[  973390ms] [ERROR] ./src/app/leaderboard/page.tsx:9:3
To use "use cache", please enable the feature flag `cacheComponents` in your Next.js config.
    
    Read more: https://nextjs.org/docs/canary/app/api-reference/directives/use-cache#usage
   7 |
   8 | export default async function ...
>  9 |   "use cache";
     |   ^^^^^^^^^^^
  10 |   cacheLife({ expire: 3600 });
  11 |
  12 |   const [leaderboardData, stat...

Ecmascript file had an error @ http://localhost:3000/_next/static/chunks/0kd0_next_dist_02e_ku3._.js:1945
[  973442ms] [ERROR] ./src/app/components/home-leaderboard.tsx:10:3
To use "use cache", please enable the feature flag `cacheComponents` in your Next.js config.
    
    Read more: https://nextjs.org/docs/canary/app/api-reference/directives/use-cache#usage
   8 |
   9 | export async function HomeLead...
> 10 |   "use cache";
     |   ^^^^^^^^^^^
  11 |   cacheLife({ expire: 3600 });
  12 |
  13 |   // Chamada de API direto no ...

Ecmascript file had an error

Import trace:
  Server Component:
    ./src/app/components/home-leaderboard.tsx
    ./src/app/page.tsx @ http://localhost:3000/_next/static/chunks/0kd0_next_dist_02e_ku3._.js:1945
[  973442ms] [ERROR] ./src/app/leaderboard/page.tsx:9:3
To use "use cache", please enable the feature flag `cacheComponents` in your Next.js config.
    
    Read more: https://nextjs.org/docs/canary/app/api-reference/directives/use-cache#usage
   7 |
   8 | export default async function ...
>  9 |   "use cache";
     |   ^^^^^^^^^^^
  10 |   cacheLife({ expire: 3600 });
  11 |
  12 |   const [leaderboardData, stat...

Ecmascript file had an error @ http://localhost:3000/_next/static/chunks/0kd0_next_dist_02e_ku3._.js:1945
[  973491ms] [ERROR] ./src/app/components/home-leaderboard.tsx:10:3
To use "use cache", please enable the feature flag `cacheComponents` in your Next.js config.
    
    Read more: https://nextjs.org/docs/canary/app/api-reference/directives/use-cache#usage
   8 |
   9 | export async function HomeLead...
> 10 |   "use cache";
     |   ^^^^^^^^^^^
  11 |   cacheLife({ expire: 3600 });
  12 |
  13 |   // Chamada de API direto no ...

Ecmascript file had an error

Import trace:
  Server Component:
    ./src/app/components/home-leaderboard.tsx
    ./src/app/page.tsx @ http://localhost:3000/_next/static/chunks/0kd0_next_dist_02e_ku3._.js:1945
[  973492ms] [ERROR] ./src/app/leaderboard/page.tsx:9:3
To use "use cache", please enable the feature flag `cacheComponents` in your Next.js config.
    
    Read more: https://nextjs.org/docs/canary/app/api-reference/directives/use-cache#usage
   7 |
   8 | export default async function ...
>  9 |   "use cache";
     |   ^^^^^^^^^^^
  10 |   cacheLife({ expire: 3600 });
  11 |
  12 |   const [leaderboardData, stat...

Ecmascript file had an error @ http://localhost:3000/_next/static/chunks/0kd0_next_dist_02e_ku3._.js:1945
[  973542ms] [ERROR] ./src/app/components/home-leaderboard.tsx:10:3
To use "use cache", please enable the feature flag `cacheComponents` in your Next.js config.
    
    Read more: https://nextjs.org/docs/canary/app/api-reference/directives/use-cache#usage
   8 |
   9 | export async function HomeLead...
> 10 |   "use cache";
     |   ^^^^^^^^^^^
  11 |   cacheLife({ expire: 3600 });
  12 |
  13 |   // Chamada de API direto no ...

Ecmascript file had an error

Import trace:
  Server Component:
    ./src/app/components/home-leaderboard.tsx
    ./src/app/page.tsx @ http://localhost:3000/_next/static/chunks/0kd0_next_dist_02e_ku3._.js:1945
[  973542ms] [ERROR] ./src/app/leaderboard/page.tsx:9:3
To use "use cache", please enable the feature flag `cacheComponents` in your Next.js config.
    
    Read more: https://nextjs.org/docs/canary/app/api-reference/directives/use-cache#usage
   7 |
   8 | export default async function ...
>  9 |   "use cache";
     |   ^^^^^^^^^^^
  10 |   cacheLife({ expire: 3600 });
  11 |
  12 |   const [leaderboardData, stat...

Ecmascript file had an error @ http://localhost:3000/_next/static/chunks/0kd0_next_dist_02e_ku3._.js:1945
[  973595ms] [ERROR] ./src/app/components/home-leaderboard.tsx:10:3
To use "use cache", please enable the feature flag `cacheComponents` in your Next.js config.
    
    Read more: https://nextjs.org/docs/canary/app/api-reference/directives/use-cache#usage
   8 |
   9 | export async function HomeLead...
> 10 |   "use cache";
     |   ^^^^^^^^^^^
  11 |   cacheLife({ expire: 3600 });
  12 |
  13 |   // Chamada de API direto no ...

Ecmascript file had an error

Import trace:
  Server Component:
    ./src/app/components/home-leaderboard.tsx
    ./src/app/page.tsx @ http://localhost:3000/_next/static/chunks/0kd0_next_dist_02e_ku3._.js:1945
[  973595ms] [ERROR] ./src/app/leaderboard/page.tsx:9:3
To use "use cache", please enable the feature flag `cacheComponents` in your Next.js config.
    
    Read more: https://nextjs.org/docs/canary/app/api-reference/directives/use-cache#usage
   7 |
   8 | export default async function ...
>  9 |   "use cache";
     |   ^^^^^^^^^^^
  10 |   cacheLife({ expire: 3600 });
  11 |
  12 |   const [leaderboardData, stat...

Ecmascript file had an error @ http://localhost:3000/_next/static/chunks/0kd0_next_dist_02e_ku3._.js:1945
[  973645ms] [ERROR] ./src/app/components/home-leaderboard.tsx:10:3
To use "use cache", please enable the feature flag `cacheComponents` in your Next.js config.
    
    Read more: https://nextjs.org/docs/canary/app/api-reference/directives/use-cache#usage
   8 |
   9 | export async function HomeLead...
> 10 |   "use cache";
     |   ^^^^^^^^^^^
  11 |   cacheLife({ expire: 3600 });
  12 |
  13 |   // Chamada de API direto no ...

Ecmascript file had an error

Import trace:
  Server Component:
    ./src/app/components/home-leaderboard.tsx
    ./src/app/page.tsx @ http://localhost:3000/_next/static/chunks/0kd0_next_dist_02e_ku3._.js:1945
[  973645ms] [ERROR] ./src/app/leaderboard/page.tsx:9:3
To use "use cache", please enable the feature flag `cacheComponents` in your Next.js config.
    
    Read more: https://nextjs.org/docs/canary/app/api-reference/directives/use-cache#usage
   7 |
   8 | export default async function ...
>  9 |   "use cache";
     |   ^^^^^^^^^^^
  10 |   cacheLife({ expire: 3600 });
  11 |
  12 |   const [leaderboardData, stat...

Ecmascript file had an error @ http://localhost:3000/_next/static/chunks/0kd0_next_dist_02e_ku3._.js:1945
[  973711ms] [ERROR] ./src/app/components/home-leaderboard.tsx:10:3
To use "use cache", please enable the feature flag `cacheComponents` in your Next.js config.
    
    Read more: https://nextjs.org/docs/canary/app/api-reference/directives/use-cache#usage
   8 |
   9 | export async function HomeLead...
> 10 |   "use cache";
     |   ^^^^^^^^^^^
  11 |   cacheLife({ expire: 3600 });
  12 |
  13 |   // Chamada de API direto no ...

Ecmascript file had an error

Import trace:
  Server Component:
    ./src/app/components/home-leaderboard.tsx
    ./src/app/page.tsx @ http://localhost:3000/_next/static/chunks/0kd0_next_dist_02e_ku3._.js:1945
[  973711ms] [ERROR] ./src/app/leaderboard/page.tsx:9:3
To use "use cache", please enable the feature flag `cacheComponents` in your Next.js config.
    
    Read more: https://nextjs.org/docs/canary/app/api-reference/directives/use-cache#usage
   7 |
   8 | export default async function ...
>  9 |   "use cache";
     |   ^^^^^^^^^^^
  10 |   cacheLife({ expire: 3600 });
  11 |
  12 |   const [leaderboardData, stat...

Ecmascript file had an error @ http://localhost:3000/_next/static/chunks/0kd0_next_dist_02e_ku3._.js:1945
[  973852ms] [ERROR] ./src/app/components/home-leaderboard.tsx:10:3
To use "use cache", please enable the feature flag `cacheComponents` in your Next.js config.
    
    Read more: https://nextjs.org/docs/canary/app/api-reference/directives/use-cache#usage
   8 |
   9 | export async function HomeLead...
> 10 |   "use cache";
     |   ^^^^^^^^^^^
  11 |   cacheLife({ expire: 3600 });
  12 |
  13 |   // Chamada de API direto no ...

Ecmascript file had an error

Import trace:
  Server Component:
    ./src/app/components/home-leaderboard.tsx
    ./src/app/page.tsx @ http://localhost:3000/_next/static/chunks/0kd0_next_dist_02e_ku3._.js:1945
[  973852ms] [ERROR] ./src/app/leaderboard/page.tsx:9:3
To use "use cache", please enable the feature flag `cacheComponents` in your Next.js config.
    
    Read more: https://nextjs.org/docs/canary/app/api-reference/directives/use-cache#usage
   7 |
   8 | export default async function ...
>  9 |   "use cache";
     |   ^^^^^^^^^^^
  10 |   cacheLife({ expire: 3600 });
  11 |
  12 |   const [leaderboardData, stat...

Ecmascript file had an error @ http://localhost:3000/_next/static/chunks/0kd0_next_dist_02e_ku3._.js:1945
[  973915ms] [ERROR] ./src/app/components/home-leaderboard.tsx:10:3
To use "use cache", please enable the feature flag `cacheComponents` in your Next.js config.
    
    Read more: https://nextjs.org/docs/canary/app/api-reference/directives/use-cache#usage
   8 |
   9 | export async function HomeLead...
> 10 |   "use cache";
     |   ^^^^^^^^^^^
  11 |   cacheLife({ expire: 3600 });
  12 |
  13 |   // Chamada de API direto no ...

Ecmascript file had an error

Import trace:
  Server Component:
    ./src/app/components/home-leaderboard.tsx
    ./src/app/page.tsx @ http://localhost:3000/_next/static/chunks/0kd0_next_dist_02e_ku3._.js:1945
[  973915ms] [ERROR] ./src/app/leaderboard/page.tsx:9:3
To use "use cache", please enable the feature flag `cacheComponents` in your Next.js config.
    
    Read more: https://nextjs.org/docs/canary/app/api-reference/directives/use-cache#usage
   7 |
   8 | export default async function ...
>  9 |   "use cache";
     |   ^^^^^^^^^^^
  10 |   cacheLife({ expire: 3600 });
  11 |
  12 |   const [leaderboardData, stat...

Ecmascript file had an error @ http://localhost:3000/_next/static/chunks/0kd0_next_dist_02e_ku3._.js:1945
[  973963ms] [ERROR] ./src/app/components/home-leaderboard.tsx:10:3
To use "use cache", please enable the feature flag `cacheComponents` in your Next.js config.
    
    Read more: https://nextjs.org/docs/canary/app/api-reference/directives/use-cache#usage
   8 |
   9 | export async function HomeLead...
> 10 |   "use cache";
     |   ^^^^^^^^^^^
  11 |   cacheLife({ expire: 3600 });
  12 |
  13 |   // Chamada de API direto no ...

Ecmascript file had an error

Import trace:
  Server Component:
    ./src/app/components/home-leaderboard.tsx
    ./src/app/page.tsx @ http://localhost:3000/_next/static/chunks/0kd0_next_dist_02e_ku3._.js:1945
[  973963ms] [ERROR] ./src/app/leaderboard/page.tsx:9:3
To use "use cache", please enable the feature flag `cacheComponents` in your Next.js config.
    
    Read more: https://nextjs.org/docs/canary/app/api-reference/directives/use-cache#usage
   7 |
   8 | export default async function ...
>  9 |   "use cache";
     |   ^^^^^^^^^^^
  10 |   cacheLife({ expire: 3600 });
  11 |
  12 |   const [leaderboardData, stat...

Ecmascript file had an error @ http://localhost:3000/_next/static/chunks/0kd0_next_dist_02e_ku3._.js:1945
[  974010ms] [ERROR] ./src/app/components/home-leaderboard.tsx:10:3
To use "use cache", please enable the feature flag `cacheComponents` in your Next.js config.
    
    Read more: https://nextjs.org/docs/canary/app/api-reference/directives/use-cache#usage
   8 |
   9 | export async function HomeLead...
> 10 |   "use cache";
     |   ^^^^^^^^^^^
  11 |   cacheLife({ expire: 3600 });
  12 |
  13 |   // Chamada de API direto no ...

Ecmascript file had an error

Import trace:
  Server Component:
    ./src/app/components/home-leaderboard.tsx
    ./src/app/page.tsx @ http://localhost:3000/_next/static/chunks/0kd0_next_dist_02e_ku3._.js:1945
[  974010ms] [ERROR] ./src/app/leaderboard/page.tsx:9:3
To use "use cache", please enable the feature flag `cacheComponents` in your Next.js config.
    
    Read more: https://nextjs.org/docs/canary/app/api-reference/directives/use-cache#usage
   7 |
   8 | export default async function ...
>  9 |   "use cache";
     |   ^^^^^^^^^^^
  10 |   cacheLife({ expire: 3600 });
  11 |
  12 |   const [leaderboardData, stat...

Ecmascript file had an error @ http://localhost:3000/_next/static/chunks/0kd0_next_dist_02e_ku3._.js:1945
[  974058ms] [ERROR] ./src/app/components/home-leaderboard.tsx:10:3
To use "use cache", please enable the feature flag `cacheComponents` in your Next.js config.
    
    Read more: https://nextjs.org/docs/canary/app/api-reference/directives/use-cache#usage
   8 |
   9 | export async function HomeLead...
> 10 |   "use cache";
     |   ^^^^^^^^^^^
  11 |   cacheLife({ expire: 3600 });
  12 |
  13 |   // Chamada de API direto no ...

Ecmascript file had an error

Import trace:
  Server Component:
    ./src/app/components/home-leaderboard.tsx
    ./src/app/page.tsx @ http://localhost:3000/_next/static/chunks/0kd0_next_dist_02e_ku3._.js:1945
[  974058ms] [ERROR] ./src/app/leaderboard/page.tsx:9:3
To use "use cache", please enable the feature flag `cacheComponents` in your Next.js config.
    
    Read more: https://nextjs.org/docs/canary/app/api-reference/directives/use-cache#usage
   7 |
   8 | export default async function ...
>  9 |   "use cache";
     |   ^^^^^^^^^^^
  10 |   cacheLife({ expire: 3600 });
  11 |
  12 |   const [leaderboardData, stat...

Ecmascript file had an error @ http://localhost:3000/_next/static/chunks/0kd0_next_dist_02e_ku3._.js:1945
[  974104ms] [ERROR] ./src/app/components/home-leaderboard.tsx:10:3
To use "use cache", please enable the feature flag `cacheComponents` in your Next.js config.
    
    Read more: https://nextjs.org/docs/canary/app/api-reference/directives/use-cache#usage
   8 |
   9 | export async function HomeLead...
> 10 |   "use cache";
     |   ^^^^^^^^^^^
  11 |   cacheLife({ expire: 3600 });
  12 |
  13 |   // Chamada de API direto no ...

Ecmascript file had an error

Import trace:
  Server Component:
    ./src/app/components/home-leaderboard.tsx
    ./src/app/page.tsx @ http://localhost:3000/_next/static/chunks/0kd0_next_dist_02e_ku3._.js:1945
[  974104ms] [ERROR] ./src/app/leaderboard/page.tsx:9:3
To use "use cache", please enable the feature flag `cacheComponents` in your Next.js config.
    
    Read more: https://nextjs.org/docs/canary/app/api-reference/directives/use-cache#usage
   7 |
   8 | export default async function ...
>  9 |   "use cache";
     |   ^^^^^^^^^^^
  10 |   cacheLife({ expire: 3600 });
  11 |
  12 |   const [leaderboardData, stat...

Ecmascript file had an error @ http://localhost:3000/_next/static/chunks/0kd0_next_dist_02e_ku3._.js:1945
[  974148ms] [ERROR] ./src/app/components/home-leaderboard.tsx:10:3
To use "use cache", please enable the feature flag `cacheComponents` in your Next.js config.
    
    Read more: https://nextjs.org/docs/canary/app/api-reference/directives/use-cache#usage
   8 |
   9 | export async function HomeLead...
> 10 |   "use cache";
     |   ^^^^^^^^^^^
  11 |   cacheLife({ expire: 3600 });
  12 |
  13 |   // Chamada de API direto no ...

Ecmascript file had an error

Import trace:
  Server Component:
    ./src/app/components/home-leaderboard.tsx
    ./src/app/page.tsx @ http://localhost:3000/_next/static/chunks/0kd0_next_dist_02e_ku3._.js:1945
[  974148ms] [ERROR] ./src/app/leaderboard/page.tsx:9:3
To use "use cache", please enable the feature flag `cacheComponents` in your Next.js config.
    
    Read more: https://nextjs.org/docs/canary/app/api-reference/directives/use-cache#usage
   7 |
   8 | export default async function ...
>  9 |   "use cache";
     |   ^^^^^^^^^^^
  10 |   cacheLife({ expire: 3600 });
  11 |
  12 |   const [leaderboardData, stat...

Ecmascript file had an error @ http://localhost:3000/_next/static/chunks/0kd0_next_dist_02e_ku3._.js:1945
[  974196ms] [ERROR] ./src/app/components/home-leaderboard.tsx:10:3
To use "use cache", please enable the feature flag `cacheComponents` in your Next.js config.
    
    Read more: https://nextjs.org/docs/canary/app/api-reference/directives/use-cache#usage
   8 |
   9 | export async function HomeLead...
> 10 |   "use cache";
     |   ^^^^^^^^^^^
  11 |   cacheLife({ expire: 3600 });
  12 |
  13 |   // Chamada de API direto no ...

Ecmascript file had an error

Import trace:
  Server Component:
    ./src/app/components/home-leaderboard.tsx
    ./src/app/page.tsx @ http://localhost:3000/_next/static/chunks/0kd0_next_dist_02e_ku3._.js:1945
[  974196ms] [ERROR] ./src/app/leaderboard/page.tsx:9:3
To use "use cache", please enable the feature flag `cacheComponents` in your Next.js config.
    
    Read more: https://nextjs.org/docs/canary/app/api-reference/directives/use-cache#usage
   7 |
   8 | export default async function ...
>  9 |   "use cache";
     |   ^^^^^^^^^^^
  10 |   cacheLife({ expire: 3600 });
  11 |
  12 |   const [leaderboardData, stat...

Ecmascript file had an error @ http://localhost:3000/_next/static/chunks/0kd0_next_dist_02e_ku3._.js:1945
[  974249ms] [ERROR] ./src/app/components/home-leaderboard.tsx:10:3
To use "use cache", please enable the feature flag `cacheComponents` in your Next.js config.
    
    Read more: https://nextjs.org/docs/canary/app/api-reference/directives/use-cache#usage
   8 |
   9 | export async function HomeLead...
> 10 |   "use cache";
     |   ^^^^^^^^^^^
  11 |   cacheLife({ expire: 3600 });
  12 |
  13 |   // Chamada de API direto no ...

Ecmascript file had an error

Import trace:
  Server Component:
    ./src/app/components/home-leaderboard.tsx
    ./src/app/page.tsx @ http://localhost:3000/_next/static/chunks/0kd0_next_dist_02e_ku3._.js:1945
[  974249ms] [ERROR] ./src/app/leaderboard/page.tsx:9:3
To use "use cache", please enable the feature flag `cacheComponents` in your Next.js config.
    
    Read more: https://nextjs.org/docs/canary/app/api-reference/directives/use-cache#usage
   7 |
   8 | export default async function ...
>  9 |   "use cache";
     |   ^^^^^^^^^^^
  10 |   cacheLife({ expire: 3600 });
  11 |
  12 |   const [leaderboardData, stat...

Ecmascript file had an error @ http://localhost:3000/_next/static/chunks/0kd0_next_dist_02e_ku3._.js:1945
[  974299ms] [ERROR] ./src/app/components/home-leaderboard.tsx:10:3
To use "use cache", please enable the feature flag `cacheComponents` in your Next.js config.
    
    Read more: https://nextjs.org/docs/canary/app/api-reference/directives/use-cache#usage
   8 |
   9 | export async function HomeLead...
> 10 |   "use cache";
     |   ^^^^^^^^^^^
  11 |   cacheLife({ expire: 3600 });
  12 |
  13 |   // Chamada de API direto no ...

Ecmascript file had an error

Import trace:
  Server Component:
    ./src/app/components/home-leaderboard.tsx
    ./src/app/page.tsx @ http://localhost:3000/_next/static/chunks/0kd0_next_dist_02e_ku3._.js:1945
[  974299ms] [ERROR] ./src/app/leaderboard/page.tsx:9:3
To use "use cache", please enable the feature flag `cacheComponents` in your Next.js config.
    
    Read more: https://nextjs.org/docs/canary/app/api-reference/directives/use-cache#usage
   7 |
   8 | export default async function ...
>  9 |   "use cache";
     |   ^^^^^^^^^^^
  10 |   cacheLife({ expire: 3600 });
  11 |
  12 |   const [leaderboardData, stat...

Ecmascript file had an error @ http://localhost:3000/_next/static/chunks/0kd0_next_dist_02e_ku3._.js:1945
[  974348ms] [ERROR] ./src/app/components/home-leaderboard.tsx:10:3
To use "use cache", please enable the feature flag `cacheComponents` in your Next.js config.
    
    Read more: https://nextjs.org/docs/canary/app/api-reference/directives/use-cache#usage
   8 |
   9 | export async function HomeLead...
> 10 |   "use cache";
     |   ^^^^^^^^^^^
  11 |   cacheLife({ expire: 3600 });
  12 |
  13 |   // Chamada de API direto no ...

Ecmascript file had an error

Import trace:
  Server Component:
    ./src/app/components/home-leaderboard.tsx
    ./src/app/page.tsx @ http://localhost:3000/_next/static/chunks/0kd0_next_dist_02e_ku3._.js:1945
[  974348ms] [ERROR] ./src/app/leaderboard/page.tsx:9:3
To use "use cache", please enable the feature flag `cacheComponents` in your Next.js config.
    
    Read more: https://nextjs.org/docs/canary/app/api-reference/directives/use-cache#usage
   7 |
   8 | export default async function ...
>  9 |   "use cache";
     |   ^^^^^^^^^^^
  10 |   cacheLife({ expire: 3600 });
  11 |
  12 |   const [leaderboardData, stat...

Ecmascript file had an error @ http://localhost:3000/_next/static/chunks/0kd0_next_dist_02e_ku3._.js:1945
[  974391ms] [ERROR] ./src/app/components/home-leaderboard.tsx:10:3
To use "use cache", please enable the feature flag `cacheComponents` in your Next.js config.
    
    Read more: https://nextjs.org/docs/canary/app/api-reference/directives/use-cache#usage
   8 |
   9 | export async function HomeLead...
> 10 |   "use cache";
     |   ^^^^^^^^^^^
  11 |   cacheLife({ expire: 3600 });
  12 |
  13 |   // Chamada de API direto no ...

Ecmascript file had an error

Import trace:
  Server Component:
    ./src/app/components/home-leaderboard.tsx
    ./src/app/page.tsx @ http://localhost:3000/_next/static/chunks/0kd0_next_dist_02e_ku3._.js:1945
[  974391ms] [ERROR] ./src/app/leaderboard/page.tsx:9:3
To use "use cache", please enable the feature flag `cacheComponents` in your Next.js config.
    
    Read more: https://nextjs.org/docs/canary/app/api-reference/directives/use-cache#usage
   7 |
   8 | export default async function ...
>  9 |   "use cache";
     |   ^^^^^^^^^^^
  10 |   cacheLife({ expire: 3600 });
  11 |
  12 |   const [leaderboardData, stat...

Ecmascript file had an error @ http://localhost:3000/_next/static/chunks/0kd0_next_dist_02e_ku3._.js:1945
[  974442ms] [ERROR] ./src/app/components/home-leaderboard.tsx:10:3
To use "use cache", please enable the feature flag `cacheComponents` in your Next.js config.
    
    Read more: https://nextjs.org/docs/canary/app/api-reference/directives/use-cache#usage
   8 |
   9 | export async function HomeLead...
> 10 |   "use cache";
     |   ^^^^^^^^^^^
  11 |   cacheLife({ expire: 3600 });
  12 |
  13 |   // Chamada de API direto no ...

Ecmascript file had an error

Import trace:
  Server Component:
    ./src/app/components/home-leaderboard.tsx
    ./src/app/page.tsx @ http://localhost:3000/_next/static/chunks/0kd0_next_dist_02e_ku3._.js:1945
[  974442ms] [ERROR] ./src/app/leaderboard/page.tsx:9:3
To use "use cache", please enable the feature flag `cacheComponents` in your Next.js config.
    
    Read more: https://nextjs.org/docs/canary/app/api-reference/directives/use-cache#usage
   7 |
   8 | export default async function ...
>  9 |   "use cache";
     |   ^^^^^^^^^^^
  10 |   cacheLife({ expire: 3600 });
  11 |
  12 |   const [leaderboardData, stat...

Ecmascript file had an error @ http://localhost:3000/_next/static/chunks/0kd0_next_dist_02e_ku3._.js:1945
[  974485ms] [ERROR] ./src/app/components/home-leaderboard.tsx:10:3
To use "use cache", please enable the feature flag `cacheComponents` in your Next.js config.
    
    Read more: https://nextjs.org/docs/canary/app/api-reference/directives/use-cache#usage
   8 |
   9 | export async function HomeLead...
> 10 |   "use cache";
     |   ^^^^^^^^^^^
  11 |   cacheLife({ expire: 3600 });
  12 |
  13 |   // Chamada de API direto no ...

Ecmascript file had an error

Import trace:
  Server Component:
    ./src/app/components/home-leaderboard.tsx
    ./src/app/page.tsx @ http://localhost:3000/_next/static/chunks/0kd0_next_dist_02e_ku3._.js:1945
[  974485ms] [ERROR] ./src/app/leaderboard/page.tsx:9:3
To use "use cache", please enable the feature flag `cacheComponents` in your Next.js config.
    
    Read more: https://nextjs.org/docs/canary/app/api-reference/directives/use-cache#usage
   7 |
   8 | export default async function ...
>  9 |   "use cache";
     |   ^^^^^^^^^^^
  10 |   cacheLife({ expire: 3600 });
  11 |
  12 |   const [leaderboardData, stat...

Ecmascript file had an error @ http://localhost:3000/_next/static/chunks/0kd0_next_dist_02e_ku3._.js:1945
[  974535ms] [ERROR] ./src/app/components/home-leaderboard.tsx:10:3
To use "use cache", please enable the feature flag `cacheComponents` in your Next.js config.
    
    Read more: https://nextjs.org/docs/canary/app/api-reference/directives/use-cache#usage
   8 |
   9 | export async function HomeLead...
> 10 |   "use cache";
     |   ^^^^^^^^^^^
  11 |   cacheLife({ expire: 3600 });
  12 |
  13 |   // Chamada de API direto no ...

Ecmascript file had an error

Import trace:
  Server Component:
    ./src/app/components/home-leaderboard.tsx
    ./src/app/page.tsx @ http://localhost:3000/_next/static/chunks/0kd0_next_dist_02e_ku3._.js:1945
[  974535ms] [ERROR] ./src/app/leaderboard/page.tsx:9:3
To use "use cache", please enable the feature flag `cacheComponents` in your Next.js config.
    
    Read more: https://nextjs.org/docs/canary/app/api-reference/directives/use-cache#usage
   7 |
   8 | export default async function ...
>  9 |   "use cache";
     |   ^^^^^^^^^^^
  10 |   cacheLife({ expire: 3600 });
  11 |
  12 |   const [leaderboardData, stat...

Ecmascript file had an error @ http://localhost:3000/_next/static/chunks/0kd0_next_dist_02e_ku3._.js:1945
[  974585ms] [ERROR] ./src/app/components/home-leaderboard.tsx:10:3
To use "use cache", please enable the feature flag `cacheComponents` in your Next.js config.
    
    Read more: https://nextjs.org/docs/canary/app/api-reference/directives/use-cache#usage
   8 |
   9 | export async function HomeLead...
> 10 |   "use cache";
     |   ^^^^^^^^^^^
  11 |   cacheLife({ expire: 3600 });
  12 |
  13 |   // Chamada de API direto no ...

Ecmascript file had an error

Import trace:
  Server Component:
    ./src/app/components/home-leaderboard.tsx
    ./src/app/page.tsx @ http://localhost:3000/_next/static/chunks/0kd0_next_dist_02e_ku3._.js:1945
[  974585ms] [ERROR] ./src/app/leaderboard/page.tsx:9:3
To use "use cache", please enable the feature flag `cacheComponents` in your Next.js config.
    
    Read more: https://nextjs.org/docs/canary/app/api-reference/directives/use-cache#usage
   7 |
   8 | export default async function ...
>  9 |   "use cache";
     |   ^^^^^^^^^^^
  10 |   cacheLife({ expire: 3600 });
  11 |
  12 |   const [leaderboardData, stat...

Ecmascript file had an error @ http://localhost:3000/_next/static/chunks/0kd0_next_dist_02e_ku3._.js:1945
[  974636ms] [ERROR] ./src/app/components/home-leaderboard.tsx:10:3
To use "use cache", please enable the feature flag `cacheComponents` in your Next.js config.
    
    Read more: https://nextjs.org/docs/canary/app/api-reference/directives/use-cache#usage
   8 |
   9 | export async function HomeLead...
> 10 |   "use cache";
     |   ^^^^^^^^^^^
  11 |   cacheLife({ expire: 3600 });
  12 |
  13 |   // Chamada de API direto no ...

Ecmascript file had an error

Import trace:
  Server Component:
    ./src/app/components/home-leaderboard.tsx
    ./src/app/page.tsx @ http://localhost:3000/_next/static/chunks/0kd0_next_dist_02e_ku3._.js:1945
[  974637ms] [ERROR] ./src/app/leaderboard/page.tsx:9:3
To use "use cache", please enable the feature flag `cacheComponents` in your Next.js config.
    
    Read more: https://nextjs.org/docs/canary/app/api-reference/directives/use-cache#usage
   7 |
   8 | export default async function ...
>  9 |   "use cache";
     |   ^^^^^^^^^^^
  10 |   cacheLife({ expire: 3600 });
  11 |
  12 |   const [leaderboardData, stat...

Ecmascript file had an error @ http://localhost:3000/_next/static/chunks/0kd0_next_dist_02e_ku3._.js:1945
[  974685ms] [ERROR] ./src/app/components/home-leaderboard.tsx:10:3
To use "use cache", please enable the feature flag `cacheComponents` in your Next.js config.
    
    Read more: https://nextjs.org/docs/canary/app/api-reference/directives/use-cache#usage
   8 |
   9 | export async function HomeLead...
> 10 |   "use cache";
     |   ^^^^^^^^^^^
  11 |   cacheLife({ expire: 3600 });
  12 |
  13 |   // Chamada de API direto no ...

Ecmascript file had an error

Import trace:
  Server Component:
    ./src/app/components/home-leaderboard.tsx
    ./src/app/page.tsx @ http://localhost:3000/_next/static/chunks/0kd0_next_dist_02e_ku3._.js:1945
[  974685ms] [ERROR] ./src/app/leaderboard/page.tsx:9:3
To use "use cache", please enable the feature flag `cacheComponents` in your Next.js config.
    
    Read more: https://nextjs.org/docs/canary/app/api-reference/directives/use-cache#usage
   7 |
   8 | export default async function ...
>  9 |   "use cache";
     |   ^^^^^^^^^^^
  10 |   cacheLife({ expire: 3600 });
  11 |
  12 |   const [leaderboardData, stat...

Ecmascript file had an error @ http://localhost:3000/_next/static/chunks/0kd0_next_dist_02e_ku3._.js:1945
[  974734ms] [ERROR] ./src/app/components/home-leaderboard.tsx:10:3
To use "use cache", please enable the feature flag `cacheComponents` in your Next.js config.
    
    Read more: https://nextjs.org/docs/canary/app/api-reference/directives/use-cache#usage
   8 |
   9 | export async function HomeLead...
> 10 |   "use cache";
     |   ^^^^^^^^^^^
  11 |   cacheLife({ expire: 3600 });
  12 |
  13 |   // Chamada de API direto no ...

Ecmascript file had an error

Import trace:
  Server Component:
    ./src/app/components/home-leaderboard.tsx
    ./src/app/page.tsx @ http://localhost:3000/_next/static/chunks/0kd0_next_dist_02e_ku3._.js:1945
[  974734ms] [ERROR] ./src/app/leaderboard/page.tsx:9:3
To use "use cache", please enable the feature flag `cacheComponents` in your Next.js config.
    
    Read more: https://nextjs.org/docs/canary/app/api-reference/directives/use-cache#usage
   7 |
   8 | export default async function ...
>  9 |   "use cache";
     |   ^^^^^^^^^^^
  10 |   cacheLife({ expire: 3600 });
  11 |
  12 |   const [leaderboardData, stat...

Ecmascript file had an error @ http://localhost:3000/_next/static/chunks/0kd0_next_dist_02e_ku3._.js:1945
[  974783ms] [ERROR] ./src/app/components/home-leaderboard.tsx:10:3
To use "use cache", please enable the feature flag `cacheComponents` in your Next.js config.
    
    Read more: https://nextjs.org/docs/canary/app/api-reference/directives/use-cache#usage
   8 |
   9 | export async function HomeLead...
> 10 |   "use cache";
     |   ^^^^^^^^^^^
  11 |   cacheLife({ expire: 3600 });
  12 |
  13 |   // Chamada de API direto no ...

Ecmascript file had an error

Import trace:
  Server Component:
    ./src/app/components/home-leaderboard.tsx
    ./src/app/page.tsx @ http://localhost:3000/_next/static/chunks/0kd0_next_dist_02e_ku3._.js:1945
[  974783ms] [ERROR] ./src/app/leaderboard/page.tsx:9:3
To use "use cache", please enable the feature flag `cacheComponents` in your Next.js config.
    
    Read more: https://nextjs.org/docs/canary/app/api-reference/directives/use-cache#usage
   7 |
   8 | export default async function ...
>  9 |   "use cache";
     |   ^^^^^^^^^^^
  10 |   cacheLife({ expire: 3600 });
  11 |
  12 |   const [leaderboardData, stat...

Ecmascript file had an error @ http://localhost:3000/_next/static/chunks/0kd0_next_dist_02e_ku3._.js:1945
[  974833ms] [ERROR] ./src/app/components/home-leaderboard.tsx:10:3
To use "use cache", please enable the feature flag `cacheComponents` in your Next.js config.
    
    Read more: https://nextjs.org/docs/canary/app/api-reference/directives/use-cache#usage
   8 |
   9 | export async function HomeLead...
> 10 |   "use cache";
     |   ^^^^^^^^^^^
  11 |   cacheLife({ expire: 3600 });
  12 |
  13 |   // Chamada de API direto no ...

Ecmascript file had an error

Import trace:
  Server Component:
    ./src/app/components/home-leaderboard.tsx
    ./src/app/page.tsx @ http://localhost:3000/_next/static/chunks/0kd0_next_dist_02e_ku3._.js:1945
[  974833ms] [ERROR] ./src/app/leaderboard/page.tsx:9:3
To use "use cache", please enable the feature flag `cacheComponents` in your Next.js config.
    
    Read more: https://nextjs.org/docs/canary/app/api-reference/directives/use-cache#usage
   7 |
   8 | export default async function ...
>  9 |   "use cache";
     |   ^^^^^^^^^^^
  10 |   cacheLife({ expire: 3600 });
  11 |
  12 |   const [leaderboardData, stat...

Ecmascript file had an error @ http://localhost:3000/_next/static/chunks/0kd0_next_dist_02e_ku3._.js:1945
[  974882ms] [ERROR] ./src/app/components/home-leaderboard.tsx:10:3
To use "use cache", please enable the feature flag `cacheComponents` in your Next.js config.
    
    Read more: https://nextjs.org/docs/canary/app/api-reference/directives/use-cache#usage
   8 |
   9 | export async function HomeLead...
> 10 |   "use cache";
     |   ^^^^^^^^^^^
  11 |   cacheLife({ expire: 3600 });
  12 |
  13 |   // Chamada de API direto no ...

Ecmascript file had an error

Import trace:
  Server Component:
    ./src/app/components/home-leaderboard.tsx
    ./src/app/page.tsx @ http://localhost:3000/_next/static/chunks/0kd0_next_dist_02e_ku3._.js:1945
[  974882ms] [ERROR] ./src/app/leaderboard/page.tsx:9:3
To use "use cache", please enable the feature flag `cacheComponents` in your Next.js config.
    
    Read more: https://nextjs.org/docs/canary/app/api-reference/directives/use-cache#usage
   7 |
   8 | export default async function ...
>  9 |   "use cache";
     |   ^^^^^^^^^^^
  10 |   cacheLife({ expire: 3600 });
  11 |
  12 |   const [leaderboardData, stat...

Ecmascript file had an error @ http://localhost:3000/_next/static/chunks/0kd0_next_dist_02e_ku3._.js:1945
[  974929ms] [ERROR] ./src/app/components/home-leaderboard.tsx:10:3
To use "use cache", please enable the feature flag `cacheComponents` in your Next.js config.
    
    Read more: https://nextjs.org/docs/canary/app/api-reference/directives/use-cache#usage
   8 |
   9 | export async function HomeLead...
> 10 |   "use cache";
     |   ^^^^^^^^^^^
  11 |   cacheLife({ expire: 3600 });
  12 |
  13 |   // Chamada de API direto no ...

Ecmascript file had an error

Import trace:
  Server Component:
    ./src/app/components/home-leaderboard.tsx
    ./src/app/page.tsx @ http://localhost:3000/_next/static/chunks/0kd0_next_dist_02e_ku3._.js:1945
[  974929ms] [ERROR] ./src/app/leaderboard/page.tsx:9:3
To use "use cache", please enable the feature flag `cacheComponents` in your Next.js config.
    
    Read more: https://nextjs.org/docs/canary/app/api-reference/directives/use-cache#usage
   7 |
   8 | export default async function ...
>  9 |   "use cache";
     |   ^^^^^^^^^^^
  10 |   cacheLife({ expire: 3600 });
  11 |
  12 |   const [leaderboardData, stat...

Ecmascript file had an error @ http://localhost:3000/_next/static/chunks/0kd0_next_dist_02e_ku3._.js:1945
[  974979ms] [ERROR] ./src/app/components/home-leaderboard.tsx:10:3
To use "use cache", please enable the feature flag `cacheComponents` in your Next.js config.
    
    Read more: https://nextjs.org/docs/canary/app/api-reference/directives/use-cache#usage
   8 |
   9 | export async function HomeLead...
> 10 |   "use cache";
     |   ^^^^^^^^^^^
  11 |   cacheLife({ expire: 3600 });
  12 |
  13 |   // Chamada de API direto no ...

Ecmascript file had an error

Import trace:
  Server Component:
    ./src/app/components/home-leaderboard.tsx
    ./src/app/page.tsx @ http://localhost:3000/_next/static/chunks/0kd0_next_dist_02e_ku3._.js:1945
[  974979ms] [ERROR] ./src/app/leaderboard/page.tsx:9:3
To use "use cache", please enable the feature flag `cacheComponents` in your Next.js config.
    
    Read more: https://nextjs.org/docs/canary/app/api-reference/directives/use-cache#usage
   7 |
   8 | export default async function ...
>  9 |   "use cache";
     |   ^^^^^^^^^^^
  10 |   cacheLife({ expire: 3600 });
  11 |
  12 |   const [leaderboardData, stat...

Ecmascript file had an error @ http://localhost:3000/_next/static/chunks/0kd0_next_dist_02e_ku3._.js:1945
[  975028ms] [ERROR] ./src/app/components/home-leaderboard.tsx:10:3
To use "use cache", please enable the feature flag `cacheComponents` in your Next.js config.
    
    Read more: https://nextjs.org/docs/canary/app/api-reference/directives/use-cache#usage
   8 |
   9 | export async function HomeLead...
> 10 |   "use cache";
     |   ^^^^^^^^^^^
  11 |   cacheLife({ expire: 3600 });
  12 |
  13 |   // Chamada de API direto no ...

Ecmascript file had an error

Import trace:
  Server Component:
    ./src/app/components/home-leaderboard.tsx
    ./src/app/page.tsx @ http://localhost:3000/_next/static/chunks/0kd0_next_dist_02e_ku3._.js:1945
[  975028ms] [ERROR] ./src/app/leaderboard/page.tsx:9:3
To use "use cache", please enable the feature flag `cacheComponents` in your Next.js config.
    
    Read more: https://nextjs.org/docs/canary/app/api-reference/directives/use-cache#usage
   7 |
   8 | export default async function ...
>  9 |   "use cache";
     |   ^^^^^^^^^^^
  10 |   cacheLife({ expire: 3600 });
  11 |
  12 |   const [leaderboardData, stat...

Ecmascript file had an error @ http://localhost:3000/_next/static/chunks/0kd0_next_dist_02e_ku3._.js:1945
[  975079ms] [ERROR] ./src/app/components/home-leaderboard.tsx:10:3
To use "use cache", please enable the feature flag `cacheComponents` in your Next.js config.
    
    Read more: https://nextjs.org/docs/canary/app/api-reference/directives/use-cache#usage
   8 |
   9 | export async function HomeLead...
> 10 |   "use cache";
     |   ^^^^^^^^^^^
  11 |   cacheLife({ expire: 3600 });
  12 |
  13 |   // Chamada de API direto no ...

Ecmascript file had an error

Import trace:
  Server Component:
    ./src/app/components/home-leaderboard.tsx
    ./src/app/page.tsx @ http://localhost:3000/_next/static/chunks/0kd0_next_dist_02e_ku3._.js:1945
[  975079ms] [ERROR] ./src/app/leaderboard/page.tsx:9:3
To use "use cache", please enable the feature flag `cacheComponents` in your Next.js config.
    
    Read more: https://nextjs.org/docs/canary/app/api-reference/directives/use-cache#usage
   7 |
   8 | export default async function ...
>  9 |   "use cache";
     |   ^^^^^^^^^^^
  10 |   cacheLife({ expire: 3600 });
  11 |
  12 |   const [leaderboardData, stat...

Ecmascript file had an error @ http://localhost:3000/_next/static/chunks/0kd0_next_dist_02e_ku3._.js:1945
[  975130ms] [ERROR] ./src/app/components/home-leaderboard.tsx:10:3
To use "use cache", please enable the feature flag `cacheComponents` in your Next.js config.
    
    Read more: https://nextjs.org/docs/canary/app/api-reference/directives/use-cache#usage
   8 |
   9 | export async function HomeLead...
> 10 |   "use cache";
     |   ^^^^^^^^^^^
  11 |   cacheLife({ expire: 3600 });
  12 |
  13 |   // Chamada de API direto no ...

Ecmascript file had an error

Import trace:
  Server Component:
    ./src/app/components/home-leaderboard.tsx
    ./src/app/page.tsx @ http://localhost:3000/_next/static/chunks/0kd0_next_dist_02e_ku3._.js:1945
[  975130ms] [ERROR] ./src/app/leaderboard/page.tsx:9:3
To use "use cache", please enable the feature flag `cacheComponents` in your Next.js config.
    
    Read more: https://nextjs.org/docs/canary/app/api-reference/directives/use-cache#usage
   7 |
   8 | export default async function ...
>  9 |   "use cache";
     |   ^^^^^^^^^^^
  10 |   cacheLife({ expire: 3600 });
  11 |
  12 |   const [leaderboardData, stat...

Ecmascript file had an error @ http://localhost:3000/_next/static/chunks/0kd0_next_dist_02e_ku3._.js:1945
[  975182ms] [ERROR] ./src/app/components/home-leaderboard.tsx:10:3
To use "use cache", please enable the feature flag `cacheComponents` in your Next.js config.
    
    Read more: https://nextjs.org/docs/canary/app/api-reference/directives/use-cache#usage
   8 |
   9 | export async function HomeLead...
> 10 |   "use cache";
     |   ^^^^^^^^^^^
  11 |   cacheLife({ expire: 3600 });
  12 |
  13 |   // Chamada de API direto no ...

Ecmascript file had an error

Import trace:
  Server Component:
    ./src/app/components/home-leaderboard.tsx
    ./src/app/page.tsx @ http://localhost:3000/_next/static/chunks/0kd0_next_dist_02e_ku3._.js:1945
[  975182ms] [ERROR] ./src/app/leaderboard/page.tsx:9:3
To use "use cache", please enable the feature flag `cacheComponents` in your Next.js config.
    
    Read more: https://nextjs.org/docs/canary/app/api-reference/directives/use-cache#usage
   7 |
   8 | export default async function ...
>  9 |   "use cache";
     |   ^^^^^^^^^^^
  10 |   cacheLife({ expire: 3600 });
  11 |
  12 |   const [leaderboardData, stat...

Ecmascript file had an error @ http://localhost:3000/_next/static/chunks/0kd0_next_dist_02e_ku3._.js:1945
[  975232ms] [ERROR] ./src/app/components/home-leaderboard.tsx:10:3
To use "use cache", please enable the feature flag `cacheComponents` in your Next.js config.
    
    Read more: https://nextjs.org/docs/canary/app/api-reference/directives/use-cache#usage
   8 |
   9 | export async function HomeLead...
> 10 |   "use cache";
     |   ^^^^^^^^^^^
  11 |   cacheLife({ expire: 3600 });
  12 |
  13 |   // Chamada de API direto no ...

Ecmascript file had an error

Import trace:
  Server Component:
    ./src/app/components/home-leaderboard.tsx
    ./src/app/page.tsx @ http://localhost:3000/_next/static/chunks/0kd0_next_dist_02e_ku3._.js:1945
[  975233ms] [ERROR] ./src/app/leaderboard/page.tsx:9:3
To use "use cache", please enable the feature flag `cacheComponents` in your Next.js config.
    
    Read more: https://nextjs.org/docs/canary/app/api-reference/directives/use-cache#usage
   7 |
   8 | export default async function ...
>  9 |   "use cache";
     |   ^^^^^^^^^^^
  10 |   cacheLife({ expire: 3600 });
  11 |
  12 |   const [leaderboardData, stat...

Ecmascript file had an error @ http://localhost:3000/_next/static/chunks/0kd0_next_dist_02e_ku3._.js:1945
[  975283ms] [ERROR] ./src/app/components/home-leaderboard.tsx:10:3
To use "use cache", please enable the feature flag `cacheComponents` in your Next.js config.
    
    Read more: https://nextjs.org/docs/canary/app/api-reference/directives/use-cache#usage
   8 |
   9 | export async function HomeLead...
> 10 |   "use cache";
     |   ^^^^^^^^^^^
  11 |   cacheLife({ expire: 3600 });
  12 |
  13 |   // Chamada de API direto no ...

Ecmascript file had an error

Import trace:
  Server Component:
    ./src/app/components/home-leaderboard.tsx
    ./src/app/page.tsx @ http://localhost:3000/_next/static/chunks/0kd0_next_dist_02e_ku3._.js:1945
[  975283ms] [ERROR] ./src/app/leaderboard/page.tsx:9:3
To use "use cache", please enable the feature flag `cacheComponents` in your Next.js config.
    
    Read more: https://nextjs.org/docs/canary/app/api-reference/directives/use-cache#usage
   7 |
   8 | export default async function ...
>  9 |   "use cache";
     |   ^^^^^^^^^^^
  10 |   cacheLife({ expire: 3600 });
  11 |
  12 |   const [leaderboardData, stat...

Ecmascript file had an error @ http://localhost:3000/_next/static/chunks/0kd0_next_dist_02e_ku3._.js:1945
[  975333ms] [ERROR] ./src/app/components/home-leaderboard.tsx:10:3
To use "use cache", please enable the feature flag `cacheComponents` in your Next.js config.
    
    Read more: https://nextjs.org/docs/canary/app/api-reference/directives/use-cache#usage
   8 |
   9 | export async function HomeLead...
> 10 |   "use cache";
     |   ^^^^^^^^^^^
  11 |   cacheLife({ expire: 3600 });
  12 |
  13 |   // Chamada de API direto no ...

Ecmascript file had an error

Import trace:
  Server Component:
    ./src/app/components/home-leaderboard.tsx
    ./src/app/page.tsx @ http://localhost:3000/_next/static/chunks/0kd0_next_dist_02e_ku3._.js:1945
[  975333ms] [ERROR] ./src/app/leaderboard/page.tsx:9:3
To use "use cache", please enable the feature flag `cacheComponents` in your Next.js config.
    
    Read more: https://nextjs.org/docs/canary/app/api-reference/directives/use-cache#usage
   7 |
   8 | export default async function ...
>  9 |   "use cache";
     |   ^^^^^^^^^^^
  10 |   cacheLife({ expire: 3600 });
  11 |
  12 |   const [leaderboardData, stat...

Ecmascript file had an error @ http://localhost:3000/_next/static/chunks/0kd0_next_dist_02e_ku3._.js:1945
[  975383ms] [ERROR] ./src/app/components/home-leaderboard.tsx:10:3
To use "use cache", please enable the feature flag `cacheComponents` in your Next.js config.
    
    Read more: https://nextjs.org/docs/canary/app/api-reference/directives/use-cache#usage
   8 |
   9 | export async function HomeLead...
> 10 |   "use cache";
     |   ^^^^^^^^^^^
  11 |   cacheLife({ expire: 3600 });
  12 |
  13 |   // Chamada de API direto no ...

Ecmascript file had an error

Import trace:
  Server Component:
    ./src/app/components/home-leaderboard.tsx
    ./src/app/page.tsx @ http://localhost:3000/_next/static/chunks/0kd0_next_dist_02e_ku3._.js:1945
[  975383ms] [ERROR] ./src/app/leaderboard/page.tsx:9:3
To use "use cache", please enable the feature flag `cacheComponents` in your Next.js config.
    
    Read more: https://nextjs.org/docs/canary/app/api-reference/directives/use-cache#usage
   7 |
   8 | export default async function ...
>  9 |   "use cache";
     |   ^^^^^^^^^^^
  10 |   cacheLife({ expire: 3600 });
  11 |
  12 |   const [leaderboardData, stat...

Ecmascript file had an error @ http://localhost:3000/_next/static/chunks/0kd0_next_dist_02e_ku3._.js:1945
[  975433ms] [ERROR] ./src/app/components/home-leaderboard.tsx:10:3
To use "use cache", please enable the feature flag `cacheComponents` in your Next.js config.
    
    Read more: https://nextjs.org/docs/canary/app/api-reference/directives/use-cache#usage
   8 |
   9 | export async function HomeLead...
> 10 |   "use cache";
     |   ^^^^^^^^^^^
  11 |   cacheLife({ expire: 3600 });
  12 |
  13 |   // Chamada de API direto no ...

Ecmascript file had an error

Import trace:
  Server Component:
    ./src/app/components/home-leaderboard.tsx
    ./src/app/page.tsx @ http://localhost:3000/_next/static/chunks/0kd0_next_dist_02e_ku3._.js:1945
[  975433ms] [ERROR] ./src/app/leaderboard/page.tsx:9:3
To use "use cache", please enable the feature flag `cacheComponents` in your Next.js config.
    
    Read more: https://nextjs.org/docs/canary/app/api-reference/directives/use-cache#usage
   7 |
   8 | export default async function ...
>  9 |   "use cache";
     |   ^^^^^^^^^^^
  10 |   cacheLife({ expire: 3600 });
  11 |
  12 |   const [leaderboardData, stat...

Ecmascript file had an error @ http://localhost:3000/_next/static/chunks/0kd0_next_dist_02e_ku3._.js:1945
[  975483ms] [ERROR] ./src/app/components/home-leaderboard.tsx:10:3
To use "use cache", please enable the feature flag `cacheComponents` in your Next.js config.
    
    Read more: https://nextjs.org/docs/canary/app/api-reference/directives/use-cache#usage
   8 |
   9 | export async function HomeLead...
> 10 |   "use cache";
     |   ^^^^^^^^^^^
  11 |   cacheLife({ expire: 3600 });
  12 |
  13 |   // Chamada de API direto no ...

Ecmascript file had an error

Import trace:
  Server Component:
    ./src/app/components/home-leaderboard.tsx
    ./src/app/page.tsx @ http://localhost:3000/_next/static/chunks/0kd0_next_dist_02e_ku3._.js:1945
[  975484ms] [ERROR] ./src/app/leaderboard/page.tsx:9:3
To use "use cache", please enable the feature flag `cacheComponents` in your Next.js config.
    
    Read more: https://nextjs.org/docs/canary/app/api-reference/directives/use-cache#usage
   7 |
   8 | export default async function ...
>  9 |   "use cache";
     |   ^^^^^^^^^^^
  10 |   cacheLife({ expire: 3600 });
  11 |
  12 |   const [leaderboardData, stat...

Ecmascript file had an error @ http://localhost:3000/_next/static/chunks/0kd0_next_dist_02e_ku3._.js:1945
[  975533ms] [ERROR] ./src/app/components/home-leaderboard.tsx:10:3
To use "use cache", please enable the feature flag `cacheComponents` in your Next.js config.
    
    Read more: https://nextjs.org/docs/canary/app/api-reference/directives/use-cache#usage
   8 |
   9 | export async function HomeLead...
> 10 |   "use cache";
     |   ^^^^^^^^^^^
  11 |   cacheLife({ expire: 3600 });
  12 |
  13 |   // Chamada de API direto no ...

Ecmascript file had an error

Import trace:
  Server Component:
    ./src/app/components/home-leaderboard.tsx
    ./src/app/page.tsx @ http://localhost:3000/_next/static/chunks/0kd0_next_dist_02e_ku3._.js:1945
[  975533ms] [ERROR] ./src/app/leaderboard/page.tsx:9:3
To use "use cache", please enable the feature flag `cacheComponents` in your Next.js config.
    
    Read more: https://nextjs.org/docs/canary/app/api-reference/directives/use-cache#usage
   7 |
   8 | export default async function ...
>  9 |   "use cache";
     |   ^^^^^^^^^^^
  10 |   cacheLife({ expire: 3600 });
  11 |
  12 |   const [leaderboardData, stat...

Ecmascript file had an error @ http://localhost:3000/_next/static/chunks/0kd0_next_dist_02e_ku3._.js:1945
[  975583ms] [ERROR] ./src/app/components/home-leaderboard.tsx:10:3
To use "use cache", please enable the feature flag `cacheComponents` in your Next.js config.
    
    Read more: https://nextjs.org/docs/canary/app/api-reference/directives/use-cache#usage
   8 |
   9 | export async function HomeLead...
> 10 |   "use cache";
     |   ^^^^^^^^^^^
  11 |   cacheLife({ expire: 3600 });
  12 |
  13 |   // Chamada de API direto no ...

Ecmascript file had an error

Import trace:
  Server Component:
    ./src/app/components/home-leaderboard.tsx
    ./src/app/page.tsx @ http://localhost:3000/_next/static/chunks/0kd0_next_dist_02e_ku3._.js:1945
[  975583ms] [ERROR] ./src/app/leaderboard/page.tsx:9:3
To use "use cache", please enable the feature flag `cacheComponents` in your Next.js config.
    
    Read more: https://nextjs.org/docs/canary/app/api-reference/directives/use-cache#usage
   7 |
   8 | export default async function ...
>  9 |   "use cache";
     |   ^^^^^^^^^^^
  10 |   cacheLife({ expire: 3600 });
  11 |
  12 |   const [leaderboardData, stat...

Ecmascript file had an error @ http://localhost:3000/_next/static/chunks/0kd0_next_dist_02e_ku3._.js:1945
[  975623ms] [ERROR] ./src/app/components/home-leaderboard.tsx:10:3
To use "use cache", please enable the feature flag `cacheComponents` in your Next.js config.
    
    Read more: https://nextjs.org/docs/canary/app/api-reference/directives/use-cache#usage
   8 |
   9 | export async function HomeLead...
> 10 |   "use cache";
     |   ^^^^^^^^^^^
  11 |   cacheLife({ expire: 3600 });
  12 |
  13 |   // Chamada de API direto no ...

Ecmascript file had an error

Import trace:
  Server Component:
    ./src/app/components/home-leaderboard.tsx
    ./src/app/page.tsx @ http://localhost:3000/_next/static/chunks/0kd0_next_dist_02e_ku3._.js:1945
[  975623ms] [ERROR] ./src/app/leaderboard/page.tsx:9:3
To use "use cache", please enable the feature flag `cacheComponents` in your Next.js config.
    
    Read more: https://nextjs.org/docs/canary/app/api-reference/directives/use-cache#usage
   7 |
   8 | export default async function ...
>  9 |   "use cache";
     |   ^^^^^^^^^^^
  10 |   cacheLife({ expire: 3600 });
  11 |
  12 |   const [leaderboardData, stat...

Ecmascript file had an error @ http://localhost:3000/_next/static/chunks/0kd0_next_dist_02e_ku3._.js:1945
[  975674ms] [ERROR] ./src/app/components/home-leaderboard.tsx:10:3
To use "use cache", please enable the feature flag `cacheComponents` in your Next.js config.
    
    Read more: https://nextjs.org/docs/canary/app/api-reference/directives/use-cache#usage
   8 |
   9 | export async function HomeLead...
> 10 |   "use cache";
     |   ^^^^^^^^^^^
  11 |   cacheLife({ expire: 3600 });
  12 |
  13 |   // Chamada de API direto no ...

Ecmascript file had an error

Import trace:
  Server Component:
    ./src/app/components/home-leaderboard.tsx
    ./src/app/page.tsx @ http://localhost:3000/_next/static/chunks/0kd0_next_dist_02e_ku3._.js:1945
[  975674ms] [ERROR] ./src/app/leaderboard/page.tsx:9:3
To use "use cache", please enable the feature flag `cacheComponents` in your Next.js config.
    
    Read more: https://nextjs.org/docs/canary/app/api-reference/directives/use-cache#usage
   7 |
   8 | export default async function ...
>  9 |   "use cache";
     |   ^^^^^^^^^^^
  10 |   cacheLife({ expire: 3600 });
  11 |
  12 |   const [leaderboardData, stat...

Ecmascript file had an error @ http://localhost:3000/_next/static/chunks/0kd0_next_dist_02e_ku3._.js:1945
[  975724ms] [ERROR] ./src/app/components/home-leaderboard.tsx:10:3
To use "use cache", please enable the feature flag `cacheComponents` in your Next.js config.
    
    Read more: https://nextjs.org/docs/canary/app/api-reference/directives/use-cache#usage
   8 |
   9 | export async function HomeLead...
> 10 |   "use cache";
     |   ^^^^^^^^^^^
  11 |   cacheLife({ expire: 3600 });
  12 |
  13 |   // Chamada de API direto no ...

Ecmascript file had an error

Import trace:
  Server Component:
    ./src/app/components/home-leaderboard.tsx
    ./src/app/page.tsx @ http://localhost:3000/_next/static/chunks/0kd0_next_dist_02e_ku3._.js:1945
[  975724ms] [ERROR] ./src/app/leaderboard/page.tsx:9:3
To use "use cache", please enable the feature flag `cacheComponents` in your Next.js config.
    
    Read more: https://nextjs.org/docs/canary/app/api-reference/directives/use-cache#usage
   7 |
   8 | export default async function ...
>  9 |   "use cache";
     |   ^^^^^^^^^^^
  10 |   cacheLife({ expire: 3600 });
  11 |
  12 |   const [leaderboardData, stat...

Ecmascript file had an error @ http://localhost:3000/_next/static/chunks/0kd0_next_dist_02e_ku3._.js:1945
[  975775ms] [ERROR] ./src/app/components/home-leaderboard.tsx:10:3
To use "use cache", please enable the feature flag `cacheComponents` in your Next.js config.
    
    Read more: https://nextjs.org/docs/canary/app/api-reference/directives/use-cache#usage
   8 |
   9 | export async function HomeLead...
> 10 |   "use cache";
     |   ^^^^^^^^^^^
  11 |   cacheLife({ expire: 3600 });
  12 |
  13 |   // Chamada de API direto no ...

Ecmascript file had an error

Import trace:
  Server Component:
    ./src/app/components/home-leaderboard.tsx
    ./src/app/page.tsx @ http://localhost:3000/_next/static/chunks/0kd0_next_dist_02e_ku3._.js:1945
[  975776ms] [ERROR] ./src/app/leaderboard/page.tsx:9:3
To use "use cache", please enable the feature flag `cacheComponents` in your Next.js config.
    
    Read more: https://nextjs.org/docs/canary/app/api-reference/directives/use-cache#usage
   7 |
   8 | export default async function ...
>  9 |   "use cache";
     |   ^^^^^^^^^^^
  10 |   cacheLife({ expire: 3600 });
  11 |
  12 |   const [leaderboardData, stat...

Ecmascript file had an error @ http://localhost:3000/_next/static/chunks/0kd0_next_dist_02e_ku3._.js:1945
[  975827ms] [ERROR] ./src/app/components/home-leaderboard.tsx:10:3
To use "use cache", please enable the feature flag `cacheComponents` in your Next.js config.
    
    Read more: https://nextjs.org/docs/canary/app/api-reference/directives/use-cache#usage
   8 |
   9 | export async function HomeLead...
> 10 |   "use cache";
     |   ^^^^^^^^^^^
  11 |   cacheLife({ expire: 3600 });
  12 |
  13 |   // Chamada de API direto no ...

Ecmascript file had an error

Import trace:
  Server Component:
    ./src/app/components/home-leaderboard.tsx
    ./src/app/page.tsx @ http://localhost:3000/_next/static/chunks/0kd0_next_dist_02e_ku3._.js:1945
[  975827ms] [ERROR] ./src/app/leaderboard/page.tsx:9:3
To use "use cache", please enable the feature flag `cacheComponents` in your Next.js config.
    
    Read more: https://nextjs.org/docs/canary/app/api-reference/directives/use-cache#usage
   7 |
   8 | export default async function ...
>  9 |   "use cache";
     |   ^^^^^^^^^^^
  10 |   cacheLife({ expire: 3600 });
  11 |
  12 |   const [leaderboardData, stat...

Ecmascript file had an error @ http://localhost:3000/_next/static/chunks/0kd0_next_dist_02e_ku3._.js:1945
[  975878ms] [ERROR] ./src/app/components/home-leaderboard.tsx:10:3
To use "use cache", please enable the feature flag `cacheComponents` in your Next.js config.
    
    Read more: https://nextjs.org/docs/canary/app/api-reference/directives/use-cache#usage
   8 |
   9 | export async function HomeLead...
> 10 |   "use cache";
     |   ^^^^^^^^^^^
  11 |   cacheLife({ expire: 3600 });
  12 |
  13 |   // Chamada de API direto no ...

Ecmascript file had an error

Import trace:
  Server Component:
    ./src/app/components/home-leaderboard.tsx
    ./src/app/page.tsx @ http://localhost:3000/_next/static/chunks/0kd0_next_dist_02e_ku3._.js:1945
[  975878ms] [ERROR] ./src/app/leaderboard/page.tsx:9:3
To use "use cache", please enable the feature flag `cacheComponents` in your Next.js config.
    
    Read more: https://nextjs.org/docs/canary/app/api-reference/directives/use-cache#usage
   7 |
   8 | export default async function ...
>  9 |   "use cache";
     |   ^^^^^^^^^^^
  10 |   cacheLife({ expire: 3600 });
  11 |
  12 |   const [leaderboardData, stat...

Ecmascript file had an error @ http://localhost:3000/_next/static/chunks/0kd0_next_dist_02e_ku3._.js:1945
[  975930ms] [ERROR] ./src/app/components/home-leaderboard.tsx:10:3
To use "use cache", please enable the feature flag `cacheComponents` in your Next.js config.
    
    Read more: https://nextjs.org/docs/canary/app/api-reference/directives/use-cache#usage
   8 |
   9 | export async function HomeLead...
> 10 |   "use cache";
     |   ^^^^^^^^^^^
  11 |   cacheLife({ expire: 3600 });
  12 |
  13 |   // Chamada de API direto no ...

Ecmascript file had an error

Import trace:
  Server Component:
    ./src/app/components/home-leaderboard.tsx
    ./src/app/page.tsx @ http://localhost:3000/_next/static/chunks/0kd0_next_dist_02e_ku3._.js:1945
[  975930ms] [ERROR] ./src/app/leaderboard/page.tsx:9:3
To use "use cache", please enable the feature flag `cacheComponents` in your Next.js config.
    
    Read more: https://nextjs.org/docs/canary/app/api-reference/directives/use-cache#usage
   7 |
   8 | export default async function ...
>  9 |   "use cache";
     |   ^^^^^^^^^^^
  10 |   cacheLife({ expire: 3600 });
  11 |
  12 |   const [leaderboardData, stat...

Ecmascript file had an error @ http://localhost:3000/_next/static/chunks/0kd0_next_dist_02e_ku3._.js:1945
[  975980ms] [ERROR] ./src/app/components/home-leaderboard.tsx:10:3
To use "use cache", please enable the feature flag `cacheComponents` in your Next.js config.
    
    Read more: https://nextjs.org/docs/canary/app/api-reference/directives/use-cache#usage
   8 |
   9 | export async function HomeLead...
> 10 |   "use cache";
     |   ^^^^^^^^^^^
  11 |   cacheLife({ expire: 3600 });
  12 |
  13 |   // Chamada de API direto no ...

Ecmascript file had an error

Import trace:
  Server Component:
    ./src/app/components/home-leaderboard.tsx
    ./src/app/page.tsx @ http://localhost:3000/_next/static/chunks/0kd0_next_dist_02e_ku3._.js:1945
[  975980ms] [ERROR] ./src/app/leaderboard/page.tsx:9:3
To use "use cache", please enable the feature flag `cacheComponents` in your Next.js config.
    
    Read more: https://nextjs.org/docs/canary/app/api-reference/directives/use-cache#usage
   7 |
   8 | export default async function ...
>  9 |   "use cache";
     |   ^^^^^^^^^^^
  10 |   cacheLife({ expire: 3600 });
  11 |
  12 |   const [leaderboardData, stat...

Ecmascript file had an error @ http://localhost:3000/_next/static/chunks/0kd0_next_dist_02e_ku3._.js:1945
[  976031ms] [ERROR] ./src/app/components/home-leaderboard.tsx:10:3
To use "use cache", please enable the feature flag `cacheComponents` in your Next.js config.
    
    Read more: https://nextjs.org/docs/canary/app/api-reference/directives/use-cache#usage
   8 |
   9 | export async function HomeLead...
> 10 |   "use cache";
     |   ^^^^^^^^^^^
  11 |   cacheLife({ expire: 3600 });
  12 |
  13 |   // Chamada de API direto no ...

Ecmascript file had an error

Import trace:
  Server Component:
    ./src/app/components/home-leaderboard.tsx
    ./src/app/page.tsx @ http://localhost:3000/_next/static/chunks/0kd0_next_dist_02e_ku3._.js:1945
[  976031ms] [ERROR] ./src/app/leaderboard/page.tsx:9:3
To use "use cache", please enable the feature flag `cacheComponents` in your Next.js config.
    
    Read more: https://nextjs.org/docs/canary/app/api-reference/directives/use-cache#usage
   7 |
   8 | export default async function ...
>  9 |   "use cache";
     |   ^^^^^^^^^^^
  10 |   cacheLife({ expire: 3600 });
  11 |
  12 |   const [leaderboardData, stat...

Ecmascript file had an error @ http://localhost:3000/_next/static/chunks/0kd0_next_dist_02e_ku3._.js:1945
[  976083ms] [ERROR] ./src/app/components/home-leaderboard.tsx:10:3
To use "use cache", please enable the feature flag `cacheComponents` in your Next.js config.
    
    Read more: https://nextjs.org/docs/canary/app/api-reference/directives/use-cache#usage
   8 |
   9 | export async function HomeLead...
> 10 |   "use cache";
     |   ^^^^^^^^^^^
  11 |   cacheLife({ expire: 3600 });
  12 |
  13 |   // Chamada de API direto no ...

Ecmascript file had an error

Import trace:
  Server Component:
    ./src/app/components/home-leaderboard.tsx
    ./src/app/page.tsx @ http://localhost:3000/_next/static/chunks/0kd0_next_dist_02e_ku3._.js:1945
[  976084ms] [ERROR] ./src/app/leaderboard/page.tsx:9:3
To use "use cache", please enable the feature flag `cacheComponents` in your Next.js config.
    
    Read more: https://nextjs.org/docs/canary/app/api-reference/directives/use-cache#usage
   7 |
   8 | export default async function ...
>  9 |   "use cache";
     |   ^^^^^^^^^^^
  10 |   cacheLife({ expire: 3600 });
  11 |
  12 |   const [leaderboardData, stat...

Ecmascript file had an error @ http://localhost:3000/_next/static/chunks/0kd0_next_dist_02e_ku3._.js:1945
[  976135ms] [ERROR] ./src/app/components/home-leaderboard.tsx:10:3
To use "use cache", please enable the feature flag `cacheComponents` in your Next.js config.
    
    Read more: https://nextjs.org/docs/canary/app/api-reference/directives/use-cache#usage
   8 |
   9 | export async function HomeLead...
> 10 |   "use cache";
     |   ^^^^^^^^^^^
  11 |   cacheLife({ expire: 3600 });
  12 |
  13 |   // Chamada de API direto no ...

Ecmascript file had an error

Import trace:
  Server Component:
    ./src/app/components/home-leaderboard.tsx
    ./src/app/page.tsx @ http://localhost:3000/_next/static/chunks/0kd0_next_dist_02e_ku3._.js:1945
[  976135ms] [ERROR] ./src/app/leaderboard/page.tsx:9:3
To use "use cache", please enable the feature flag `cacheComponents` in your Next.js config.
    
    Read more: https://nextjs.org/docs/canary/app/api-reference/directives/use-cache#usage
   7 |
   8 | export default async function ...
>  9 |   "use cache";
     |   ^^^^^^^^^^^
  10 |   cacheLife({ expire: 3600 });
  11 |
  12 |   const [leaderboardData, stat...

Ecmascript file had an error @ http://localhost:3000/_next/static/chunks/0kd0_next_dist_02e_ku3._.js:1945
[  976187ms] [ERROR] ./src/app/components/home-leaderboard.tsx:10:3
To use "use cache", please enable the feature flag `cacheComponents` in your Next.js config.
    
    Read more: https://nextjs.org/docs/canary/app/api-reference/directives/use-cache#usage
   8 |
   9 | export async function HomeLead...
> 10 |   "use cache";
     |   ^^^^^^^^^^^
  11 |   cacheLife({ expire: 3600 });
  12 |
  13 |   // Chamada de API direto no ...

Ecmascript file had an error

Import trace:
  Server Component:
    ./src/app/components/home-leaderboard.tsx
    ./src/app/page.tsx @ http://localhost:3000/_next/static/chunks/0kd0_next_dist_02e_ku3._.js:1945
[  976187ms] [ERROR] ./src/app/leaderboard/page.tsx:9:3
To use "use cache", please enable the feature flag `cacheComponents` in your Next.js config.
    
    Read more: https://nextjs.org/docs/canary/app/api-reference/directives/use-cache#usage
   7 |
   8 | export default async function ...
>  9 |   "use cache";
     |   ^^^^^^^^^^^
  10 |   cacheLife({ expire: 3600 });
  11 |
  12 |   const [leaderboardData, stat...

Ecmascript file had an error @ http://localhost:3000/_next/static/chunks/0kd0_next_dist_02e_ku3._.js:1945
[  976236ms] [ERROR] ./src/app/components/home-leaderboard.tsx:10:3
To use "use cache", please enable the feature flag `cacheComponents` in your Next.js config.
    
    Read more: https://nextjs.org/docs/canary/app/api-reference/directives/use-cache#usage
   8 |
   9 | export async function HomeLead...
> 10 |   "use cache";
     |   ^^^^^^^^^^^
  11 |   cacheLife({ expire: 3600 });
  12 |
  13 |   // Chamada de API direto no ...

Ecmascript file had an error

Import trace:
  Server Component:
    ./src/app/components/home-leaderboard.tsx
    ./src/app/page.tsx @ http://localhost:3000/_next/static/chunks/0kd0_next_dist_02e_ku3._.js:1945
[  976236ms] [ERROR] ./src/app/leaderboard/page.tsx:9:3
To use "use cache", please enable the feature flag `cacheComponents` in your Next.js config.
    
    Read more: https://nextjs.org/docs/canary/app/api-reference/directives/use-cache#usage
   7 |
   8 | export default async function ...
>  9 |   "use cache";
     |   ^^^^^^^^^^^
  10 |   cacheLife({ expire: 3600 });
  11 |
  12 |   const [leaderboardData, stat...

Ecmascript file had an error @ http://localhost:3000/_next/static/chunks/0kd0_next_dist_02e_ku3._.js:1945
[  976286ms] [ERROR] ./src/app/components/home-leaderboard.tsx:10:3
To use "use cache", please enable the feature flag `cacheComponents` in your Next.js config.
    
    Read more: https://nextjs.org/docs/canary/app/api-reference/directives/use-cache#usage
   8 |
   9 | export async function HomeLead...
> 10 |   "use cache";
     |   ^^^^^^^^^^^
  11 |   cacheLife({ expire: 3600 });
  12 |
  13 |   // Chamada de API direto no ...

Ecmascript file had an error

Import trace:
  Server Component:
    ./src/app/components/home-leaderboard.tsx
    ./src/app/page.tsx @ http://localhost:3000/_next/static/chunks/0kd0_next_dist_02e_ku3._.js:1945
[  976287ms] [ERROR] ./src/app/leaderboard/page.tsx:9:3
To use "use cache", please enable the feature flag `cacheComponents` in your Next.js config.
    
    Read more: https://nextjs.org/docs/canary/app/api-reference/directives/use-cache#usage
   7 |
   8 | export default async function ...
>  9 |   "use cache";
     |   ^^^^^^^^^^^
  10 |   cacheLife({ expire: 3600 });
  11 |
  12 |   const [leaderboardData, stat...

Ecmascript file had an error @ http://localhost:3000/_next/static/chunks/0kd0_next_dist_02e_ku3._.js:1945
[  976336ms] [ERROR] ./src/app/components/home-leaderboard.tsx:10:3
To use "use cache", please enable the feature flag `cacheComponents` in your Next.js config.
    
    Read more: https://nextjs.org/docs/canary/app/api-reference/directives/use-cache#usage
   8 |
   9 | export async function HomeLead...
> 10 |   "use cache";
     |   ^^^^^^^^^^^
  11 |   cacheLife({ expire: 3600 });
  12 |
  13 |   // Chamada de API direto no ...

Ecmascript file had an error

Import trace:
  Server Component:
    ./src/app/components/home-leaderboard.tsx
    ./src/app/page.tsx @ http://localhost:3000/_next/static/chunks/0kd0_next_dist_02e_ku3._.js:1945
[  976336ms] [ERROR] ./src/app/leaderboard/page.tsx:9:3
To use "use cache", please enable the feature flag `cacheComponents` in your Next.js config.
    
    Read more: https://nextjs.org/docs/canary/app/api-reference/directives/use-cache#usage
   7 |
   8 | export default async function ...
>  9 |   "use cache";
     |   ^^^^^^^^^^^
  10 |   cacheLife({ expire: 3600 });
  11 |
  12 |   const [leaderboardData, stat...

Ecmascript file had an error @ http://localhost:3000/_next/static/chunks/0kd0_next_dist_02e_ku3._.js:1945
[  976385ms] [ERROR] ./src/app/components/home-leaderboard.tsx:10:3
To use "use cache", please enable the feature flag `cacheComponents` in your Next.js config.
    
    Read more: https://nextjs.org/docs/canary/app/api-reference/directives/use-cache#usage
   8 |
   9 | export async function HomeLead...
> 10 |   "use cache";
     |   ^^^^^^^^^^^
  11 |   cacheLife({ expire: 3600 });
  12 |
  13 |   // Chamada de API direto no ...

Ecmascript file had an error

Import trace:
  Server Component:
    ./src/app/components/home-leaderboard.tsx
    ./src/app/page.tsx @ http://localhost:3000/_next/static/chunks/0kd0_next_dist_02e_ku3._.js:1945
[  976385ms] [ERROR] ./src/app/leaderboard/page.tsx:9:3
To use "use cache", please enable the feature flag `cacheComponents` in your Next.js config.
    
    Read more: https://nextjs.org/docs/canary/app/api-reference/directives/use-cache#usage
   7 |
   8 | export default async function ...
>  9 |   "use cache";
     |   ^^^^^^^^^^^
  10 |   cacheLife({ expire: 3600 });
  11 |
  12 |   const [leaderboardData, stat...

Ecmascript file had an error @ http://localhost:3000/_next/static/chunks/0kd0_next_dist_02e_ku3._.js:1945
[  976437ms] [ERROR] ./src/app/components/home-leaderboard.tsx:10:3
To use "use cache", please enable the feature flag `cacheComponents` in your Next.js config.
    
    Read more: https://nextjs.org/docs/canary/app/api-reference/directives/use-cache#usage
   8 |
   9 | export async function HomeLead...
> 10 |   "use cache";
     |   ^^^^^^^^^^^
  11 |   cacheLife({ expire: 3600 });
  12 |
  13 |   // Chamada de API direto no ...

Ecmascript file had an error

Import trace:
  Server Component:
    ./src/app/components/home-leaderboard.tsx
    ./src/app/page.tsx @ http://localhost:3000/_next/static/chunks/0kd0_next_dist_02e_ku3._.js:1945
[  976437ms] [ERROR] ./src/app/leaderboard/page.tsx:9:3
To use "use cache", please enable the feature flag `cacheComponents` in your Next.js config.
    
    Read more: https://nextjs.org/docs/canary/app/api-reference/directives/use-cache#usage
   7 |
   8 | export default async function ...
>  9 |   "use cache";
     |   ^^^^^^^^^^^
  10 |   cacheLife({ expire: 3600 });
  11 |
  12 |   const [leaderboardData, stat...

Ecmascript file had an error @ http://localhost:3000/_next/static/chunks/0kd0_next_dist_02e_ku3._.js:1945
[  976487ms] [ERROR] ./src/app/components/home-leaderboard.tsx:10:3
To use "use cache", please enable the feature flag `cacheComponents` in your Next.js config.
    
    Read more: https://nextjs.org/docs/canary/app/api-reference/directives/use-cache#usage
   8 |
   9 | export async function HomeLead...
> 10 |   "use cache";
     |   ^^^^^^^^^^^
  11 |   cacheLife({ expire: 3600 });
  12 |
  13 |   // Chamada de API direto no ...

Ecmascript file had an error

Import trace:
  Server Component:
    ./src/app/components/home-leaderboard.tsx
    ./src/app/page.tsx @ http://localhost:3000/_next/static/chunks/0kd0_next_dist_02e_ku3._.js:1945
[  976487ms] [ERROR] ./src/app/leaderboard/page.tsx:9:3
To use "use cache", please enable the feature flag `cacheComponents` in your Next.js config.
    
    Read more: https://nextjs.org/docs/canary/app/api-reference/directives/use-cache#usage
   7 |
   8 | export default async function ...
>  9 |   "use cache";
     |   ^^^^^^^^^^^
  10 |   cacheLife({ expire: 3600 });
  11 |
  12 |   const [leaderboardData, stat...

Ecmascript file had an error @ http://localhost:3000/_next/static/chunks/0kd0_next_dist_02e_ku3._.js:1945
[  976537ms] [ERROR] ./src/app/components/home-leaderboard.tsx:10:3
To use "use cache", please enable the feature flag `cacheComponents` in your Next.js config.
    
    Read more: https://nextjs.org/docs/canary/app/api-reference/directives/use-cache#usage
   8 |
   9 | export async function HomeLead...
> 10 |   "use cache";
     |   ^^^^^^^^^^^
  11 |   cacheLife({ expire: 3600 });
  12 |
  13 |   // Chamada de API direto no ...

Ecmascript file had an error

Import trace:
  Server Component:
    ./src/app/components/home-leaderboard.tsx
    ./src/app/page.tsx @ http://localhost:3000/_next/static/chunks/0kd0_next_dist_02e_ku3._.js:1945
[  976537ms] [ERROR] ./src/app/leaderboard/page.tsx:9:3
To use "use cache", please enable the feature flag `cacheComponents` in your Next.js config.
    
    Read more: https://nextjs.org/docs/canary/app/api-reference/directives/use-cache#usage
   7 |
   8 | export default async function ...
>  9 |   "use cache";
     |   ^^^^^^^^^^^
  10 |   cacheLife({ expire: 3600 });
  11 |
  12 |   const [leaderboardData, stat...

Ecmascript file had an error @ http://localhost:3000/_next/static/chunks/0kd0_next_dist_02e_ku3._.js:1945
[  976587ms] [ERROR] ./src/app/components/home-leaderboard.tsx:10:3
To use "use cache", please enable the feature flag `cacheComponents` in your Next.js config.
    
    Read more: https://nextjs.org/docs/canary/app/api-reference/directives/use-cache#usage
   8 |
   9 | export async function HomeLead...
> 10 |   "use cache";
     |   ^^^^^^^^^^^
  11 |   cacheLife({ expire: 3600 });
  12 |
  13 |   // Chamada de API direto no ...

Ecmascript file had an error

Import trace:
  Server Component:
    ./src/app/components/home-leaderboard.tsx
    ./src/app/page.tsx @ http://localhost:3000/_next/static/chunks/0kd0_next_dist_02e_ku3._.js:1945
[  976587ms] [ERROR] ./src/app/leaderboard/page.tsx:9:3
To use "use cache", please enable the feature flag `cacheComponents` in your Next.js config.
    
    Read more: https://nextjs.org/docs/canary/app/api-reference/directives/use-cache#usage
   7 |
   8 | export default async function ...
>  9 |   "use cache";
     |   ^^^^^^^^^^^
  10 |   cacheLife({ expire: 3600 });
  11 |
  12 |   const [leaderboardData, stat...

Ecmascript file had an error @ http://localhost:3000/_next/static/chunks/0kd0_next_dist_02e_ku3._.js:1945
[  976639ms] [ERROR] ./src/app/components/home-leaderboard.tsx:10:3
To use "use cache", please enable the feature flag `cacheComponents` in your Next.js config.
    
    Read more: https://nextjs.org/docs/canary/app/api-reference/directives/use-cache#usage
   8 |
   9 | export async function HomeLead...
> 10 |   "use cache";
     |   ^^^^^^^^^^^
  11 |   cacheLife({ expire: 3600 });
  12 |
  13 |   // Chamada de API direto no ...

Ecmascript file had an error

Import trace:
  Server Component:
    ./src/app/components/home-leaderboard.tsx
    ./src/app/page.tsx @ http://localhost:3000/_next/static/chunks/0kd0_next_dist_02e_ku3._.js:1945
[  976639ms] [ERROR] ./src/app/leaderboard/page.tsx:9:3
To use "use cache", please enable the feature flag `cacheComponents` in your Next.js config.
    
    Read more: https://nextjs.org/docs/canary/app/api-reference/directives/use-cache#usage
   7 |
   8 | export default async function ...
>  9 |   "use cache";
     |   ^^^^^^^^^^^
  10 |   cacheLife({ expire: 3600 });
  11 |
  12 |   const [leaderboardData, stat...

Ecmascript file had an error @ http://localhost:3000/_next/static/chunks/0kd0_next_dist_02e_ku3._.js:1945
[  976690ms] [ERROR] ./src/app/components/home-leaderboard.tsx:10:3
To use "use cache", please enable the feature flag `cacheComponents` in your Next.js config.
    
    Read more: https://nextjs.org/docs/canary/app/api-reference/directives/use-cache#usage
   8 |
   9 | export async function HomeLead...
> 10 |   "use cache";
     |   ^^^^^^^^^^^
  11 |   cacheLife({ expire: 3600 });
  12 |
  13 |   // Chamada de API direto no ...

Ecmascript file had an error

Import trace:
  Server Component:
    ./src/app/components/home-leaderboard.tsx
    ./src/app/page.tsx @ http://localhost:3000/_next/static/chunks/0kd0_next_dist_02e_ku3._.js:1945
[  976690ms] [ERROR] ./src/app/leaderboard/page.tsx:9:3
To use "use cache", please enable the feature flag `cacheComponents` in your Next.js config.
    
    Read more: https://nextjs.org/docs/canary/app/api-reference/directives/use-cache#usage
   7 |
   8 | export default async function ...
>  9 |   "use cache";
     |   ^^^^^^^^^^^
  10 |   cacheLife({ expire: 3600 });
  11 |
  12 |   const [leaderboardData, stat...

Ecmascript file had an error @ http://localhost:3000/_next/static/chunks/0kd0_next_dist_02e_ku3._.js:1945
[  976739ms] [ERROR] ./src/app/components/home-leaderboard.tsx:10:3
To use "use cache", please enable the feature flag `cacheComponents` in your Next.js config.
    
    Read more: https://nextjs.org/docs/canary/app/api-reference/directives/use-cache#usage
   8 |
   9 | export async function HomeLead...
> 10 |   "use cache";
     |   ^^^^^^^^^^^
  11 |   cacheLife({ expire: 3600 });
  12 |
  13 |   // Chamada de API direto no ...

Ecmascript file had an error

Import trace:
  Server Component:
    ./src/app/components/home-leaderboard.tsx
    ./src/app/page.tsx @ http://localhost:3000/_next/static/chunks/0kd0_next_dist_02e_ku3._.js:1945
[  976739ms] [ERROR] ./src/app/leaderboard/page.tsx:9:3
To use "use cache", please enable the feature flag `cacheComponents` in your Next.js config.
    
    Read more: https://nextjs.org/docs/canary/app/api-reference/directives/use-cache#usage
   7 |
   8 | export default async function ...
>  9 |   "use cache";
     |   ^^^^^^^^^^^
  10 |   cacheLife({ expire: 3600 });
  11 |
  12 |   const [leaderboardData, stat...

Ecmascript file had an error @ http://localhost:3000/_next/static/chunks/0kd0_next_dist_02e_ku3._.js:1945
[  976789ms] [ERROR] ./src/app/components/home-leaderboard.tsx:10:3
To use "use cache", please enable the feature flag `cacheComponents` in your Next.js config.
    
    Read more: https://nextjs.org/docs/canary/app/api-reference/directives/use-cache#usage
   8 |
   9 | export async function HomeLead...
> 10 |   "use cache";
     |   ^^^^^^^^^^^
  11 |   cacheLife({ expire: 3600 });
  12 |
  13 |   // Chamada de API direto no ...

Ecmascript file had an error

Import trace:
  Server Component:
    ./src/app/components/home-leaderboard.tsx
    ./src/app/page.tsx @ http://localhost:3000/_next/static/chunks/0kd0_next_dist_02e_ku3._.js:1945
[  976789ms] [ERROR] ./src/app/leaderboard/page.tsx:9:3
To use "use cache", please enable the feature flag `cacheComponents` in your Next.js config.
    
    Read more: https://nextjs.org/docs/canary/app/api-reference/directives/use-cache#usage
   7 |
   8 | export default async function ...
>  9 |   "use cache";
     |   ^^^^^^^^^^^
  10 |   cacheLife({ expire: 3600 });
  11 |
  12 |   const [leaderboardData, stat...

Ecmascript file had an error @ http://localhost:3000/_next/static/chunks/0kd0_next_dist_02e_ku3._.js:1945
[  976840ms] [ERROR] ./src/app/components/home-leaderboard.tsx:10:3
To use "use cache", please enable the feature flag `cacheComponents` in your Next.js config.
    
    Read more: https://nextjs.org/docs/canary/app/api-reference/directives/use-cache#usage
   8 |
   9 | export async function HomeLead...
> 10 |   "use cache";
     |   ^^^^^^^^^^^
  11 |   cacheLife({ expire: 3600 });
  12 |
  13 |   // Chamada de API direto no ...

Ecmascript file had an error

Import trace:
  Server Component:
    ./src/app/components/home-leaderboard.tsx
    ./src/app/page.tsx @ http://localhost:3000/_next/static/chunks/0kd0_next_dist_02e_ku3._.js:1945
[  976840ms] [ERROR] ./src/app/leaderboard/page.tsx:9:3
To use "use cache", please enable the feature flag `cacheComponents` in your Next.js config.
    
    Read more: https://nextjs.org/docs/canary/app/api-reference/directives/use-cache#usage
   7 |
   8 | export default async function ...
>  9 |   "use cache";
     |   ^^^^^^^^^^^
  10 |   cacheLife({ expire: 3600 });
  11 |
  12 |   const [leaderboardData, stat...

Ecmascript file had an error @ http://localhost:3000/_next/static/chunks/0kd0_next_dist_02e_ku3._.js:1945
[  976890ms] [ERROR] ./src/app/components/home-leaderboard.tsx:10:3
To use "use cache", please enable the feature flag `cacheComponents` in your Next.js config.
    
    Read more: https://nextjs.org/docs/canary/app/api-reference/directives/use-cache#usage
   8 |
   9 | export async function HomeLead...
> 10 |   "use cache";
     |   ^^^^^^^^^^^
  11 |   cacheLife({ expire: 3600 });
  12 |
  13 |   // Chamada de API direto no ...

Ecmascript file had an error

Import trace:
  Server Component:
    ./src/app/components/home-leaderboard.tsx
    ./src/app/page.tsx @ http://localhost:3000/_next/static/chunks/0kd0_next_dist_02e_ku3._.js:1945
[  976891ms] [ERROR] ./src/app/leaderboard/page.tsx:9:3
To use "use cache", please enable the feature flag `cacheComponents` in your Next.js config.
    
    Read more: https://nextjs.org/docs/canary/app/api-reference/directives/use-cache#usage
   7 |
   8 | export default async function ...
>  9 |   "use cache";
     |   ^^^^^^^^^^^
  10 |   cacheLife({ expire: 3600 });
  11 |
  12 |   const [leaderboardData, stat...

Ecmascript file had an error @ http://localhost:3000/_next/static/chunks/0kd0_next_dist_02e_ku3._.js:1945
[  976940ms] [ERROR] ./src/app/components/home-leaderboard.tsx:10:3
To use "use cache", please enable the feature flag `cacheComponents` in your Next.js config.
    
    Read more: https://nextjs.org/docs/canary/app/api-reference/directives/use-cache#usage
   8 |
   9 | export async function HomeLead...
> 10 |   "use cache";
     |   ^^^^^^^^^^^
  11 |   cacheLife({ expire: 3600 });
  12 |
  13 |   // Chamada de API direto no ...

Ecmascript file had an error

Import trace:
  Server Component:
    ./src/app/components/home-leaderboard.tsx
    ./src/app/page.tsx @ http://localhost:3000/_next/static/chunks/0kd0_next_dist_02e_ku3._.js:1945
[  976940ms] [ERROR] ./src/app/leaderboard/page.tsx:9:3
To use "use cache", please enable the feature flag `cacheComponents` in your Next.js config.
    
    Read more: https://nextjs.org/docs/canary/app/api-reference/directives/use-cache#usage
   7 |
   8 | export default async function ...
>  9 |   "use cache";
     |   ^^^^^^^^^^^
  10 |   cacheLife({ expire: 3600 });
  11 |
  12 |   const [leaderboardData, stat...

Ecmascript file had an error @ http://localhost:3000/_next/static/chunks/0kd0_next_dist_02e_ku3._.js:1945
[  976992ms] [ERROR] ./src/app/components/home-leaderboard.tsx:10:3
To use "use cache", please enable the feature flag `cacheComponents` in your Next.js config.
    
    Read more: https://nextjs.org/docs/canary/app/api-reference/directives/use-cache#usage
   8 |
   9 | export async function HomeLead...
> 10 |   "use cache";
     |   ^^^^^^^^^^^
  11 |   cacheLife({ expire: 3600 });
  12 |
  13 |   // Chamada de API direto no ...

Ecmascript file had an error

Import trace:
  Server Component:
    ./src/app/components/home-leaderboard.tsx
    ./src/app/page.tsx @ http://localhost:3000/_next/static/chunks/0kd0_next_dist_02e_ku3._.js:1945
[  976992ms] [ERROR] ./src/app/leaderboard/page.tsx:9:3
To use "use cache", please enable the feature flag `cacheComponents` in your Next.js config.
    
    Read more: https://nextjs.org/docs/canary/app/api-reference/directives/use-cache#usage
   7 |
   8 | export default async function ...
>  9 |   "use cache";
     |   ^^^^^^^^^^^
  10 |   cacheLife({ expire: 3600 });
  11 |
  12 |   const [leaderboardData, stat...

Ecmascript file had an error @ http://localhost:3000/_next/static/chunks/0kd0_next_dist_02e_ku3._.js:1945
[  977044ms] [ERROR] ./src/app/components/home-leaderboard.tsx:10:3
To use "use cache", please enable the feature flag `cacheComponents` in your Next.js config.
    
    Read more: https://nextjs.org/docs/canary/app/api-reference/directives/use-cache#usage
   8 |
   9 | export async function HomeLead...
> 10 |   "use cache";
     |   ^^^^^^^^^^^
  11 |   cacheLife({ expire: 3600 });
  12 |
  13 |   // Chamada de API direto no ...

Ecmascript file had an error

Import trace:
  Server Component:
    ./src/app/components/home-leaderboard.tsx
    ./src/app/page.tsx @ http://localhost:3000/_next/static/chunks/0kd0_next_dist_02e_ku3._.js:1945
[  977044ms] [ERROR] ./src/app/leaderboard/page.tsx:9:3
To use "use cache", please enable the feature flag `cacheComponents` in your Next.js config.
    
    Read more: https://nextjs.org/docs/canary/app/api-reference/directives/use-cache#usage
   7 |
   8 | export default async function ...
>  9 |   "use cache";
     |   ^^^^^^^^^^^
  10 |   cacheLife({ expire: 3600 });
  11 |
  12 |   const [leaderboardData, stat...

Ecmascript file had an error @ http://localhost:3000/_next/static/chunks/0kd0_next_dist_02e_ku3._.js:1945
[  977094ms] [ERROR] ./src/app/components/home-leaderboard.tsx:10:3
To use "use cache", please enable the feature flag `cacheComponents` in your Next.js config.
    
    Read more: https://nextjs.org/docs/canary/app/api-reference/directives/use-cache#usage
   8 |
   9 | export async function HomeLead...
> 10 |   "use cache";
     |   ^^^^^^^^^^^
  11 |   cacheLife({ expire: 3600 });
  12 |
  13 |   // Chamada de API direto no ...

Ecmascript file had an error

Import trace:
  Server Component:
    ./src/app/components/home-leaderboard.tsx
    ./src/app/page.tsx @ http://localhost:3000/_next/static/chunks/0kd0_next_dist_02e_ku3._.js:1945
[  977095ms] [ERROR] ./src/app/leaderboard/page.tsx:9:3
To use "use cache", please enable the feature flag `cacheComponents` in your Next.js config.
    
    Read more: https://nextjs.org/docs/canary/app/api-reference/directives/use-cache#usage
   7 |
   8 | export default async function ...
>  9 |   "use cache";
     |   ^^^^^^^^^^^
  10 |   cacheLife({ expire: 3600 });
  11 |
  12 |   const [leaderboardData, stat...

Ecmascript file had an error @ http://localhost:3000/_next/static/chunks/0kd0_next_dist_02e_ku3._.js:1945
[  977145ms] [ERROR] ./src/app/components/home-leaderboard.tsx:10:3
To use "use cache", please enable the feature flag `cacheComponents` in your Next.js config.
    
    Read more: https://nextjs.org/docs/canary/app/api-reference/directives/use-cache#usage
   8 |
   9 | export async function HomeLead...
> 10 |   "use cache";
     |   ^^^^^^^^^^^
  11 |   cacheLife({ expire: 3600 });
  12 |
  13 |   // Chamada de API direto no ...

Ecmascript file had an error

Import trace:
  Server Component:
    ./src/app/components/home-leaderboard.tsx
    ./src/app/page.tsx @ http://localhost:3000/_next/static/chunks/0kd0_next_dist_02e_ku3._.js:1945
[  977145ms] [ERROR] ./src/app/leaderboard/page.tsx:9:3
To use "use cache", please enable the feature flag `cacheComponents` in your Next.js config.
    
    Read more: https://nextjs.org/docs/canary/app/api-reference/directives/use-cache#usage
   7 |
   8 | export default async function ...
>  9 |   "use cache";
     |   ^^^^^^^^^^^
  10 |   cacheLife({ expire: 3600 });
  11 |
  12 |   const [leaderboardData, stat...

Ecmascript file had an error @ http://localhost:3000/_next/static/chunks/0kd0_next_dist_02e_ku3._.js:1945
[  977197ms] [ERROR] ./src/app/components/home-leaderboard.tsx:10:3
To use "use cache", please enable the feature flag `cacheComponents` in your Next.js config.
    
    Read more: https://nextjs.org/docs/canary/app/api-reference/directives/use-cache#usage
   8 |
   9 | export async function HomeLead...
> 10 |   "use cache";
     |   ^^^^^^^^^^^
  11 |   cacheLife({ expire: 3600 });
  12 |
  13 |   // Chamada de API direto no ...

Ecmascript file had an error

Import trace:
  Server Component:
    ./src/app/components/home-leaderboard.tsx
    ./src/app/page.tsx @ http://localhost:3000/_next/static/chunks/0kd0_next_dist_02e_ku3._.js:1945
[  977197ms] [ERROR] ./src/app/leaderboard/page.tsx:9:3
To use "use cache", please enable the feature flag `cacheComponents` in your Next.js config.
    
    Read more: https://nextjs.org/docs/canary/app/api-reference/directives/use-cache#usage
   7 |
   8 | export default async function ...
>  9 |   "use cache";
     |   ^^^^^^^^^^^
  10 |   cacheLife({ expire: 3600 });
  11 |
  12 |   const [leaderboardData, stat...

Ecmascript file had an error @ http://localhost:3000/_next/static/chunks/0kd0_next_dist_02e_ku3._.js:1945
[  977248ms] [ERROR] ./src/app/components/home-leaderboard.tsx:10:3
To use "use cache", please enable the feature flag `cacheComponents` in your Next.js config.
    
    Read more: https://nextjs.org/docs/canary/app/api-reference/directives/use-cache#usage
   8 |
   9 | export async function HomeLead...
> 10 |   "use cache";
     |   ^^^^^^^^^^^
  11 |   cacheLife({ expire: 3600 });
  12 |
  13 |   // Chamada de API direto no ...

Ecmascript file had an error

Import trace:
  Server Component:
    ./src/app/components/home-leaderboard.tsx
    ./src/app/page.tsx @ http://localhost:3000/_next/static/chunks/0kd0_next_dist_02e_ku3._.js:1945
[  977248ms] [ERROR] ./src/app/leaderboard/page.tsx:9:3
To use "use cache", please enable the feature flag `cacheComponents` in your Next.js config.
    
    Read more: https://nextjs.org/docs/canary/app/api-reference/directives/use-cache#usage
   7 |
   8 | export default async function ...
>  9 |   "use cache";
     |   ^^^^^^^^^^^
  10 |   cacheLife({ expire: 3600 });
  11 |
  12 |   const [leaderboardData, stat...

Ecmascript file had an error @ http://localhost:3000/_next/static/chunks/0kd0_next_dist_02e_ku3._.js:1945
[  977299ms] [ERROR] ./src/app/components/home-leaderboard.tsx:10:3
To use "use cache", please enable the feature flag `cacheComponents` in your Next.js config.
    
    Read more: https://nextjs.org/docs/canary/app/api-reference/directives/use-cache#usage
   8 |
   9 | export async function HomeLead...
> 10 |   "use cache";
     |   ^^^^^^^^^^^
  11 |   cacheLife({ expire: 3600 });
  12 |
  13 |   // Chamada de API direto no ...

Ecmascript file had an error

Import trace:
  Server Component:
    ./src/app/components/home-leaderboard.tsx
    ./src/app/page.tsx @ http://localhost:3000/_next/static/chunks/0kd0_next_dist_02e_ku3._.js:1945
[  977299ms] [ERROR] ./src/app/leaderboard/page.tsx:9:3
To use "use cache", please enable the feature flag `cacheComponents` in your Next.js config.
    
    Read more: https://nextjs.org/docs/canary/app/api-reference/directives/use-cache#usage
   7 |
   8 | export default async function ...
>  9 |   "use cache";
     |   ^^^^^^^^^^^
  10 |   cacheLife({ expire: 3600 });
  11 |
  12 |   const [leaderboardData, stat...

Ecmascript file had an error @ http://localhost:3000/_next/static/chunks/0kd0_next_dist_02e_ku3._.js:1945
[  977350ms] [ERROR] ./src/app/components/home-leaderboard.tsx:10:3
To use "use cache", please enable the feature flag `cacheComponents` in your Next.js config.
    
    Read more: https://nextjs.org/docs/canary/app/api-reference/directives/use-cache#usage
   8 |
   9 | export async function HomeLead...
> 10 |   "use cache";
     |   ^^^^^^^^^^^
  11 |   cacheLife({ expire: 3600 });
  12 |
  13 |   // Chamada de API direto no ...

Ecmascript file had an error

Import trace:
  Server Component:
    ./src/app/components/home-leaderboard.tsx
    ./src/app/page.tsx @ http://localhost:3000/_next/static/chunks/0kd0_next_dist_02e_ku3._.js:1945
[  977350ms] [ERROR] ./src/app/leaderboard/page.tsx:9:3
To use "use cache", please enable the feature flag `cacheComponents` in your Next.js config.
    
    Read more: https://nextjs.org/docs/canary/app/api-reference/directives/use-cache#usage
   7 |
   8 | export default async function ...
>  9 |   "use cache";
     |   ^^^^^^^^^^^
  10 |   cacheLife({ expire: 3600 });
  11 |
  12 |   const [leaderboardData, stat...

Ecmascript file had an error @ http://localhost:3000/_next/static/chunks/0kd0_next_dist_02e_ku3._.js:1945
[  977400ms] [ERROR] ./src/app/components/home-leaderboard.tsx:10:3
To use "use cache", please enable the feature flag `cacheComponents` in your Next.js config.
    
    Read more: https://nextjs.org/docs/canary/app/api-reference/directives/use-cache#usage
   8 |
   9 | export async function HomeLead...
> 10 |   "use cache";
     |   ^^^^^^^^^^^
  11 |   cacheLife({ expire: 3600 });
  12 |
  13 |   // Chamada de API direto no ...

Ecmascript file had an error

Import trace:
  Server Component:
    ./src/app/components/home-leaderboard.tsx
    ./src/app/page.tsx @ http://localhost:3000/_next/static/chunks/0kd0_next_dist_02e_ku3._.js:1945
[  977400ms] [ERROR] ./src/app/leaderboard/page.tsx:9:3
To use "use cache", please enable the feature flag `cacheComponents` in your Next.js config.
    
    Read more: https://nextjs.org/docs/canary/app/api-reference/directives/use-cache#usage
   7 |
   8 | export default async function ...
>  9 |   "use cache";
     |   ^^^^^^^^^^^
  10 |   cacheLife({ expire: 3600 });
  11 |
  12 |   const [leaderboardData, stat...

Ecmascript file had an error @ http://localhost:3000/_next/static/chunks/0kd0_next_dist_02e_ku3._.js:1945
[  977451ms] [ERROR] ./src/app/components/home-leaderboard.tsx:10:3
To use "use cache", please enable the feature flag `cacheComponents` in your Next.js config.
    
    Read more: https://nextjs.org/docs/canary/app/api-reference/directives/use-cache#usage
   8 |
   9 | export async function HomeLead...
> 10 |   "use cache";
     |   ^^^^^^^^^^^
  11 |   cacheLife({ expire: 3600 });
  12 |
  13 |   // Chamada de API direto no ...

Ecmascript file had an error

Import trace:
  Server Component:
    ./src/app/components/home-leaderboard.tsx
    ./src/app/page.tsx @ http://localhost:3000/_next/static/chunks/0kd0_next_dist_02e_ku3._.js:1945
[  977451ms] [ERROR] ./src/app/leaderboard/page.tsx:9:3
To use "use cache", please enable the feature flag `cacheComponents` in your Next.js config.
    
    Read more: https://nextjs.org/docs/canary/app/api-reference/directives/use-cache#usage
   7 |
   8 | export default async function ...
>  9 |   "use cache";
     |   ^^^^^^^^^^^
  10 |   cacheLife({ expire: 3600 });
  11 |
  12 |   const [leaderboardData, stat...

Ecmascript file had an error @ http://localhost:3000/_next/static/chunks/0kd0_next_dist_02e_ku3._.js:1945
[  977503ms] [ERROR] ./src/app/components/home-leaderboard.tsx:10:3
To use "use cache", please enable the feature flag `cacheComponents` in your Next.js config.
    
    Read more: https://nextjs.org/docs/canary/app/api-reference/directives/use-cache#usage
   8 |
   9 | export async function HomeLead...
> 10 |   "use cache";
     |   ^^^^^^^^^^^
  11 |   cacheLife({ expire: 3600 });
  12 |
  13 |   // Chamada de API direto no ...

Ecmascript file had an error

Import trace:
  Server Component:
    ./src/app/components/home-leaderboard.tsx
    ./src/app/page.tsx @ http://localhost:3000/_next/static/chunks/0kd0_next_dist_02e_ku3._.js:1945
[  977503ms] [ERROR] ./src/app/leaderboard/page.tsx:9:3
To use "use cache", please enable the feature flag `cacheComponents` in your Next.js config.
    
    Read more: https://nextjs.org/docs/canary/app/api-reference/directives/use-cache#usage
   7 |
   8 | export default async function ...
>  9 |   "use cache";
     |   ^^^^^^^^^^^
  10 |   cacheLife({ expire: 3600 });
  11 |
  12 |   const [leaderboardData, stat...

Ecmascript file had an error @ http://localhost:3000/_next/static/chunks/0kd0_next_dist_02e_ku3._.js:1945
[  977545ms] [ERROR] ./src/app/components/home-leaderboard.tsx:10:3
To use "use cache", please enable the feature flag `cacheComponents` in your Next.js config.
    
    Read more: https://nextjs.org/docs/canary/app/api-reference/directives/use-cache#usage
   8 |
   9 | export async function HomeLead...
> 10 |   "use cache";
     |   ^^^^^^^^^^^
  11 |   cacheLife({ expire: 3600 });
  12 |
  13 |   // Chamada de API direto no ...

Ecmascript file had an error

Import trace:
  Server Component:
    ./src/app/components/home-leaderboard.tsx
    ./src/app/page.tsx @ http://localhost:3000/_next/static/chunks/0kd0_next_dist_02e_ku3._.js:1945
[  977545ms] [ERROR] ./src/app/leaderboard/page.tsx:9:3
To use "use cache", please enable the feature flag `cacheComponents` in your Next.js config.
    
    Read more: https://nextjs.org/docs/canary/app/api-reference/directives/use-cache#usage
   7 |
   8 | export default async function ...
>  9 |   "use cache";
     |   ^^^^^^^^^^^
  10 |   cacheLife({ expire: 3600 });
  11 |
  12 |   const [leaderboardData, stat...

Ecmascript file had an error @ http://localhost:3000/_next/static/chunks/0kd0_next_dist_02e_ku3._.js:1945
[  977597ms] [ERROR] ./src/app/components/home-leaderboard.tsx:10:3
To use "use cache", please enable the feature flag `cacheComponents` in your Next.js config.
    
    Read more: https://nextjs.org/docs/canary/app/api-reference/directives/use-cache#usage
   8 |
   9 | export async function HomeLead...
> 10 |   "use cache";
     |   ^^^^^^^^^^^
  11 |   cacheLife({ expire: 3600 });
  12 |
  13 |   // Chamada de API direto no ...

Ecmascript file had an error

Import trace:
  Server Component:
    ./src/app/components/home-leaderboard.tsx
    ./src/app/page.tsx @ http://localhost:3000/_next/static/chunks/0kd0_next_dist_02e_ku3._.js:1945
[  977597ms] [ERROR] ./src/app/leaderboard/page.tsx:9:3
To use "use cache", please enable the feature flag `cacheComponents` in your Next.js config.
    
    Read more: https://nextjs.org/docs/canary/app/api-reference/directives/use-cache#usage
   7 |
   8 | export default async function ...
>  9 |   "use cache";
     |   ^^^^^^^^^^^
  10 |   cacheLife({ expire: 3600 });
  11 |
  12 |   const [leaderboardData, stat...

Ecmascript file had an error @ http://localhost:3000/_next/static/chunks/0kd0_next_dist_02e_ku3._.js:1945
[  977648ms] [ERROR] ./src/app/components/home-leaderboard.tsx:10:3
To use "use cache", please enable the feature flag `cacheComponents` in your Next.js config.
    
    Read more: https://nextjs.org/docs/canary/app/api-reference/directives/use-cache#usage
   8 |
   9 | export async function HomeLead...
> 10 |   "use cache";
     |   ^^^^^^^^^^^
  11 |   cacheLife({ expire: 3600 });
  12 |
  13 |   // Chamada de API direto no ...

Ecmascript file had an error

Import trace:
  Server Component:
    ./src/app/components/home-leaderboard.tsx
    ./src/app/page.tsx @ http://localhost:3000/_next/static/chunks/0kd0_next_dist_02e_ku3._.js:1945
[  977648ms] [ERROR] ./src/app/leaderboard/page.tsx:9:3
To use "use cache", please enable the feature flag `cacheComponents` in your Next.js config.
    
    Read more: https://nextjs.org/docs/canary/app/api-reference/directives/use-cache#usage
   7 |
   8 | export default async function ...
>  9 |   "use cache";
     |   ^^^^^^^^^^^
  10 |   cacheLife({ expire: 3600 });
  11 |
  12 |   const [leaderboardData, stat...

Ecmascript file had an error @ http://localhost:3000/_next/static/chunks/0kd0_next_dist_02e_ku3._.js:1945
[  977698ms] [ERROR] ./src/app/components/home-leaderboard.tsx:10:3
To use "use cache", please enable the feature flag `cacheComponents` in your Next.js config.
    
    Read more: https://nextjs.org/docs/canary/app/api-reference/directives/use-cache#usage
   8 |
   9 | export async function HomeLead...
> 10 |   "use cache";
     |   ^^^^^^^^^^^
  11 |   cacheLife({ expire: 3600 });
  12 |
  13 |   // Chamada de API direto no ...

Ecmascript file had an error

Import trace:
  Server Component:
    ./src/app/components/home-leaderboard.tsx
    ./src/app/page.tsx @ http://localhost:3000/_next/static/chunks/0kd0_next_dist_02e_ku3._.js:1945
[  977698ms] [ERROR] ./src/app/leaderboard/page.tsx:9:3
To use "use cache", please enable the feature flag `cacheComponents` in your Next.js config.
    
    Read more: https://nextjs.org/docs/canary/app/api-reference/directives/use-cache#usage
   7 |
   8 | export default async function ...
>  9 |   "use cache";
     |   ^^^^^^^^^^^
  10 |   cacheLife({ expire: 3600 });
  11 |
  12 |   const [leaderboardData, stat...

Ecmascript file had an error @ http://localhost:3000/_next/static/chunks/0kd0_next_dist_02e_ku3._.js:1945
[  977748ms] [ERROR] ./src/app/components/home-leaderboard.tsx:10:3
To use "use cache", please enable the feature flag `cacheComponents` in your Next.js config.
    
    Read more: https://nextjs.org/docs/canary/app/api-reference/directives/use-cache#usage
   8 |
   9 | export async function HomeLead...
> 10 |   "use cache";
     |   ^^^^^^^^^^^
  11 |   cacheLife({ expire: 3600 });
  12 |
  13 |   // Chamada de API direto no ...

Ecmascript file had an error

Import trace:
  Server Component:
    ./src/app/components/home-leaderboard.tsx
    ./src/app/page.tsx @ http://localhost:3000/_next/static/chunks/0kd0_next_dist_02e_ku3._.js:1945
[  977748ms] [ERROR] ./src/app/leaderboard/page.tsx:9:3
To use "use cache", please enable the feature flag `cacheComponents` in your Next.js config.
    
    Read more: https://nextjs.org/docs/canary/app/api-reference/directives/use-cache#usage
   7 |
   8 | export default async function ...
>  9 |   "use cache";
     |   ^^^^^^^^^^^
  10 |   cacheLife({ expire: 3600 });
  11 |
  12 |   const [leaderboardData, stat...

Ecmascript file had an error @ http://localhost:3000/_next/static/chunks/0kd0_next_dist_02e_ku3._.js:1945
[  977799ms] [ERROR] ./src/app/components/home-leaderboard.tsx:10:3
To use "use cache", please enable the feature flag `cacheComponents` in your Next.js config.
    
    Read more: https://nextjs.org/docs/canary/app/api-reference/directives/use-cache#usage
   8 |
   9 | export async function HomeLead...
> 10 |   "use cache";
     |   ^^^^^^^^^^^
  11 |   cacheLife({ expire: 3600 });
  12 |
  13 |   // Chamada de API direto no ...

Ecmascript file had an error

Import trace:
  Server Component:
    ./src/app/components/home-leaderboard.tsx
    ./src/app/page.tsx @ http://localhost:3000/_next/static/chunks/0kd0_next_dist_02e_ku3._.js:1945
[  977799ms] [ERROR] ./src/app/leaderboard/page.tsx:9:3
To use "use cache", please enable the feature flag `cacheComponents` in your Next.js config.
    
    Read more: https://nextjs.org/docs/canary/app/api-reference/directives/use-cache#usage
   7 |
   8 | export default async function ...
>  9 |   "use cache";
     |   ^^^^^^^^^^^
  10 |   cacheLife({ expire: 3600 });
  11 |
  12 |   const [leaderboardData, stat...

Ecmascript file had an error @ http://localhost:3000/_next/static/chunks/0kd0_next_dist_02e_ku3._.js:1945
[  977849ms] [ERROR] ./src/app/components/home-leaderboard.tsx:10:3
To use "use cache", please enable the feature flag `cacheComponents` in your Next.js config.
    
    Read more: https://nextjs.org/docs/canary/app/api-reference/directives/use-cache#usage
   8 |
   9 | export async function HomeLead...
> 10 |   "use cache";
     |   ^^^^^^^^^^^
  11 |   cacheLife({ expire: 3600 });
  12 |
  13 |   // Chamada de API direto no ...

Ecmascript file had an error

Import trace:
  Server Component:
    ./src/app/components/home-leaderboard.tsx
    ./src/app/page.tsx @ http://localhost:3000/_next/static/chunks/0kd0_next_dist_02e_ku3._.js:1945
[  977849ms] [ERROR] ./src/app/leaderboard/page.tsx:9:3
To use "use cache", please enable the feature flag `cacheComponents` in your Next.js config.
    
    Read more: https://nextjs.org/docs/canary/app/api-reference/directives/use-cache#usage
   7 |
   8 | export default async function ...
>  9 |   "use cache";
     |   ^^^^^^^^^^^
  10 |   cacheLife({ expire: 3600 });
  11 |
  12 |   const [leaderboardData, stat...

Ecmascript file had an error @ http://localhost:3000/_next/static/chunks/0kd0_next_dist_02e_ku3._.js:1945
[  977899ms] [ERROR] ./src/app/components/home-leaderboard.tsx:10:3
To use "use cache", please enable the feature flag `cacheComponents` in your Next.js config.
    
    Read more: https://nextjs.org/docs/canary/app/api-reference/directives/use-cache#usage
   8 |
   9 | export async function HomeLead...
> 10 |   "use cache";
     |   ^^^^^^^^^^^
  11 |   cacheLife({ expire: 3600 });
  12 |
  13 |   // Chamada de API direto no ...

Ecmascript file had an error

Import trace:
  Server Component:
    ./src/app/components/home-leaderboard.tsx
    ./src/app/page.tsx @ http://localhost:3000/_next/static/chunks/0kd0_next_dist_02e_ku3._.js:1945
[  977900ms] [ERROR] ./src/app/leaderboard/page.tsx:9:3
To use "use cache", please enable the feature flag `cacheComponents` in your Next.js config.
    
    Read more: https://nextjs.org/docs/canary/app/api-reference/directives/use-cache#usage
   7 |
   8 | export default async function ...
>  9 |   "use cache";
     |   ^^^^^^^^^^^
  10 |   cacheLife({ expire: 3600 });
  11 |
  12 |   const [leaderboardData, stat...

Ecmascript file had an error @ http://localhost:3000/_next/static/chunks/0kd0_next_dist_02e_ku3._.js:1945
[  977949ms] [ERROR] ./src/app/components/home-leaderboard.tsx:10:3
To use "use cache", please enable the feature flag `cacheComponents` in your Next.js config.
    
    Read more: https://nextjs.org/docs/canary/app/api-reference/directives/use-cache#usage
   8 |
   9 | export async function HomeLead...
> 10 |   "use cache";
     |   ^^^^^^^^^^^
  11 |   cacheLife({ expire: 3600 });
  12 |
  13 |   // Chamada de API direto no ...

Ecmascript file had an error

Import trace:
  Server Component:
    ./src/app/components/home-leaderboard.tsx
    ./src/app/page.tsx @ http://localhost:3000/_next/static/chunks/0kd0_next_dist_02e_ku3._.js:1945
[  977949ms] [ERROR] ./src/app/leaderboard/page.tsx:9:3
To use "use cache", please enable the feature flag `cacheComponents` in your Next.js config.
    
    Read more: https://nextjs.org/docs/canary/app/api-reference/directives/use-cache#usage
   7 |
   8 | export default async function ...
>  9 |   "use cache";
     |   ^^^^^^^^^^^
  10 |   cacheLife({ expire: 3600 });
  11 |
  12 |   const [leaderboardData, stat...

Ecmascript file had an error @ http://localhost:3000/_next/static/chunks/0kd0_next_dist_02e_ku3._.js:1945
[  977998ms] [ERROR] ./src/app/components/home-leaderboard.tsx:10:3
To use "use cache", please enable the feature flag `cacheComponents` in your Next.js config.
    
    Read more: https://nextjs.org/docs/canary/app/api-reference/directives/use-cache#usage
   8 |
   9 | export async function HomeLead...
> 10 |   "use cache";
     |   ^^^^^^^^^^^
  11 |   cacheLife({ expire: 3600 });
  12 |
  13 |   // Chamada de API direto no ...

Ecmascript file had an error

Import trace:
  Server Component:
    ./src/app/components/home-leaderboard.tsx
    ./src/app/page.tsx @ http://localhost:3000/_next/static/chunks/0kd0_next_dist_02e_ku3._.js:1945
[  977999ms] [ERROR] ./src/app/leaderboard/page.tsx:9:3
To use "use cache", please enable the feature flag `cacheComponents` in your Next.js config.
    
    Read more: https://nextjs.org/docs/canary/app/api-reference/directives/use-cache#usage
   7 |
   8 | export default async function ...
>  9 |   "use cache";
     |   ^^^^^^^^^^^
  10 |   cacheLife({ expire: 3600 });
  11 |
  12 |   const [leaderboardData, stat...

Ecmascript file had an error @ http://localhost:3000/_next/static/chunks/0kd0_next_dist_02e_ku3._.js:1945
[  978050ms] [ERROR] ./src/app/components/home-leaderboard.tsx:10:3
To use "use cache", please enable the feature flag `cacheComponents` in your Next.js config.
    
    Read more: https://nextjs.org/docs/canary/app/api-reference/directives/use-cache#usage
   8 |
   9 | export async function HomeLead...
> 10 |   "use cache";
     |   ^^^^^^^^^^^
  11 |   cacheLife({ expire: 3600 });
  12 |
  13 |   // Chamada de API direto no ...

Ecmascript file had an error

Import trace:
  Server Component:
    ./src/app/components/home-leaderboard.tsx
    ./src/app/page.tsx @ http://localhost:3000/_next/static/chunks/0kd0_next_dist_02e_ku3._.js:1945
[  978050ms] [ERROR] ./src/app/leaderboard/page.tsx:9:3
To use "use cache", please enable the feature flag `cacheComponents` in your Next.js config.
    
    Read more: https://nextjs.org/docs/canary/app/api-reference/directives/use-cache#usage
   7 |
   8 | export default async function ...
>  9 |   "use cache";
     |   ^^^^^^^^^^^
  10 |   cacheLife({ expire: 3600 });
  11 |
  12 |   const [leaderboardData, stat...

Ecmascript file had an error @ http://localhost:3000/_next/static/chunks/0kd0_next_dist_02e_ku3._.js:1945
[  978100ms] [ERROR] ./src/app/components/home-leaderboard.tsx:10:3
To use "use cache", please enable the feature flag `cacheComponents` in your Next.js config.
    
    Read more: https://nextjs.org/docs/canary/app/api-reference/directives/use-cache#usage
   8 |
   9 | export async function HomeLead...
> 10 |   "use cache";
     |   ^^^^^^^^^^^
  11 |   cacheLife({ expire: 3600 });
  12 |
  13 |   // Chamada de API direto no ...

Ecmascript file had an error

Import trace:
  Server Component:
    ./src/app/components/home-leaderboard.tsx
    ./src/app/page.tsx @ http://localhost:3000/_next/static/chunks/0kd0_next_dist_02e_ku3._.js:1945
[  978100ms] [ERROR] ./src/app/leaderboard/page.tsx:9:3
To use "use cache", please enable the feature flag `cacheComponents` in your Next.js config.
    
    Read more: https://nextjs.org/docs/canary/app/api-reference/directives/use-cache#usage
   7 |
   8 | export default async function ...
>  9 |   "use cache";
     |   ^^^^^^^^^^^
  10 |   cacheLife({ expire: 3600 });
  11 |
  12 |   const [leaderboardData, stat...

Ecmascript file had an error @ http://localhost:3000/_next/static/chunks/0kd0_next_dist_02e_ku3._.js:1945
[  978151ms] [ERROR] ./src/app/components/home-leaderboard.tsx:10:3
To use "use cache", please enable the feature flag `cacheComponents` in your Next.js config.
    
    Read more: https://nextjs.org/docs/canary/app/api-reference/directives/use-cache#usage
   8 |
   9 | export async function HomeLead...
> 10 |   "use cache";
     |   ^^^^^^^^^^^
  11 |   cacheLife({ expire: 3600 });
  12 |
  13 |   // Chamada de API direto no ...

Ecmascript file had an error

Import trace:
  Server Component:
    ./src/app/components/home-leaderboard.tsx
    ./src/app/page.tsx @ http://localhost:3000/_next/static/chunks/0kd0_next_dist_02e_ku3._.js:1945
[  978151ms] [ERROR] ./src/app/leaderboard/page.tsx:9:3
To use "use cache", please enable the feature flag `cacheComponents` in your Next.js config.
    
    Read more: https://nextjs.org/docs/canary/app/api-reference/directives/use-cache#usage
   7 |
   8 | export default async function ...
>  9 |   "use cache";
     |   ^^^^^^^^^^^
  10 |   cacheLife({ expire: 3600 });
  11 |
  12 |   const [leaderboardData, stat...

Ecmascript file had an error @ http://localhost:3000/_next/static/chunks/0kd0_next_dist_02e_ku3._.js:1945
[  978202ms] [ERROR] ./src/app/components/home-leaderboard.tsx:10:3
To use "use cache", please enable the feature flag `cacheComponents` in your Next.js config.
    
    Read more: https://nextjs.org/docs/canary/app/api-reference/directives/use-cache#usage
   8 |
   9 | export async function HomeLead...
> 10 |   "use cache";
     |   ^^^^^^^^^^^
  11 |   cacheLife({ expire: 3600 });
  12 |
  13 |   // Chamada de API direto no ...

Ecmascript file had an error

Import trace:
  Server Component:
    ./src/app/components/home-leaderboard.tsx
    ./src/app/page.tsx @ http://localhost:3000/_next/static/chunks/0kd0_next_dist_02e_ku3._.js:1945
[  978202ms] [ERROR] ./src/app/leaderboard/page.tsx:9:3
To use "use cache", please enable the feature flag `cacheComponents` in your Next.js config.
    
    Read more: https://nextjs.org/docs/canary/app/api-reference/directives/use-cache#usage
   7 |
   8 | export default async function ...
>  9 |   "use cache";
     |   ^^^^^^^^^^^
  10 |   cacheLife({ expire: 3600 });
  11 |
  12 |   const [leaderboardData, stat...

Ecmascript file had an error @ http://localhost:3000/_next/static/chunks/0kd0_next_dist_02e_ku3._.js:1945
[  978255ms] [ERROR] ./src/app/components/home-leaderboard.tsx:10:3
To use "use cache", please enable the feature flag `cacheComponents` in your Next.js config.
    
    Read more: https://nextjs.org/docs/canary/app/api-reference/directives/use-cache#usage
   8 |
   9 | export async function HomeLead...
> 10 |   "use cache";
     |   ^^^^^^^^^^^
  11 |   cacheLife({ expire: 3600 });
  12 |
  13 |   // Chamada de API direto no ...

Ecmascript file had an error

Import trace:
  Server Component:
    ./src/app/components/home-leaderboard.tsx
    ./src/app/page.tsx @ http://localhost:3000/_next/static/chunks/0kd0_next_dist_02e_ku3._.js:1945
[  978255ms] [ERROR] ./src/app/leaderboard/page.tsx:9:3
To use "use cache", please enable the feature flag `cacheComponents` in your Next.js config.
    
    Read more: https://nextjs.org/docs/canary/app/api-reference/directives/use-cache#usage
   7 |
   8 | export default async function ...
>  9 |   "use cache";
     |   ^^^^^^^^^^^
  10 |   cacheLife({ expire: 3600 });
  11 |
  12 |   const [leaderboardData, stat...

Ecmascript file had an error @ http://localhost:3000/_next/static/chunks/0kd0_next_dist_02e_ku3._.js:1945
[  978306ms] [ERROR] ./src/app/components/home-leaderboard.tsx:10:3
To use "use cache", please enable the feature flag `cacheComponents` in your Next.js config.
    
    Read more: https://nextjs.org/docs/canary/app/api-reference/directives/use-cache#usage
   8 |
   9 | export async function HomeLead...
> 10 |   "use cache";
     |   ^^^^^^^^^^^
  11 |   cacheLife({ expire: 3600 });
  12 |
  13 |   // Chamada de API direto no ...

Ecmascript file had an error

Import trace:
  Server Component:
    ./src/app/components/home-leaderboard.tsx
    ./src/app/page.tsx @ http://localhost:3000/_next/static/chunks/0kd0_next_dist_02e_ku3._.js:1945
[  978306ms] [ERROR] ./src/app/leaderboard/page.tsx:9:3
To use "use cache", please enable the feature flag `cacheComponents` in your Next.js config.
    
    Read more: https://nextjs.org/docs/canary/app/api-reference/directives/use-cache#usage
   7 |
   8 | export default async function ...
>  9 |   "use cache";
     |   ^^^^^^^^^^^
  10 |   cacheLife({ expire: 3600 });
  11 |
  12 |   const [leaderboardData, stat...

Ecmascript file had an error @ http://localhost:3000/_next/static/chunks/0kd0_next_dist_02e_ku3._.js:1945
[  978357ms] [ERROR] ./src/app/components/home-leaderboard.tsx:10:3
To use "use cache", please enable the feature flag `cacheComponents` in your Next.js config.
    
    Read more: https://nextjs.org/docs/canary/app/api-reference/directives/use-cache#usage
   8 |
   9 | export async function HomeLead...
> 10 |   "use cache";
     |   ^^^^^^^^^^^
  11 |   cacheLife({ expire: 3600 });
  12 |
  13 |   // Chamada de API direto no ...

Ecmascript file had an error

Import trace:
  Server Component:
    ./src/app/components/home-leaderboard.tsx
    ./src/app/page.tsx @ http://localhost:3000/_next/static/chunks/0kd0_next_dist_02e_ku3._.js:1945
[  978357ms] [ERROR] ./src/app/leaderboard/page.tsx:9:3
To use "use cache", please enable the feature flag `cacheComponents` in your Next.js config.
    
    Read more: https://nextjs.org/docs/canary/app/api-reference/directives/use-cache#usage
   7 |
   8 | export default async function ...
>  9 |   "use cache";
     |   ^^^^^^^^^^^
  10 |   cacheLife({ expire: 3600 });
  11 |
  12 |   const [leaderboardData, stat...

Ecmascript file had an error @ http://localhost:3000/_next/static/chunks/0kd0_next_dist_02e_ku3._.js:1945
[  978407ms] [ERROR] ./src/app/components/home-leaderboard.tsx:10:3
To use "use cache", please enable the feature flag `cacheComponents` in your Next.js config.
    
    Read more: https://nextjs.org/docs/canary/app/api-reference/directives/use-cache#usage
   8 |
   9 | export async function HomeLead...
> 10 |   "use cache";
     |   ^^^^^^^^^^^
  11 |   cacheLife({ expire: 3600 });
  12 |
  13 |   // Chamada de API direto no ...

Ecmascript file had an error

Import trace:
  Server Component:
    ./src/app/components/home-leaderboard.tsx
    ./src/app/page.tsx @ http://localhost:3000/_next/static/chunks/0kd0_next_dist_02e_ku3._.js:1945
[  978407ms] [ERROR] ./src/app/leaderboard/page.tsx:9:3
To use "use cache", please enable the feature flag `cacheComponents` in your Next.js config.
    
    Read more: https://nextjs.org/docs/canary/app/api-reference/directives/use-cache#usage
   7 |
   8 | export default async function ...
>  9 |   "use cache";
     |   ^^^^^^^^^^^
  10 |   cacheLife({ expire: 3600 });
  11 |
  12 |   const [leaderboardData, stat...

Ecmascript file had an error @ http://localhost:3000/_next/static/chunks/0kd0_next_dist_02e_ku3._.js:1945
[  978458ms] [ERROR] ./src/app/components/home-leaderboard.tsx:10:3
To use "use cache", please enable the feature flag `cacheComponents` in your Next.js config.
    
    Read more: https://nextjs.org/docs/canary/app/api-reference/directives/use-cache#usage
   8 |
   9 | export async function HomeLead...
> 10 |   "use cache";
     |   ^^^^^^^^^^^
  11 |   cacheLife({ expire: 3600 });
  12 |
  13 |   // Chamada de API direto no ...

Ecmascript file had an error

Import trace:
  Server Component:
    ./src/app/components/home-leaderboard.tsx
    ./src/app/page.tsx @ http://localhost:3000/_next/static/chunks/0kd0_next_dist_02e_ku3._.js:1945
[  978458ms] [ERROR] ./src/app/leaderboard/page.tsx:9:3
To use "use cache", please enable the feature flag `cacheComponents` in your Next.js config.
    
    Read more: https://nextjs.org/docs/canary/app/api-reference/directives/use-cache#usage
   7 |
   8 | export default async function ...
>  9 |   "use cache";
     |   ^^^^^^^^^^^
  10 |   cacheLife({ expire: 3600 });
  11 |
  12 |   const [leaderboardData, stat...

Ecmascript file had an error @ http://localhost:3000/_next/static/chunks/0kd0_next_dist_02e_ku3._.js:1945
[  978508ms] [ERROR] ./src/app/components/home-leaderboard.tsx:10:3
To use "use cache", please enable the feature flag `cacheComponents` in your Next.js config.
    
    Read more: https://nextjs.org/docs/canary/app/api-reference/directives/use-cache#usage
   8 |
   9 | export async function HomeLead...
> 10 |   "use cache";
     |   ^^^^^^^^^^^
  11 |   cacheLife({ expire: 3600 });
  12 |
  13 |   // Chamada de API direto no ...

Ecmascript file had an error

Import trace:
  Server Component:
    ./src/app/components/home-leaderboard.tsx
    ./src/app/page.tsx @ http://localhost:3000/_next/static/chunks/0kd0_next_dist_02e_ku3._.js:1945
[  978509ms] [ERROR] ./src/app/leaderboard/page.tsx:9:3
To use "use cache", please enable the feature flag `cacheComponents` in your Next.js config.
    
    Read more: https://nextjs.org/docs/canary/app/api-reference/directives/use-cache#usage
   7 |
   8 | export default async function ...
>  9 |   "use cache";
     |   ^^^^^^^^^^^
  10 |   cacheLife({ expire: 3600 });
  11 |
  12 |   const [leaderboardData, stat...

Ecmascript file had an error @ http://localhost:3000/_next/static/chunks/0kd0_next_dist_02e_ku3._.js:1945
[  978560ms] [ERROR] ./src/app/components/home-leaderboard.tsx:10:3
To use "use cache", please enable the feature flag `cacheComponents` in your Next.js config.
    
    Read more: https://nextjs.org/docs/canary/app/api-reference/directives/use-cache#usage
   8 |
   9 | export async function HomeLead...
> 10 |   "use cache";
     |   ^^^^^^^^^^^
  11 |   cacheLife({ expire: 3600 });
  12 |
  13 |   // Chamada de API direto no ...

Ecmascript file had an error

Import trace:
  Server Component:
    ./src/app/components/home-leaderboard.tsx
    ./src/app/page.tsx @ http://localhost:3000/_next/static/chunks/0kd0_next_dist_02e_ku3._.js:1945
[  978560ms] [ERROR] ./src/app/leaderboard/page.tsx:9:3
To use "use cache", please enable the feature flag `cacheComponents` in your Next.js config.
    
    Read more: https://nextjs.org/docs/canary/app/api-reference/directives/use-cache#usage
   7 |
   8 | export default async function ...
>  9 |   "use cache";
     |   ^^^^^^^^^^^
  10 |   cacheLife({ expire: 3600 });
  11 |
  12 |   const [leaderboardData, stat...

Ecmascript file had an error @ http://localhost:3000/_next/static/chunks/0kd0_next_dist_02e_ku3._.js:1945
[  978611ms] [ERROR] ./src/app/components/home-leaderboard.tsx:10:3
To use "use cache", please enable the feature flag `cacheComponents` in your Next.js config.
    
    Read more: https://nextjs.org/docs/canary/app/api-reference/directives/use-cache#usage
   8 |
   9 | export async function HomeLead...
> 10 |   "use cache";
     |   ^^^^^^^^^^^
  11 |   cacheLife({ expire: 3600 });
  12 |
  13 |   // Chamada de API direto no ...

Ecmascript file had an error

Import trace:
  Server Component:
    ./src/app/components/home-leaderboard.tsx
    ./src/app/page.tsx @ http://localhost:3000/_next/static/chunks/0kd0_next_dist_02e_ku3._.js:1945
[  978611ms] [ERROR] ./src/app/leaderboard/page.tsx:9:3
To use "use cache", please enable the feature flag `cacheComponents` in your Next.js config.
    
    Read more: https://nextjs.org/docs/canary/app/api-reference/directives/use-cache#usage
   7 |
   8 | export default async function ...
>  9 |   "use cache";
     |   ^^^^^^^^^^^
  10 |   cacheLife({ expire: 3600 });
  11 |
  12 |   const [leaderboardData, stat...

Ecmascript file had an error @ http://localhost:3000/_next/static/chunks/0kd0_next_dist_02e_ku3._.js:1945
[  978662ms] [ERROR] ./src/app/components/home-leaderboard.tsx:10:3
To use "use cache", please enable the feature flag `cacheComponents` in your Next.js config.
    
    Read more: https://nextjs.org/docs/canary/app/api-reference/directives/use-cache#usage
   8 |
   9 | export async function HomeLead...
> 10 |   "use cache";
     |   ^^^^^^^^^^^
  11 |   cacheLife({ expire: 3600 });
  12 |
  13 |   // Chamada de API direto no ...

Ecmascript file had an error

Import trace:
  Server Component:
    ./src/app/components/home-leaderboard.tsx
    ./src/app/page.tsx @ http://localhost:3000/_next/static/chunks/0kd0_next_dist_02e_ku3._.js:1945
[  978662ms] [ERROR] ./src/app/leaderboard/page.tsx:9:3
To use "use cache", please enable the feature flag `cacheComponents` in your Next.js config.
    
    Read more: https://nextjs.org/docs/canary/app/api-reference/directives/use-cache#usage
   7 |
   8 | export default async function ...
>  9 |   "use cache";
     |   ^^^^^^^^^^^
  10 |   cacheLife({ expire: 3600 });
  11 |
  12 |   const [leaderboardData, stat...

Ecmascript file had an error @ http://localhost:3000/_next/static/chunks/0kd0_next_dist_02e_ku3._.js:1945
[  978712ms] [ERROR] ./src/app/components/home-leaderboard.tsx:10:3
To use "use cache", please enable the feature flag `cacheComponents` in your Next.js config.
    
    Read more: https://nextjs.org/docs/canary/app/api-reference/directives/use-cache#usage
   8 |
   9 | export async function HomeLead...
> 10 |   "use cache";
     |   ^^^^^^^^^^^
  11 |   cacheLife({ expire: 3600 });
  12 |
  13 |   // Chamada de API direto no ...

Ecmascript file had an error

Import trace:
  Server Component:
    ./src/app/components/home-leaderboard.tsx
    ./src/app/page.tsx @ http://localhost:3000/_next/static/chunks/0kd0_next_dist_02e_ku3._.js:1945
[  978712ms] [ERROR] ./src/app/leaderboard/page.tsx:9:3
To use "use cache", please enable the feature flag `cacheComponents` in your Next.js config.
    
    Read more: https://nextjs.org/docs/canary/app/api-reference/directives/use-cache#usage
   7 |
   8 | export default async function ...
>  9 |   "use cache";
     |   ^^^^^^^^^^^
  10 |   cacheLife({ expire: 3600 });
  11 |
  12 |   const [leaderboardData, stat...

Ecmascript file had an error @ http://localhost:3000/_next/static/chunks/0kd0_next_dist_02e_ku3._.js:1945
[  978762ms] [ERROR] ./src/app/components/home-leaderboard.tsx:10:3
To use "use cache", please enable the feature flag `cacheComponents` in your Next.js config.
    
    Read more: https://nextjs.org/docs/canary/app/api-reference/directives/use-cache#usage
   8 |
   9 | export async function HomeLead...
> 10 |   "use cache";
     |   ^^^^^^^^^^^
  11 |   cacheLife({ expire: 3600 });
  12 |
  13 |   // Chamada de API direto no ...

Ecmascript file had an error

Import trace:
  Server Component:
    ./src/app/components/home-leaderboard.tsx
    ./src/app/page.tsx @ http://localhost:3000/_next/static/chunks/0kd0_next_dist_02e_ku3._.js:1945
[  978763ms] [ERROR] ./src/app/leaderboard/page.tsx:9:3
To use "use cache", please enable the feature flag `cacheComponents` in your Next.js config.
    
    Read more: https://nextjs.org/docs/canary/app/api-reference/directives/use-cache#usage
   7 |
   8 | export default async function ...
>  9 |   "use cache";
     |   ^^^^^^^^^^^
  10 |   cacheLife({ expire: 3600 });
  11 |
  12 |   const [leaderboardData, stat...

Ecmascript file had an error @ http://localhost:3000/_next/static/chunks/0kd0_next_dist_02e_ku3._.js:1945
[  978813ms] [ERROR] ./src/app/components/home-leaderboard.tsx:10:3
To use "use cache", please enable the feature flag `cacheComponents` in your Next.js config.
    
    Read more: https://nextjs.org/docs/canary/app/api-reference/directives/use-cache#usage
   8 |
   9 | export async function HomeLead...
> 10 |   "use cache";
     |   ^^^^^^^^^^^
  11 |   cacheLife({ expire: 3600 });
  12 |
  13 |   // Chamada de API direto no ...

Ecmascript file had an error

Import trace:
  Server Component:
    ./src/app/components/home-leaderboard.tsx
    ./src/app/page.tsx @ http://localhost:3000/_next/static/chunks/0kd0_next_dist_02e_ku3._.js:1945
[  978813ms] [ERROR] ./src/app/leaderboard/page.tsx:9:3
To use "use cache", please enable the feature flag `cacheComponents` in your Next.js config.
    
    Read more: https://nextjs.org/docs/canary/app/api-reference/directives/use-cache#usage
   7 |
   8 | export default async function ...
>  9 |   "use cache";
     |   ^^^^^^^^^^^
  10 |   cacheLife({ expire: 3600 });
  11 |
  12 |   const [leaderboardData, stat...

Ecmascript file had an error @ http://localhost:3000/_next/static/chunks/0kd0_next_dist_02e_ku3._.js:1945
[  978863ms] [ERROR] ./src/app/components/home-leaderboard.tsx:10:3
To use "use cache", please enable the feature flag `cacheComponents` in your Next.js config.
    
    Read more: https://nextjs.org/docs/canary/app/api-reference/directives/use-cache#usage
   8 |
   9 | export async function HomeLead...
> 10 |   "use cache";
     |   ^^^^^^^^^^^
  11 |   cacheLife({ expire: 3600 });
  12 |
  13 |   // Chamada de API direto no ...

Ecmascript file had an error

Import trace:
  Server Component:
    ./src/app/components/home-leaderboard.tsx
    ./src/app/page.tsx @ http://localhost:3000/_next/static/chunks/0kd0_next_dist_02e_ku3._.js:1945
[  978863ms] [ERROR] ./src/app/leaderboard/page.tsx:9:3
To use "use cache", please enable the feature flag `cacheComponents` in your Next.js config.
    
    Read more: https://nextjs.org/docs/canary/app/api-reference/directives/use-cache#usage
   7 |
   8 | export default async function ...
>  9 |   "use cache";
     |   ^^^^^^^^^^^
  10 |   cacheLife({ expire: 3600 });
  11 |
  12 |   const [leaderboardData, stat...

Ecmascript file had an error @ http://localhost:3000/_next/static/chunks/0kd0_next_dist_02e_ku3._.js:1945
[  978911ms] [ERROR] ./src/app/components/home-leaderboard.tsx:10:3
To use "use cache", please enable the feature flag `cacheComponents` in your Next.js config.
    
    Read more: https://nextjs.org/docs/canary/app/api-reference/directives/use-cache#usage
   8 |
   9 | export async function HomeLead...
> 10 |   "use cache";
     |   ^^^^^^^^^^^
  11 |   cacheLife({ expire: 3600 });
  12 |
  13 |   // Chamada de API direto no ...

Ecmascript file had an error

Import trace:
  Server Component:
    ./src/app/components/home-leaderboard.tsx
    ./src/app/page.tsx @ http://localhost:3000/_next/static/chunks/0kd0_next_dist_02e_ku3._.js:1945
[  978911ms] [ERROR] ./src/app/leaderboard/page.tsx:9:3
To use "use cache", please enable the feature flag `cacheComponents` in your Next.js config.
    
    Read more: https://nextjs.org/docs/canary/app/api-reference/directives/use-cache#usage
   7 |
   8 | export default async function ...
>  9 |   "use cache";
     |   ^^^^^^^^^^^
  10 |   cacheLife({ expire: 3600 });
  11 |
  12 |   const [leaderboardData, stat...

Ecmascript file had an error @ http://localhost:3000/_next/static/chunks/0kd0_next_dist_02e_ku3._.js:1945
[  978959ms] [ERROR] ./src/app/components/home-leaderboard.tsx:10:3
To use "use cache", please enable the feature flag `cacheComponents` in your Next.js config.
    
    Read more: https://nextjs.org/docs/canary/app/api-reference/directives/use-cache#usage
   8 |
   9 | export async function HomeLead...
> 10 |   "use cache";
     |   ^^^^^^^^^^^
  11 |   cacheLife({ expire: 3600 });
  12 |
  13 |   // Chamada de API direto no ...

Ecmascript file had an error

Import trace:
  Server Component:
    ./src/app/components/home-leaderboard.tsx
    ./src/app/page.tsx @ http://localhost:3000/_next/static/chunks/0kd0_next_dist_02e_ku3._.js:1945
[  978959ms] [ERROR] ./src/app/leaderboard/page.tsx:9:3
To use "use cache", please enable the feature flag `cacheComponents` in your Next.js config.
    
    Read more: https://nextjs.org/docs/canary/app/api-reference/directives/use-cache#usage
   7 |
   8 | export default async function ...
>  9 |   "use cache";
     |   ^^^^^^^^^^^
  10 |   cacheLife({ expire: 3600 });
  11 |
  12 |   const [leaderboardData, stat...

Ecmascript file had an error @ http://localhost:3000/_next/static/chunks/0kd0_next_dist_02e_ku3._.js:1945
[  979007ms] [ERROR] ./src/app/components/home-leaderboard.tsx:10:3
To use "use cache", please enable the feature flag `cacheComponents` in your Next.js config.
    
    Read more: https://nextjs.org/docs/canary/app/api-reference/directives/use-cache#usage
   8 |
   9 | export async function HomeLead...
> 10 |   "use cache";
     |   ^^^^^^^^^^^
  11 |   cacheLife({ expire: 3600 });
  12 |
  13 |   // Chamada de API direto no ...

Ecmascript file had an error

Import trace:
  Server Component:
    ./src/app/components/home-leaderboard.tsx
    ./src/app/page.tsx @ http://localhost:3000/_next/static/chunks/0kd0_next_dist_02e_ku3._.js:1945
[  979007ms] [ERROR] ./src/app/leaderboard/page.tsx:9:3
To use "use cache", please enable the feature flag `cacheComponents` in your Next.js config.
    
    Read more: https://nextjs.org/docs/canary/app/api-reference/directives/use-cache#usage
   7 |
   8 | export default async function ...
>  9 |   "use cache";
     |   ^^^^^^^^^^^
  10 |   cacheLife({ expire: 3600 });
  11 |
  12 |   const [leaderboardData, stat...

Ecmascript file had an error @ http://localhost:3000/_next/static/chunks/0kd0_next_dist_02e_ku3._.js:1945
[  979057ms] [ERROR] ./src/app/components/home-leaderboard.tsx:10:3
To use "use cache", please enable the feature flag `cacheComponents` in your Next.js config.
    
    Read more: https://nextjs.org/docs/canary/app/api-reference/directives/use-cache#usage
   8 |
   9 | export async function HomeLead...
> 10 |   "use cache";
     |   ^^^^^^^^^^^
  11 |   cacheLife({ expire: 3600 });
  12 |
  13 |   // Chamada de API direto no ...

Ecmascript file had an error

Import trace:
  Server Component:
    ./src/app/components/home-leaderboard.tsx
    ./src/app/page.tsx @ http://localhost:3000/_next/static/chunks/0kd0_next_dist_02e_ku3._.js:1945
[  979058ms] [ERROR] ./src/app/leaderboard/page.tsx:9:3
To use "use cache", please enable the feature flag `cacheComponents` in your Next.js config.
    
    Read more: https://nextjs.org/docs/canary/app/api-reference/directives/use-cache#usage
   7 |
   8 | export default async function ...
>  9 |   "use cache";
     |   ^^^^^^^^^^^
  10 |   cacheLife({ expire: 3600 });
  11 |
  12 |   const [leaderboardData, stat...

Ecmascript file had an error @ http://localhost:3000/_next/static/chunks/0kd0_next_dist_02e_ku3._.js:1945
[  979107ms] [ERROR] ./src/app/components/home-leaderboard.tsx:10:3
To use "use cache", please enable the feature flag `cacheComponents` in your Next.js config.
    
    Read more: https://nextjs.org/docs/canary/app/api-reference/directives/use-cache#usage
   8 |
   9 | export async function HomeLead...
> 10 |   "use cache";
     |   ^^^^^^^^^^^
  11 |   cacheLife({ expire: 3600 });
  12 |
  13 |   // Chamada de API direto no ...

Ecmascript file had an error

Import trace:
  Server Component:
    ./src/app/components/home-leaderboard.tsx
    ./src/app/page.tsx @ http://localhost:3000/_next/static/chunks/0kd0_next_dist_02e_ku3._.js:1945
[  979108ms] [ERROR] ./src/app/leaderboard/page.tsx:9:3
To use "use cache", please enable the feature flag `cacheComponents` in your Next.js config.
    
    Read more: https://nextjs.org/docs/canary/app/api-reference/directives/use-cache#usage
   7 |
   8 | export default async function ...
>  9 |   "use cache";
     |   ^^^^^^^^^^^
  10 |   cacheLife({ expire: 3600 });
  11 |
  12 |   const [leaderboardData, stat...

Ecmascript file had an error @ http://localhost:3000/_next/static/chunks/0kd0_next_dist_02e_ku3._.js:1945
[  979150ms] [ERROR] ./src/app/components/home-leaderboard.tsx:10:3
To use "use cache", please enable the feature flag `cacheComponents` in your Next.js config.
    
    Read more: https://nextjs.org/docs/canary/app/api-reference/directives/use-cache#usage
   8 |
   9 | export async function HomeLead...
> 10 |   "use cache";
     |   ^^^^^^^^^^^
  11 |   cacheLife({ expire: 3600 });
  12 |
  13 |   // Chamada de API direto no ...

Ecmascript file had an error

Import trace:
  Server Component:
    ./src/app/components/home-leaderboard.tsx
    ./src/app/page.tsx @ http://localhost:3000/_next/static/chunks/0kd0_next_dist_02e_ku3._.js:1945
[  979150ms] [ERROR] ./src/app/leaderboard/page.tsx:9:3
To use "use cache", please enable the feature flag `cacheComponents` in your Next.js config.
    
    Read more: https://nextjs.org/docs/canary/app/api-reference/directives/use-cache#usage
   7 |
   8 | export default async function ...
>  9 |   "use cache";
     |   ^^^^^^^^^^^
  10 |   cacheLife({ expire: 3600 });
  11 |
  12 |   const [leaderboardData, stat...

Ecmascript file had an error @ http://localhost:3000/_next/static/chunks/0kd0_next_dist_02e_ku3._.js:1945
[  979201ms] [ERROR] ./src/app/components/home-leaderboard.tsx:10:3
To use "use cache", please enable the feature flag `cacheComponents` in your Next.js config.
    
    Read more: https://nextjs.org/docs/canary/app/api-reference/directives/use-cache#usage
   8 |
   9 | export async function HomeLead...
> 10 |   "use cache";
     |   ^^^^^^^^^^^
  11 |   cacheLife({ expire: 3600 });
  12 |
  13 |   // Chamada de API direto no ...

Ecmascript file had an error

Import trace:
  Server Component:
    ./src/app/components/home-leaderboard.tsx
    ./src/app/page.tsx @ http://localhost:3000/_next/static/chunks/0kd0_next_dist_02e_ku3._.js:1945
[  979201ms] [ERROR] ./src/app/leaderboard/page.tsx:9:3
To use "use cache", please enable the feature flag `cacheComponents` in your Next.js config.
    
    Read more: https://nextjs.org/docs/canary/app/api-reference/directives/use-cache#usage
   7 |
   8 | export default async function ...
>  9 |   "use cache";
     |   ^^^^^^^^^^^
  10 |   cacheLife({ expire: 3600 });
  11 |
  12 |   const [leaderboardData, stat...

Ecmascript file had an error @ http://localhost:3000/_next/static/chunks/0kd0_next_dist_02e_ku3._.js:1945
[  979252ms] [ERROR] ./src/app/components/home-leaderboard.tsx:10:3
To use "use cache", please enable the feature flag `cacheComponents` in your Next.js config.
    
    Read more: https://nextjs.org/docs/canary/app/api-reference/directives/use-cache#usage
   8 |
   9 | export async function HomeLead...
> 10 |   "use cache";
     |   ^^^^^^^^^^^
  11 |   cacheLife({ expire: 3600 });
  12 |
  13 |   // Chamada de API direto no ...

Ecmascript file had an error

Import trace:
  Server Component:
    ./src/app/components/home-leaderboard.tsx
    ./src/app/page.tsx @ http://localhost:3000/_next/static/chunks/0kd0_next_dist_02e_ku3._.js:1945
[  979252ms] [ERROR] ./src/app/leaderboard/page.tsx:9:3
To use "use cache", please enable the feature flag `cacheComponents` in your Next.js config.
    
    Read more: https://nextjs.org/docs/canary/app/api-reference/directives/use-cache#usage
   7 |
   8 | export default async function ...
>  9 |   "use cache";
     |   ^^^^^^^^^^^
  10 |   cacheLife({ expire: 3600 });
  11 |
  12 |   const [leaderboardData, stat...

Ecmascript file had an error @ http://localhost:3000/_next/static/chunks/0kd0_next_dist_02e_ku3._.js:1945
[  979304ms] [ERROR] ./src/app/components/home-leaderboard.tsx:10:3
To use "use cache", please enable the feature flag `cacheComponents` in your Next.js config.
    
    Read more: https://nextjs.org/docs/canary/app/api-reference/directives/use-cache#usage
   8 |
   9 | export async function HomeLead...
> 10 |   "use cache";
     |   ^^^^^^^^^^^
  11 |   cacheLife({ expire: 3600 });
  12 |
  13 |   // Chamada de API direto no ...

Ecmascript file had an error

Import trace:
  Server Component:
    ./src/app/components/home-leaderboard.tsx
    ./src/app/page.tsx @ http://localhost:3000/_next/static/chunks/0kd0_next_dist_02e_ku3._.js:1945
[  979304ms] [ERROR] ./src/app/leaderboard/page.tsx:9:3
To use "use cache", please enable the feature flag `cacheComponents` in your Next.js config.
    
    Read more: https://nextjs.org/docs/canary/app/api-reference/directives/use-cache#usage
   7 |
   8 | export default async function ...
>  9 |   "use cache";
     |   ^^^^^^^^^^^
  10 |   cacheLife({ expire: 3600 });
  11 |
  12 |   const [leaderboardData, stat...

Ecmascript file had an error @ http://localhost:3000/_next/static/chunks/0kd0_next_dist_02e_ku3._.js:1945
[  979347ms] [ERROR] ./src/app/components/home-leaderboard.tsx:10:3
To use "use cache", please enable the feature flag `cacheComponents` in your Next.js config.
    
    Read more: https://nextjs.org/docs/canary/app/api-reference/directives/use-cache#usage
   8 |
   9 | export async function HomeLead...
> 10 |   "use cache";
     |   ^^^^^^^^^^^
  11 |   cacheLife({ expire: 3600 });
  12 |
  13 |   // Chamada de API direto no ...

Ecmascript file had an error

Import trace:
  Server Component:
    ./src/app/components/home-leaderboard.tsx
    ./src/app/page.tsx @ http://localhost:3000/_next/static/chunks/0kd0_next_dist_02e_ku3._.js:1945
[  979347ms] [ERROR] ./src/app/leaderboard/page.tsx:9:3
To use "use cache", please enable the feature flag `cacheComponents` in your Next.js config.
    
    Read more: https://nextjs.org/docs/canary/app/api-reference/directives/use-cache#usage
   7 |
   8 | export default async function ...
>  9 |   "use cache";
     |   ^^^^^^^^^^^
  10 |   cacheLife({ expire: 3600 });
  11 |
  12 |   const [leaderboardData, stat...

Ecmascript file had an error @ http://localhost:3000/_next/static/chunks/0kd0_next_dist_02e_ku3._.js:1945
[  979397ms] [ERROR] ./src/app/components/home-leaderboard.tsx:10:3
To use "use cache", please enable the feature flag `cacheComponents` in your Next.js config.
    
    Read more: https://nextjs.org/docs/canary/app/api-reference/directives/use-cache#usage
   8 |
   9 | export async function HomeLead...
> 10 |   "use cache";
     |   ^^^^^^^^^^^
  11 |   cacheLife({ expire: 3600 });
  12 |
  13 |   // Chamada de API direto no ...

Ecmascript file had an error

Import trace:
  Server Component:
    ./src/app/components/home-leaderboard.tsx
    ./src/app/page.tsx @ http://localhost:3000/_next/static/chunks/0kd0_next_dist_02e_ku3._.js:1945
[  979397ms] [ERROR] ./src/app/leaderboard/page.tsx:9:3
To use "use cache", please enable the feature flag `cacheComponents` in your Next.js config.
    
    Read more: https://nextjs.org/docs/canary/app/api-reference/directives/use-cache#usage
   7 |
   8 | export default async function ...
>  9 |   "use cache";
     |   ^^^^^^^^^^^
  10 |   cacheLife({ expire: 3600 });
  11 |
  12 |   const [leaderboardData, stat...

Ecmascript file had an error @ http://localhost:3000/_next/static/chunks/0kd0_next_dist_02e_ku3._.js:1945
[  979447ms] [ERROR] ./src/app/components/home-leaderboard.tsx:10:3
To use "use cache", please enable the feature flag `cacheComponents` in your Next.js config.
    
    Read more: https://nextjs.org/docs/canary/app/api-reference/directives/use-cache#usage
   8 |
   9 | export async function HomeLead...
> 10 |   "use cache";
     |   ^^^^^^^^^^^
  11 |   cacheLife({ expire: 3600 });
  12 |
  13 |   // Chamada de API direto no ...

Ecmascript file had an error

Import trace:
  Server Component:
    ./src/app/components/home-leaderboard.tsx
    ./src/app/page.tsx @ http://localhost:3000/_next/static/chunks/0kd0_next_dist_02e_ku3._.js:1945
[  979447ms] [ERROR] ./src/app/leaderboard/page.tsx:9:3
To use "use cache", please enable the feature flag `cacheComponents` in your Next.js config.
    
    Read more: https://nextjs.org/docs/canary/app/api-reference/directives/use-cache#usage
   7 |
   8 | export default async function ...
>  9 |   "use cache";
     |   ^^^^^^^^^^^
  10 |   cacheLife({ expire: 3600 });
  11 |
  12 |   const [leaderboardData, stat...

Ecmascript file had an error @ http://localhost:3000/_next/static/chunks/0kd0_next_dist_02e_ku3._.js:1945
[  979498ms] [ERROR] ./src/app/components/home-leaderboard.tsx:10:3
To use "use cache", please enable the feature flag `cacheComponents` in your Next.js config.
    
    Read more: https://nextjs.org/docs/canary/app/api-reference/directives/use-cache#usage
   8 |
   9 | export async function HomeLead...
> 10 |   "use cache";
     |   ^^^^^^^^^^^
  11 |   cacheLife({ expire: 3600 });
  12 |
  13 |   // Chamada de API direto no ...

Ecmascript file had an error

Import trace:
  Server Component:
    ./src/app/components/home-leaderboard.tsx
    ./src/app/page.tsx @ http://localhost:3000/_next/static/chunks/0kd0_next_dist_02e_ku3._.js:1945
[  979498ms] [ERROR] ./src/app/leaderboard/page.tsx:9:3
To use "use cache", please enable the feature flag `cacheComponents` in your Next.js config.
    
    Read more: https://nextjs.org/docs/canary/app/api-reference/directives/use-cache#usage
   7 |
   8 | export default async function ...
>  9 |   "use cache";
     |   ^^^^^^^^^^^
  10 |   cacheLife({ expire: 3600 });
  11 |
  12 |   const [leaderboardData, stat...

Ecmascript file had an error @ http://localhost:3000/_next/static/chunks/0kd0_next_dist_02e_ku3._.js:1945
[  979548ms] [ERROR] ./src/app/components/home-leaderboard.tsx:10:3
To use "use cache", please enable the feature flag `cacheComponents` in your Next.js config.
    
    Read more: https://nextjs.org/docs/canary/app/api-reference/directives/use-cache#usage
   8 |
   9 | export async function HomeLead...
> 10 |   "use cache";
     |   ^^^^^^^^^^^
  11 |   cacheLife({ expire: 3600 });
  12 |
  13 |   // Chamada de API direto no ...

Ecmascript file had an error

Import trace:
  Server Component:
    ./src/app/components/home-leaderboard.tsx
    ./src/app/page.tsx @ http://localhost:3000/_next/static/chunks/0kd0_next_dist_02e_ku3._.js:1945
[  979549ms] [ERROR] ./src/app/leaderboard/page.tsx:9:3
To use "use cache", please enable the feature flag `cacheComponents` in your Next.js config.
    
    Read more: https://nextjs.org/docs/canary/app/api-reference/directives/use-cache#usage
   7 |
   8 | export default async function ...
>  9 |   "use cache";
     |   ^^^^^^^^^^^
  10 |   cacheLife({ expire: 3600 });
  11 |
  12 |   const [leaderboardData, stat...

Ecmascript file had an error @ http://localhost:3000/_next/static/chunks/0kd0_next_dist_02e_ku3._.js:1945
[  979599ms] [ERROR] ./src/app/components/home-leaderboard.tsx:10:3
To use "use cache", please enable the feature flag `cacheComponents` in your Next.js config.
    
    Read more: https://nextjs.org/docs/canary/app/api-reference/directives/use-cache#usage
   8 |
   9 | export async function HomeLead...
> 10 |   "use cache";
     |   ^^^^^^^^^^^
  11 |   cacheLife({ expire: 3600 });
  12 |
  13 |   // Chamada de API direto no ...

Ecmascript file had an error

Import trace:
  Server Component:
    ./src/app/components/home-leaderboard.tsx
    ./src/app/page.tsx @ http://localhost:3000/_next/static/chunks/0kd0_next_dist_02e_ku3._.js:1945
[  979599ms] [ERROR] ./src/app/leaderboard/page.tsx:9:3
To use "use cache", please enable the feature flag `cacheComponents` in your Next.js config.
    
    Read more: https://nextjs.org/docs/canary/app/api-reference/directives/use-cache#usage
   7 |
   8 | export default async function ...
>  9 |   "use cache";
     |   ^^^^^^^^^^^
  10 |   cacheLife({ expire: 3600 });
  11 |
  12 |   const [leaderboardData, stat...

Ecmascript file had an error @ http://localhost:3000/_next/static/chunks/0kd0_next_dist_02e_ku3._.js:1945
[  979650ms] [ERROR] ./src/app/components/home-leaderboard.tsx:10:3
To use "use cache", please enable the feature flag `cacheComponents` in your Next.js config.
    
    Read more: https://nextjs.org/docs/canary/app/api-reference/directives/use-cache#usage
   8 |
   9 | export async function HomeLead...
> 10 |   "use cache";
     |   ^^^^^^^^^^^
  11 |   cacheLife({ expire: 3600 });
  12 |
  13 |   // Chamada de API direto no ...

Ecmascript file had an error

Import trace:
  Server Component:
    ./src/app/components/home-leaderboard.tsx
    ./src/app/page.tsx @ http://localhost:3000/_next/static/chunks/0kd0_next_dist_02e_ku3._.js:1945
[  979650ms] [ERROR] ./src/app/leaderboard/page.tsx:9:3
To use "use cache", please enable the feature flag `cacheComponents` in your Next.js config.
    
    Read more: https://nextjs.org/docs/canary/app/api-reference/directives/use-cache#usage
   7 |
   8 | export default async function ...
>  9 |   "use cache";
     |   ^^^^^^^^^^^
  10 |   cacheLife({ expire: 3600 });
  11 |
  12 |   const [leaderboardData, stat...

Ecmascript file had an error @ http://localhost:3000/_next/static/chunks/0kd0_next_dist_02e_ku3._.js:1945
[  979701ms] [ERROR] ./src/app/components/home-leaderboard.tsx:10:3
To use "use cache", please enable the feature flag `cacheComponents` in your Next.js config.
    
    Read more: https://nextjs.org/docs/canary/app/api-reference/directives/use-cache#usage
   8 |
   9 | export async function HomeLead...
> 10 |   "use cache";
     |   ^^^^^^^^^^^
  11 |   cacheLife({ expire: 3600 });
  12 |
  13 |   // Chamada de API direto no ...

Ecmascript file had an error

Import trace:
  Server Component:
    ./src/app/components/home-leaderboard.tsx
    ./src/app/page.tsx @ http://localhost:3000/_next/static/chunks/0kd0_next_dist_02e_ku3._.js:1945
[  979701ms] [ERROR] ./src/app/leaderboard/page.tsx:9:3
To use "use cache", please enable the feature flag `cacheComponents` in your Next.js config.
    
    Read more: https://nextjs.org/docs/canary/app/api-reference/directives/use-cache#usage
   7 |
   8 | export default async function ...
>  9 |   "use cache";
     |   ^^^^^^^^^^^
  10 |   cacheLife({ expire: 3600 });
  11 |
  12 |   const [leaderboardData, stat...

Ecmascript file had an error @ http://localhost:3000/_next/static/chunks/0kd0_next_dist_02e_ku3._.js:1945
[  979752ms] [ERROR] ./src/app/components/home-leaderboard.tsx:10:3
To use "use cache", please enable the feature flag `cacheComponents` in your Next.js config.
    
    Read more: https://nextjs.org/docs/canary/app/api-reference/directives/use-cache#usage
   8 |
   9 | export async function HomeLead...
> 10 |   "use cache";
     |   ^^^^^^^^^^^
  11 |   cacheLife({ expire: 3600 });
  12 |
  13 |   // Chamada de API direto no ...

Ecmascript file had an error

Import trace:
  Server Component:
    ./src/app/components/home-leaderboard.tsx
    ./src/app/page.tsx @ http://localhost:3000/_next/static/chunks/0kd0_next_dist_02e_ku3._.js:1945
[  979752ms] [ERROR] ./src/app/leaderboard/page.tsx:9:3
To use "use cache", please enable the feature flag `cacheComponents` in your Next.js config.
    
    Read more: https://nextjs.org/docs/canary/app/api-reference/directives/use-cache#usage
   7 |
   8 | export default async function ...
>  9 |   "use cache";
     |   ^^^^^^^^^^^
  10 |   cacheLife({ expire: 3600 });
  11 |
  12 |   const [leaderboardData, stat...

Ecmascript file had an error @ http://localhost:3000/_next/static/chunks/0kd0_next_dist_02e_ku3._.js:1945
[  979804ms] [ERROR] ./src/app/components/home-leaderboard.tsx:10:3
To use "use cache", please enable the feature flag `cacheComponents` in your Next.js config.
    
    Read more: https://nextjs.org/docs/canary/app/api-reference/directives/use-cache#usage
   8 |
   9 | export async function HomeLead...
> 10 |   "use cache";
     |   ^^^^^^^^^^^
  11 |   cacheLife({ expire: 3600 });
  12 |
  13 |   // Chamada de API direto no ...

Ecmascript file had an error

Import trace:
  Server Component:
    ./src/app/components/home-leaderboard.tsx
    ./src/app/page.tsx @ http://localhost:3000/_next/static/chunks/0kd0_next_dist_02e_ku3._.js:1945
[  979804ms] [ERROR] ./src/app/leaderboard/page.tsx:9:3
To use "use cache", please enable the feature flag `cacheComponents` in your Next.js config.
    
    Read more: https://nextjs.org/docs/canary/app/api-reference/directives/use-cache#usage
   7 |
   8 | export default async function ...
>  9 |   "use cache";
     |   ^^^^^^^^^^^
  10 |   cacheLife({ expire: 3600 });
  11 |
  12 |   const [leaderboardData, stat...

Ecmascript file had an error @ http://localhost:3000/_next/static/chunks/0kd0_next_dist_02e_ku3._.js:1945
[  979855ms] [ERROR] ./src/app/components/home-leaderboard.tsx:10:3
To use "use cache", please enable the feature flag `cacheComponents` in your Next.js config.
    
    Read more: https://nextjs.org/docs/canary/app/api-reference/directives/use-cache#usage
   8 |
   9 | export async function HomeLead...
> 10 |   "use cache";
     |   ^^^^^^^^^^^
  11 |   cacheLife({ expire: 3600 });
  12 |
  13 |   // Chamada de API direto no ...

Ecmascript file had an error

Import trace:
  Server Component:
    ./src/app/components/home-leaderboard.tsx
    ./src/app/page.tsx @ http://localhost:3000/_next/static/chunks/0kd0_next_dist_02e_ku3._.js:1945
[  979855ms] [ERROR] ./src/app/leaderboard/page.tsx:9:3
To use "use cache", please enable the feature flag `cacheComponents` in your Next.js config.
    
    Read more: https://nextjs.org/docs/canary/app/api-reference/directives/use-cache#usage
   7 |
   8 | export default async function ...
>  9 |   "use cache";
     |   ^^^^^^^^^^^
  10 |   cacheLife({ expire: 3600 });
  11 |
  12 |   const [leaderboardData, stat...

Ecmascript file had an error @ http://localhost:3000/_next/static/chunks/0kd0_next_dist_02e_ku3._.js:1945
[  979907ms] [ERROR] ./src/app/components/home-leaderboard.tsx:10:3
To use "use cache", please enable the feature flag `cacheComponents` in your Next.js config.
    
    Read more: https://nextjs.org/docs/canary/app/api-reference/directives/use-cache#usage
   8 |
   9 | export async function HomeLead...
> 10 |   "use cache";
     |   ^^^^^^^^^^^
  11 |   cacheLife({ expire: 3600 });
  12 |
  13 |   // Chamada de API direto no ...

Ecmascript file had an error

Import trace:
  Server Component:
    ./src/app/components/home-leaderboard.tsx
    ./src/app/page.tsx @ http://localhost:3000/_next/static/chunks/0kd0_next_dist_02e_ku3._.js:1945
[  979907ms] [ERROR] ./src/app/leaderboard/page.tsx:9:3
To use "use cache", please enable the feature flag `cacheComponents` in your Next.js config.
    
    Read more: https://nextjs.org/docs/canary/app/api-reference/directives/use-cache#usage
   7 |
   8 | export default async function ...
>  9 |   "use cache";
     |   ^^^^^^^^^^^
  10 |   cacheLife({ expire: 3600 });
  11 |
  12 |   const [leaderboardData, stat...

Ecmascript file had an error @ http://localhost:3000/_next/static/chunks/0kd0_next_dist_02e_ku3._.js:1945
[  979959ms] [ERROR] ./src/app/components/home-leaderboard.tsx:10:3
To use "use cache", please enable the feature flag `cacheComponents` in your Next.js config.
    
    Read more: https://nextjs.org/docs/canary/app/api-reference/directives/use-cache#usage
   8 |
   9 | export async function HomeLead...
> 10 |   "use cache";
     |   ^^^^^^^^^^^
  11 |   cacheLife({ expire: 3600 });
  12 |
  13 |   // Chamada de API direto no ...

Ecmascript file had an error

Import trace:
  Server Component:
    ./src/app/components/home-leaderboard.tsx
    ./src/app/page.tsx @ http://localhost:3000/_next/static/chunks/0kd0_next_dist_02e_ku3._.js:1945
[  979959ms] [ERROR] ./src/app/leaderboard/page.tsx:9:3
To use "use cache", please enable the feature flag `cacheComponents` in your Next.js config.
    
    Read more: https://nextjs.org/docs/canary/app/api-reference/directives/use-cache#usage
   7 |
   8 | export default async function ...
>  9 |   "use cache";
     |   ^^^^^^^^^^^
  10 |   cacheLife({ expire: 3600 });
  11 |
  12 |   const [leaderboardData, stat...

Ecmascript file had an error @ http://localhost:3000/_next/static/chunks/0kd0_next_dist_02e_ku3._.js:1945
[  980010ms] [ERROR] ./src/app/components/home-leaderboard.tsx:10:3
To use "use cache", please enable the feature flag `cacheComponents` in your Next.js config.
    
    Read more: https://nextjs.org/docs/canary/app/api-reference/directives/use-cache#usage
   8 |
   9 | export async function HomeLead...
> 10 |   "use cache";
     |   ^^^^^^^^^^^
  11 |   cacheLife({ expire: 3600 });
  12 |
  13 |   // Chamada de API direto no ...

Ecmascript file had an error

Import trace:
  Server Component:
    ./src/app/components/home-leaderboard.tsx
    ./src/app/page.tsx @ http://localhost:3000/_next/static/chunks/0kd0_next_dist_02e_ku3._.js:1945
[  980010ms] [ERROR] ./src/app/leaderboard/page.tsx:9:3
To use "use cache", please enable the feature flag `cacheComponents` in your Next.js config.
    
    Read more: https://nextjs.org/docs/canary/app/api-reference/directives/use-cache#usage
   7 |
   8 | export default async function ...
>  9 |   "use cache";
     |   ^^^^^^^^^^^
  10 |   cacheLife({ expire: 3600 });
  11 |
  12 |   const [leaderboardData, stat...

Ecmascript file had an error @ http://localhost:3000/_next/static/chunks/0kd0_next_dist_02e_ku3._.js:1945
[  980061ms] [ERROR] ./src/app/components/home-leaderboard.tsx:10:3
To use "use cache", please enable the feature flag `cacheComponents` in your Next.js config.
    
    Read more: https://nextjs.org/docs/canary/app/api-reference/directives/use-cache#usage
   8 |
   9 | export async function HomeLead...
> 10 |   "use cache";
     |   ^^^^^^^^^^^
  11 |   cacheLife({ expire: 3600 });
  12 |
  13 |   // Chamada de API direto no ...

Ecmascript file had an error

Import trace:
  Server Component:
    ./src/app/components/home-leaderboard.tsx
    ./src/app/page.tsx @ http://localhost:3000/_next/static/chunks/0kd0_next_dist_02e_ku3._.js:1945
[  980061ms] [ERROR] ./src/app/leaderboard/page.tsx:9:3
To use "use cache", please enable the feature flag `cacheComponents` in your Next.js config.
    
    Read more: https://nextjs.org/docs/canary/app/api-reference/directives/use-cache#usage
   7 |
   8 | export default async function ...
>  9 |   "use cache";
     |   ^^^^^^^^^^^
  10 |   cacheLife({ expire: 3600 });
  11 |
  12 |   const [leaderboardData, stat...

Ecmascript file had an error @ http://localhost:3000/_next/static/chunks/0kd0_next_dist_02e_ku3._.js:1945
[  980113ms] [ERROR] ./src/app/components/home-leaderboard.tsx:10:3
To use "use cache", please enable the feature flag `cacheComponents` in your Next.js config.
    
    Read more: https://nextjs.org/docs/canary/app/api-reference/directives/use-cache#usage
   8 |
   9 | export async function HomeLead...
> 10 |   "use cache";
     |   ^^^^^^^^^^^
  11 |   cacheLife({ expire: 3600 });
  12 |
  13 |   // Chamada de API direto no ...

Ecmascript file had an error

Import trace:
  Server Component:
    ./src/app/components/home-leaderboard.tsx
    ./src/app/page.tsx @ http://localhost:3000/_next/static/chunks/0kd0_next_dist_02e_ku3._.js:1945
[  980113ms] [ERROR] ./src/app/leaderboard/page.tsx:9:3
To use "use cache", please enable the feature flag `cacheComponents` in your Next.js config.
    
    Read more: https://nextjs.org/docs/canary/app/api-reference/directives/use-cache#usage
   7 |
   8 | export default async function ...
>  9 |   "use cache";
     |   ^^^^^^^^^^^
  10 |   cacheLife({ expire: 3600 });
  11 |
  12 |   const [leaderboardData, stat...

Ecmascript file had an error @ http://localhost:3000/_next/static/chunks/0kd0_next_dist_02e_ku3._.js:1945
[  980164ms] [ERROR] ./src/app/components/home-leaderboard.tsx:10:3
To use "use cache", please enable the feature flag `cacheComponents` in your Next.js config.
    
    Read more: https://nextjs.org/docs/canary/app/api-reference/directives/use-cache#usage
   8 |
   9 | export async function HomeLead...
> 10 |   "use cache";
     |   ^^^^^^^^^^^
  11 |   cacheLife({ expire: 3600 });
  12 |
  13 |   // Chamada de API direto no ...

Ecmascript file had an error

Import trace:
  Server Component:
    ./src/app/components/home-leaderboard.tsx
    ./src/app/page.tsx @ http://localhost:3000/_next/static/chunks/0kd0_next_dist_02e_ku3._.js:1945
[  980164ms] [ERROR] ./src/app/leaderboard/page.tsx:9:3
To use "use cache", please enable the feature flag `cacheComponents` in your Next.js config.
    
    Read more: https://nextjs.org/docs/canary/app/api-reference/directives/use-cache#usage
   7 |
   8 | export default async function ...
>  9 |   "use cache";
     |   ^^^^^^^^^^^
  10 |   cacheLife({ expire: 3600 });
  11 |
  12 |   const [leaderboardData, stat...

Ecmascript file had an error @ http://localhost:3000/_next/static/chunks/0kd0_next_dist_02e_ku3._.js:1945
[  980215ms] [ERROR] ./src/app/components/home-leaderboard.tsx:10:3
To use "use cache", please enable the feature flag `cacheComponents` in your Next.js config.
    
    Read more: https://nextjs.org/docs/canary/app/api-reference/directives/use-cache#usage
   8 |
   9 | export async function HomeLead...
> 10 |   "use cache";
     |   ^^^^^^^^^^^
  11 |   cacheLife({ expire: 3600 });
  12 |
  13 |   // Chamada de API direto no ...

Ecmascript file had an error

Import trace:
  Server Component:
    ./src/app/components/home-leaderboard.tsx
    ./src/app/page.tsx @ http://localhost:3000/_next/static/chunks/0kd0_next_dist_02e_ku3._.js:1945
[  980216ms] [ERROR] ./src/app/leaderboard/page.tsx:9:3
To use "use cache", please enable the feature flag `cacheComponents` in your Next.js config.
    
    Read more: https://nextjs.org/docs/canary/app/api-reference/directives/use-cache#usage
   7 |
   8 | export default async function ...
>  9 |   "use cache";
     |   ^^^^^^^^^^^
  10 |   cacheLife({ expire: 3600 });
  11 |
  12 |   const [leaderboardData, stat...

Ecmascript file had an error @ http://localhost:3000/_next/static/chunks/0kd0_next_dist_02e_ku3._.js:1945
[  980266ms] [ERROR] ./src/app/components/home-leaderboard.tsx:10:3
To use "use cache", please enable the feature flag `cacheComponents` in your Next.js config.
    
    Read more: https://nextjs.org/docs/canary/app/api-reference/directives/use-cache#usage
   8 |
   9 | export async function HomeLead...
> 10 |   "use cache";
     |   ^^^^^^^^^^^
  11 |   cacheLife({ expire: 3600 });
  12 |
  13 |   // Chamada de API direto no ...

Ecmascript file had an error

Import trace:
  Server Component:
    ./src/app/components/home-leaderboard.tsx
    ./src/app/page.tsx @ http://localhost:3000/_next/static/chunks/0kd0_next_dist_02e_ku3._.js:1945
[  980266ms] [ERROR] ./src/app/leaderboard/page.tsx:9:3
To use "use cache", please enable the feature flag `cacheComponents` in your Next.js config.
    
    Read more: https://nextjs.org/docs/canary/app/api-reference/directives/use-cache#usage
   7 |
   8 | export default async function ...
>  9 |   "use cache";
     |   ^^^^^^^^^^^
  10 |   cacheLife({ expire: 3600 });
  11 |
  12 |   const [leaderboardData, stat...

Ecmascript file had an error @ http://localhost:3000/_next/static/chunks/0kd0_next_dist_02e_ku3._.js:1945
[  980318ms] [ERROR] ./src/app/components/home-leaderboard.tsx:10:3
To use "use cache", please enable the feature flag `cacheComponents` in your Next.js config.
    
    Read more: https://nextjs.org/docs/canary/app/api-reference/directives/use-cache#usage
   8 |
   9 | export async function HomeLead...
> 10 |   "use cache";
     |   ^^^^^^^^^^^
  11 |   cacheLife({ expire: 3600 });
  12 |
  13 |   // Chamada de API direto no ...

Ecmascript file had an error

Import trace:
  Server Component:
    ./src/app/components/home-leaderboard.tsx
    ./src/app/page.tsx @ http://localhost:3000/_next/static/chunks/0kd0_next_dist_02e_ku3._.js:1945
[  980318ms] [ERROR] ./src/app/leaderboard/page.tsx:9:3
To use "use cache", please enable the feature flag `cacheComponents` in your Next.js config.
    
    Read more: https://nextjs.org/docs/canary/app/api-reference/directives/use-cache#usage
   7 |
   8 | export default async function ...
>  9 |   "use cache";
     |   ^^^^^^^^^^^
  10 |   cacheLife({ expire: 3600 });
  11 |
  12 |   const [leaderboardData, stat...

Ecmascript file had an error @ http://localhost:3000/_next/static/chunks/0kd0_next_dist_02e_ku3._.js:1945
[  980369ms] [ERROR] ./src/app/components/home-leaderboard.tsx:10:3
To use "use cache", please enable the feature flag `cacheComponents` in your Next.js config.
    
    Read more: https://nextjs.org/docs/canary/app/api-reference/directives/use-cache#usage
   8 |
   9 | export async function HomeLead...
> 10 |   "use cache";
     |   ^^^^^^^^^^^
  11 |   cacheLife({ expire: 3600 });
  12 |
  13 |   // Chamada de API direto no ...

Ecmascript file had an error

Import trace:
  Server Component:
    ./src/app/components/home-leaderboard.tsx
    ./src/app/page.tsx @ http://localhost:3000/_next/static/chunks/0kd0_next_dist_02e_ku3._.js:1945
[  980369ms] [ERROR] ./src/app/leaderboard/page.tsx:9:3
To use "use cache", please enable the feature flag `cacheComponents` in your Next.js config.
    
    Read more: https://nextjs.org/docs/canary/app/api-reference/directives/use-cache#usage
   7 |
   8 | export default async function ...
>  9 |   "use cache";
     |   ^^^^^^^^^^^
  10 |   cacheLife({ expire: 3600 });
  11 |
  12 |   const [leaderboardData, stat...

Ecmascript file had an error @ http://localhost:3000/_next/static/chunks/0kd0_next_dist_02e_ku3._.js:1945
[  980419ms] [ERROR] ./src/app/components/home-leaderboard.tsx:10:3
To use "use cache", please enable the feature flag `cacheComponents` in your Next.js config.
    
    Read more: https://nextjs.org/docs/canary/app/api-reference/directives/use-cache#usage
   8 |
   9 | export async function HomeLead...
> 10 |   "use cache";
     |   ^^^^^^^^^^^
  11 |   cacheLife({ expire: 3600 });
  12 |
  13 |   // Chamada de API direto no ...

Ecmascript file had an error

Import trace:
  Server Component:
    ./src/app/components/home-leaderboard.tsx
    ./src/app/page.tsx @ http://localhost:3000/_next/static/chunks/0kd0_next_dist_02e_ku3._.js:1945
[  980420ms] [ERROR] ./src/app/leaderboard/page.tsx:9:3
To use "use cache", please enable the feature flag `cacheComponents` in your Next.js config.
    
    Read more: https://nextjs.org/docs/canary/app/api-reference/directives/use-cache#usage
   7 |
   8 | export default async function ...
>  9 |   "use cache";
     |   ^^^^^^^^^^^
  10 |   cacheLife({ expire: 3600 });
  11 |
  12 |   const [leaderboardData, stat...

Ecmascript file had an error @ http://localhost:3000/_next/static/chunks/0kd0_next_dist_02e_ku3._.js:1945
[  980471ms] [ERROR] ./src/app/components/home-leaderboard.tsx:10:3
To use "use cache", please enable the feature flag `cacheComponents` in your Next.js config.
    
    Read more: https://nextjs.org/docs/canary/app/api-reference/directives/use-cache#usage
   8 |
   9 | export async function HomeLead...
> 10 |   "use cache";
     |   ^^^^^^^^^^^
  11 |   cacheLife({ expire: 3600 });
  12 |
  13 |   // Chamada de API direto no ...

Ecmascript file had an error

Import trace:
  Server Component:
    ./src/app/components/home-leaderboard.tsx
    ./src/app/page.tsx @ http://localhost:3000/_next/static/chunks/0kd0_next_dist_02e_ku3._.js:1945
[  980471ms] [ERROR] ./src/app/leaderboard/page.tsx:9:3
To use "use cache", please enable the feature flag `cacheComponents` in your Next.js config.
    
    Read more: https://nextjs.org/docs/canary/app/api-reference/directives/use-cache#usage
   7 |
   8 | export default async function ...
>  9 |   "use cache";
     |   ^^^^^^^^^^^
  10 |   cacheLife({ expire: 3600 });
  11 |
  12 |   const [leaderboardData, stat...

Ecmascript file had an error @ http://localhost:3000/_next/static/chunks/0kd0_next_dist_02e_ku3._.js:1945
[  980521ms] [ERROR] ./src/app/components/home-leaderboard.tsx:10:3
To use "use cache", please enable the feature flag `cacheComponents` in your Next.js config.
    
    Read more: https://nextjs.org/docs/canary/app/api-reference/directives/use-cache#usage
   8 |
   9 | export async function HomeLead...
> 10 |   "use cache";
     |   ^^^^^^^^^^^
  11 |   cacheLife({ expire: 3600 });
  12 |
  13 |   // Chamada de API direto no ...

Ecmascript file had an error

Import trace:
  Server Component:
    ./src/app/components/home-leaderboard.tsx
    ./src/app/page.tsx @ http://localhost:3000/_next/static/chunks/0kd0_next_dist_02e_ku3._.js:1945
[  980521ms] [ERROR] ./src/app/leaderboard/page.tsx:9:3
To use "use cache", please enable the feature flag `cacheComponents` in your Next.js config.
    
    Read more: https://nextjs.org/docs/canary/app/api-reference/directives/use-cache#usage
   7 |
   8 | export default async function ...
>  9 |   "use cache";
     |   ^^^^^^^^^^^
  10 |   cacheLife({ expire: 3600 });
  11 |
  12 |   const [leaderboardData, stat...

Ecmascript file had an error @ http://localhost:3000/_next/static/chunks/0kd0_next_dist_02e_ku3._.js:1945
[  980572ms] [ERROR] ./src/app/components/home-leaderboard.tsx:10:3
To use "use cache", please enable the feature flag `cacheComponents` in your Next.js config.
    
    Read more: https://nextjs.org/docs/canary/app/api-reference/directives/use-cache#usage
   8 |
   9 | export async function HomeLead...
> 10 |   "use cache";
     |   ^^^^^^^^^^^
  11 |   cacheLife({ expire: 3600 });
  12 |
  13 |   // Chamada de API direto no ...

Ecmascript file had an error

Import trace:
  Server Component:
    ./src/app/components/home-leaderboard.tsx
    ./src/app/page.tsx @ http://localhost:3000/_next/static/chunks/0kd0_next_dist_02e_ku3._.js:1945
[  980573ms] [ERROR] ./src/app/leaderboard/page.tsx:9:3
To use "use cache", please enable the feature flag `cacheComponents` in your Next.js config.
    
    Read more: https://nextjs.org/docs/canary/app/api-reference/directives/use-cache#usage
   7 |
   8 | export default async function ...
>  9 |   "use cache";
     |   ^^^^^^^^^^^
  10 |   cacheLife({ expire: 3600 });
  11 |
  12 |   const [leaderboardData, stat...

Ecmascript file had an error @ http://localhost:3000/_next/static/chunks/0kd0_next_dist_02e_ku3._.js:1945
[  980625ms] [ERROR] ./src/app/components/home-leaderboard.tsx:10:3
To use "use cache", please enable the feature flag `cacheComponents` in your Next.js config.
    
    Read more: https://nextjs.org/docs/canary/app/api-reference/directives/use-cache#usage
   8 |
   9 | export async function HomeLead...
> 10 |   "use cache";
     |   ^^^^^^^^^^^
  11 |   cacheLife({ expire: 3600 });
  12 |
  13 |   // Chamada de API direto no ...

Ecmascript file had an error

Import trace:
  Server Component:
    ./src/app/components/home-leaderboard.tsx
    ./src/app/page.tsx @ http://localhost:3000/_next/static/chunks/0kd0_next_dist_02e_ku3._.js:1945
[  980625ms] [ERROR] ./src/app/leaderboard/page.tsx:9:3
To use "use cache", please enable the feature flag `cacheComponents` in your Next.js config.
    
    Read more: https://nextjs.org/docs/canary/app/api-reference/directives/use-cache#usage
   7 |
   8 | export default async function ...
>  9 |   "use cache";
     |   ^^^^^^^^^^^
  10 |   cacheLife({ expire: 3600 });
  11 |
  12 |   const [leaderboardData, stat...

Ecmascript file had an error @ http://localhost:3000/_next/static/chunks/0kd0_next_dist_02e_ku3._.js:1945
[  980676ms] [ERROR] ./src/app/components/home-leaderboard.tsx:10:3
To use "use cache", please enable the feature flag `cacheComponents` in your Next.js config.
    
    Read more: https://nextjs.org/docs/canary/app/api-reference/directives/use-cache#usage
   8 |
   9 | export async function HomeLead...
> 10 |   "use cache";
     |   ^^^^^^^^^^^
  11 |   cacheLife({ expire: 3600 });
  12 |
  13 |   // Chamada de API direto no ...

Ecmascript file had an error

Import trace:
  Server Component:
    ./src/app/components/home-leaderboard.tsx
    ./src/app/page.tsx @ http://localhost:3000/_next/static/chunks/0kd0_next_dist_02e_ku3._.js:1945
[  980676ms] [ERROR] ./src/app/leaderboard/page.tsx:9:3
To use "use cache", please enable the feature flag `cacheComponents` in your Next.js config.
    
    Read more: https://nextjs.org/docs/canary/app/api-reference/directives/use-cache#usage
   7 |
   8 | export default async function ...
>  9 |   "use cache";
     |   ^^^^^^^^^^^
  10 |   cacheLife({ expire: 3600 });
  11 |
  12 |   const [leaderboardData, stat...

Ecmascript file had an error @ http://localhost:3000/_next/static/chunks/0kd0_next_dist_02e_ku3._.js:1945
[  980727ms] [ERROR] ./src/app/components/home-leaderboard.tsx:10:3
To use "use cache", please enable the feature flag `cacheComponents` in your Next.js config.
    
    Read more: https://nextjs.org/docs/canary/app/api-reference/directives/use-cache#usage
   8 |
   9 | export async function HomeLead...
> 10 |   "use cache";
     |   ^^^^^^^^^^^
  11 |   cacheLife({ expire: 3600 });
  12 |
  13 |   // Chamada de API direto no ...

Ecmascript file had an error

Import trace:
  Server Component:
    ./src/app/components/home-leaderboard.tsx
    ./src/app/page.tsx @ http://localhost:3000/_next/static/chunks/0kd0_next_dist_02e_ku3._.js:1945
[  980727ms] [ERROR] ./src/app/leaderboard/page.tsx:9:3
To use "use cache", please enable the feature flag `cacheComponents` in your Next.js config.
    
    Read more: https://nextjs.org/docs/canary/app/api-reference/directives/use-cache#usage
   7 |
   8 | export default async function ...
>  9 |   "use cache";
     |   ^^^^^^^^^^^
  10 |   cacheLife({ expire: 3600 });
  11 |
  12 |   const [leaderboardData, stat...

Ecmascript file had an error @ http://localhost:3000/_next/static/chunks/0kd0_next_dist_02e_ku3._.js:1945
[  980773ms] [ERROR] ./src/app/components/home-leaderboard.tsx:10:3
To use "use cache", please enable the feature flag `cacheComponents` in your Next.js config.
    
    Read more: https://nextjs.org/docs/canary/app/api-reference/directives/use-cache#usage
   8 |
   9 | export async function HomeLead...
> 10 |   "use cache";
     |   ^^^^^^^^^^^
  11 |   cacheLife({ expire: 3600 });
  12 |
  13 |   // Chamada de API direto no ...

Ecmascript file had an error

Import trace:
  Server Component:
    ./src/app/components/home-leaderboard.tsx
    ./src/app/page.tsx @ http://localhost:3000/_next/static/chunks/0kd0_next_dist_02e_ku3._.js:1945
[  980773ms] [ERROR] ./src/app/leaderboard/page.tsx:9:3
To use "use cache", please enable the feature flag `cacheComponents` in your Next.js config.
    
    Read more: https://nextjs.org/docs/canary/app/api-reference/directives/use-cache#usage
   7 |
   8 | export default async function ...
>  9 |   "use cache";
     |   ^^^^^^^^^^^
  10 |   cacheLife({ expire: 3600 });
  11 |
  12 |   const [leaderboardData, stat...

Ecmascript file had an error @ http://localhost:3000/_next/static/chunks/0kd0_next_dist_02e_ku3._.js:1945
[  980817ms] [ERROR] ./src/app/components/home-leaderboard.tsx:10:3
To use "use cache", please enable the feature flag `cacheComponents` in your Next.js config.
    
    Read more: https://nextjs.org/docs/canary/app/api-reference/directives/use-cache#usage
   8 |
   9 | export async function HomeLead...
> 10 |   "use cache";
     |   ^^^^^^^^^^^
  11 |   cacheLife({ expire: 3600 });
  12 |
  13 |   // Chamada de API direto no ...

Ecmascript file had an error

Import trace:
  Server Component:
    ./src/app/components/home-leaderboard.tsx
    ./src/app/page.tsx @ http://localhost:3000/_next/static/chunks/0kd0_next_dist_02e_ku3._.js:1945
[  980817ms] [ERROR] ./src/app/leaderboard/page.tsx:9:3
To use "use cache", please enable the feature flag `cacheComponents` in your Next.js config.
    
    Read more: https://nextjs.org/docs/canary/app/api-reference/directives/use-cache#usage
   7 |
   8 | export default async function ...
>  9 |   "use cache";
     |   ^^^^^^^^^^^
  10 |   cacheLife({ expire: 3600 });
  11 |
  12 |   const [leaderboardData, stat...

Ecmascript file had an error @ http://localhost:3000/_next/static/chunks/0kd0_next_dist_02e_ku3._.js:1945
[  980867ms] [ERROR] ./src/app/components/home-leaderboard.tsx:10:3
To use "use cache", please enable the feature flag `cacheComponents` in your Next.js config.
    
    Read more: https://nextjs.org/docs/canary/app/api-reference/directives/use-cache#usage
   8 |
   9 | export async function HomeLead...
> 10 |   "use cache";
     |   ^^^^^^^^^^^
  11 |   cacheLife({ expire: 3600 });
  12 |
  13 |   // Chamada de API direto no ...

Ecmascript file had an error

Import trace:
  Server Component:
    ./src/app/components/home-leaderboard.tsx
    ./src/app/page.tsx @ http://localhost:3000/_next/static/chunks/0kd0_next_dist_02e_ku3._.js:1945
[  980867ms] [ERROR] ./src/app/leaderboard/page.tsx:9:3
To use "use cache", please enable the feature flag `cacheComponents` in your Next.js config.
    
    Read more: https://nextjs.org/docs/canary/app/api-reference/directives/use-cache#usage
   7 |
   8 | export default async function ...
>  9 |   "use cache";
     |   ^^^^^^^^^^^
  10 |   cacheLife({ expire: 3600 });
  11 |
  12 |   const [leaderboardData, stat...

Ecmascript file had an error @ http://localhost:3000/_next/static/chunks/0kd0_next_dist_02e_ku3._.js:1945
[  980916ms] [ERROR] ./src/app/components/home-leaderboard.tsx:10:3
To use "use cache", please enable the feature flag `cacheComponents` in your Next.js config.
    
    Read more: https://nextjs.org/docs/canary/app/api-reference/directives/use-cache#usage
   8 |
   9 | export async function HomeLead...
> 10 |   "use cache";
     |   ^^^^^^^^^^^
  11 |   cacheLife({ expire: 3600 });
  12 |
  13 |   // Chamada de API direto no ...

Ecmascript file had an error

Import trace:
  Server Component:
    ./src/app/components/home-leaderboard.tsx
    ./src/app/page.tsx @ http://localhost:3000/_next/static/chunks/0kd0_next_dist_02e_ku3._.js:1945
[  980916ms] [ERROR] ./src/app/leaderboard/page.tsx:9:3
To use "use cache", please enable the feature flag `cacheComponents` in your Next.js config.
    
    Read more: https://nextjs.org/docs/canary/app/api-reference/directives/use-cache#usage
   7 |
   8 | export default async function ...
>  9 |   "use cache";
     |   ^^^^^^^^^^^
  10 |   cacheLife({ expire: 3600 });
  11 |
  12 |   const [leaderboardData, stat...

Ecmascript file had an error @ http://localhost:3000/_next/static/chunks/0kd0_next_dist_02e_ku3._.js:1945
[  980967ms] [ERROR] ./src/app/components/home-leaderboard.tsx:10:3
To use "use cache", please enable the feature flag `cacheComponents` in your Next.js config.
    
    Read more: https://nextjs.org/docs/canary/app/api-reference/directives/use-cache#usage
   8 |
   9 | export async function HomeLead...
> 10 |   "use cache";
     |   ^^^^^^^^^^^
  11 |   cacheLife({ expire: 3600 });
  12 |
  13 |   // Chamada de API direto no ...

Ecmascript file had an error

Import trace:
  Server Component:
    ./src/app/components/home-leaderboard.tsx
    ./src/app/page.tsx @ http://localhost:3000/_next/static/chunks/0kd0_next_dist_02e_ku3._.js:1945
[  980967ms] [ERROR] ./src/app/leaderboard/page.tsx:9:3
To use "use cache", please enable the feature flag `cacheComponents` in your Next.js config.
    
    Read more: https://nextjs.org/docs/canary/app/api-reference/directives/use-cache#usage
   7 |
   8 | export default async function ...
>  9 |   "use cache";
     |   ^^^^^^^^^^^
  10 |   cacheLife({ expire: 3600 });
  11 |
  12 |   const [leaderboardData, stat...

Ecmascript file had an error @ http://localhost:3000/_next/static/chunks/0kd0_next_dist_02e_ku3._.js:1945
[  981018ms] [ERROR] ./src/app/components/home-leaderboard.tsx:10:3
To use "use cache", please enable the feature flag `cacheComponents` in your Next.js config.
    
    Read more: https://nextjs.org/docs/canary/app/api-reference/directives/use-cache#usage
   8 |
   9 | export async function HomeLead...
> 10 |   "use cache";
     |   ^^^^^^^^^^^
  11 |   cacheLife({ expire: 3600 });
  12 |
  13 |   // Chamada de API direto no ...

Ecmascript file had an error

Import trace:
  Server Component:
    ./src/app/components/home-leaderboard.tsx
    ./src/app/page.tsx @ http://localhost:3000/_next/static/chunks/0kd0_next_dist_02e_ku3._.js:1945
[  981018ms] [ERROR] ./src/app/leaderboard/page.tsx:9:3
To use "use cache", please enable the feature flag `cacheComponents` in your Next.js config.
    
    Read more: https://nextjs.org/docs/canary/app/api-reference/directives/use-cache#usage
   7 |
   8 | export default async function ...
>  9 |   "use cache";
     |   ^^^^^^^^^^^
  10 |   cacheLife({ expire: 3600 });
  11 |
  12 |   const [leaderboardData, stat...

Ecmascript file had an error @ http://localhost:3000/_next/static/chunks/0kd0_next_dist_02e_ku3._.js:1945
[  981067ms] [ERROR] ./src/app/components/home-leaderboard.tsx:10:3
To use "use cache", please enable the feature flag `cacheComponents` in your Next.js config.
    
    Read more: https://nextjs.org/docs/canary/app/api-reference/directives/use-cache#usage
   8 |
   9 | export async function HomeLead...
> 10 |   "use cache";
     |   ^^^^^^^^^^^
  11 |   cacheLife({ expire: 3600 });
  12 |
  13 |   // Chamada de API direto no ...

Ecmascript file had an error

Import trace:
  Server Component:
    ./src/app/components/home-leaderboard.tsx
    ./src/app/page.tsx @ http://localhost:3000/_next/static/chunks/0kd0_next_dist_02e_ku3._.js:1945
[  981067ms] [ERROR] ./src/app/leaderboard/page.tsx:9:3
To use "use cache", please enable the feature flag `cacheComponents` in your Next.js config.
    
    Read more: https://nextjs.org/docs/canary/app/api-reference/directives/use-cache#usage
   7 |
   8 | export default async function ...
>  9 |   "use cache";
     |   ^^^^^^^^^^^
  10 |   cacheLife({ expire: 3600 });
  11 |
  12 |   const [leaderboardData, stat...

Ecmascript file had an error @ http://localhost:3000/_next/static/chunks/0kd0_next_dist_02e_ku3._.js:1945
[  981122ms] [ERROR] ./src/app/components/home-leaderboard.tsx:10:3
To use "use cache", please enable the feature flag `cacheComponents` in your Next.js config.
    
    Read more: https://nextjs.org/docs/canary/app/api-reference/directives/use-cache#usage
   8 |
   9 | export async function HomeLead...
> 10 |   "use cache";
     |   ^^^^^^^^^^^
  11 |   cacheLife({ expire: 3600 });
  12 |
  13 |   // Chamada de API direto no ...

Ecmascript file had an error

Import trace:
  Server Component:
    ./src/app/components/home-leaderboard.tsx
    ./src/app/page.tsx @ http://localhost:3000/_next/static/chunks/0kd0_next_dist_02e_ku3._.js:1945
[  981122ms] [ERROR] ./src/app/leaderboard/page.tsx:9:3
To use "use cache", please enable the feature flag `cacheComponents` in your Next.js config.
    
    Read more: https://nextjs.org/docs/canary/app/api-reference/directives/use-cache#usage
   7 |
   8 | export default async function ...
>  9 |   "use cache";
     |   ^^^^^^^^^^^
  10 |   cacheLife({ expire: 3600 });
  11 |
  12 |   const [leaderboardData, stat...

Ecmascript file had an error @ http://localhost:3000/_next/static/chunks/0kd0_next_dist_02e_ku3._.js:1945
[  981174ms] [ERROR] ./src/app/components/home-leaderboard.tsx:10:3
To use "use cache", please enable the feature flag `cacheComponents` in your Next.js config.
    
    Read more: https://nextjs.org/docs/canary/app/api-reference/directives/use-cache#usage
   8 |
   9 | export async function HomeLead...
> 10 |   "use cache";
     |   ^^^^^^^^^^^
  11 |   cacheLife({ expire: 3600 });
  12 |
  13 |   // Chamada de API direto no ...

Ecmascript file had an error

Import trace:
  Server Component:
    ./src/app/components/home-leaderboard.tsx
    ./src/app/page.tsx @ http://localhost:3000/_next/static/chunks/0kd0_next_dist_02e_ku3._.js:1945
[  981174ms] [ERROR] ./src/app/leaderboard/page.tsx:9:3
To use "use cache", please enable the feature flag `cacheComponents` in your Next.js config.
    
    Read more: https://nextjs.org/docs/canary/app/api-reference/directives/use-cache#usage
   7 |
   8 | export default async function ...
>  9 |   "use cache";
     |   ^^^^^^^^^^^
  10 |   cacheLife({ expire: 3600 });
  11 |
  12 |   const [leaderboardData, stat...

Ecmascript file had an error @ http://localhost:3000/_next/static/chunks/0kd0_next_dist_02e_ku3._.js:1945
[  981225ms] [ERROR] ./src/app/components/home-leaderboard.tsx:10:3
To use "use cache", please enable the feature flag `cacheComponents` in your Next.js config.
    
    Read more: https://nextjs.org/docs/canary/app/api-reference/directives/use-cache#usage
   8 |
   9 | export async function HomeLead...
> 10 |   "use cache";
     |   ^^^^^^^^^^^
  11 |   cacheLife({ expire: 3600 });
  12 |
  13 |   // Chamada de API direto no ...

Ecmascript file had an error

Import trace:
  Server Component:
    ./src/app/components/home-leaderboard.tsx
    ./src/app/page.tsx @ http://localhost:3000/_next/static/chunks/0kd0_next_dist_02e_ku3._.js:1945
[  981225ms] [ERROR] ./src/app/leaderboard/page.tsx:9:3
To use "use cache", please enable the feature flag `cacheComponents` in your Next.js config.
    
    Read more: https://nextjs.org/docs/canary/app/api-reference/directives/use-cache#usage
   7 |
   8 | export default async function ...
>  9 |   "use cache";
     |   ^^^^^^^^^^^
  10 |   cacheLife({ expire: 3600 });
  11 |
  12 |   const [leaderboardData, stat...

Ecmascript file had an error @ http://localhost:3000/_next/static/chunks/0kd0_next_dist_02e_ku3._.js:1945
[  981274ms] [ERROR] ./src/app/components/home-leaderboard.tsx:10:3
To use "use cache", please enable the feature flag `cacheComponents` in your Next.js config.
    
    Read more: https://nextjs.org/docs/canary/app/api-reference/directives/use-cache#usage
   8 |
   9 | export async function HomeLead...
> 10 |   "use cache";
     |   ^^^^^^^^^^^
  11 |   cacheLife({ expire: 3600 });
  12 |
  13 |   // Chamada de API direto no ...

Ecmascript file had an error

Import trace:
  Server Component:
    ./src/app/components/home-leaderboard.tsx
    ./src/app/page.tsx @ http://localhost:3000/_next/static/chunks/0kd0_next_dist_02e_ku3._.js:1945
[  981274ms] [ERROR] ./src/app/leaderboard/page.tsx:9:3
To use "use cache", please enable the feature flag `cacheComponents` in your Next.js config.
    
    Read more: https://nextjs.org/docs/canary/app/api-reference/directives/use-cache#usage
   7 |
   8 | export default async function ...
>  9 |   "use cache";
     |   ^^^^^^^^^^^
  10 |   cacheLife({ expire: 3600 });
  11 |
  12 |   const [leaderboardData, stat...

Ecmascript file had an error @ http://localhost:3000/_next/static/chunks/0kd0_next_dist_02e_ku3._.js:1945
[  981324ms] [ERROR] ./src/app/components/home-leaderboard.tsx:10:3
To use "use cache", please enable the feature flag `cacheComponents` in your Next.js config.
    
    Read more: https://nextjs.org/docs/canary/app/api-reference/directives/use-cache#usage
   8 |
   9 | export async function HomeLead...
> 10 |   "use cache";
     |   ^^^^^^^^^^^
  11 |   cacheLife({ expire: 3600 });
  12 |
  13 |   // Chamada de API direto no ...

Ecmascript file had an error

Import trace:
  Server Component:
    ./src/app/components/home-leaderboard.tsx
    ./src/app/page.tsx @ http://localhost:3000/_next/static/chunks/0kd0_next_dist_02e_ku3._.js:1945
[  981324ms] [ERROR] ./src/app/leaderboard/page.tsx:9:3
To use "use cache", please enable the feature flag `cacheComponents` in your Next.js config.
    
    Read more: https://nextjs.org/docs/canary/app/api-reference/directives/use-cache#usage
   7 |
   8 | export default async function ...
>  9 |   "use cache";
     |   ^^^^^^^^^^^
  10 |   cacheLife({ expire: 3600 });
  11 |
  12 |   const [leaderboardData, stat...

Ecmascript file had an error @ http://localhost:3000/_next/static/chunks/0kd0_next_dist_02e_ku3._.js:1945
[  981374ms] [ERROR] ./src/app/components/home-leaderboard.tsx:10:3
To use "use cache", please enable the feature flag `cacheComponents` in your Next.js config.
    
    Read more: https://nextjs.org/docs/canary/app/api-reference/directives/use-cache#usage
   8 |
   9 | export async function HomeLead...
> 10 |   "use cache";
     |   ^^^^^^^^^^^
  11 |   cacheLife({ expire: 3600 });
  12 |
  13 |   // Chamada de API direto no ...

Ecmascript file had an error

Import trace:
  Server Component:
    ./src/app/components/home-leaderboard.tsx
    ./src/app/page.tsx @ http://localhost:3000/_next/static/chunks/0kd0_next_dist_02e_ku3._.js:1945
[  981374ms] [ERROR] ./src/app/leaderboard/page.tsx:9:3
To use "use cache", please enable the feature flag `cacheComponents` in your Next.js config.
    
    Read more: https://nextjs.org/docs/canary/app/api-reference/directives/use-cache#usage
   7 |
   8 | export default async function ...
>  9 |   "use cache";
     |   ^^^^^^^^^^^
  10 |   cacheLife({ expire: 3600 });
  11 |
  12 |   const [leaderboardData, stat...

Ecmascript file had an error @ http://localhost:3000/_next/static/chunks/0kd0_next_dist_02e_ku3._.js:1945
[  981424ms] [ERROR] ./src/app/components/home-leaderboard.tsx:10:3
To use "use cache", please enable the feature flag `cacheComponents` in your Next.js config.
    
    Read more: https://nextjs.org/docs/canary/app/api-reference/directives/use-cache#usage
   8 |
   9 | export async function HomeLead...
> 10 |   "use cache";
     |   ^^^^^^^^^^^
  11 |   cacheLife({ expire: 3600 });
  12 |
  13 |   // Chamada de API direto no ...

Ecmascript file had an error

Import trace:
  Server Component:
    ./src/app/components/home-leaderboard.tsx
    ./src/app/page.tsx @ http://localhost:3000/_next/static/chunks/0kd0_next_dist_02e_ku3._.js:1945
[  981424ms] [ERROR] ./src/app/leaderboard/page.tsx:9:3
To use "use cache", please enable the feature flag `cacheComponents` in your Next.js config.
    
    Read more: https://nextjs.org/docs/canary/app/api-reference/directives/use-cache#usage
   7 |
   8 | export default async function ...
>  9 |   "use cache";
     |   ^^^^^^^^^^^
  10 |   cacheLife({ expire: 3600 });
  11 |
  12 |   const [leaderboardData, stat...

Ecmascript file had an error @ http://localhost:3000/_next/static/chunks/0kd0_next_dist_02e_ku3._.js:1945
[  981474ms] [ERROR] ./src/app/components/home-leaderboard.tsx:10:3
To use "use cache", please enable the feature flag `cacheComponents` in your Next.js config.
    
    Read more: https://nextjs.org/docs/canary/app/api-reference/directives/use-cache#usage
   8 |
   9 | export async function HomeLead...
> 10 |   "use cache";
     |   ^^^^^^^^^^^
  11 |   cacheLife({ expire: 3600 });
  12 |
  13 |   // Chamada de API direto no ...

Ecmascript file had an error

Import trace:
  Server Component:
    ./src/app/components/home-leaderboard.tsx
    ./src/app/page.tsx @ http://localhost:3000/_next/static/chunks/0kd0_next_dist_02e_ku3._.js:1945
[  981474ms] [ERROR] ./src/app/leaderboard/page.tsx:9:3
To use "use cache", please enable the feature flag `cacheComponents` in your Next.js config.
    
    Read more: https://nextjs.org/docs/canary/app/api-reference/directives/use-cache#usage
   7 |
   8 | export default async function ...
>  9 |   "use cache";
     |   ^^^^^^^^^^^
  10 |   cacheLife({ expire: 3600 });
  11 |
  12 |   const [leaderboardData, stat...

Ecmascript file had an error @ http://localhost:3000/_next/static/chunks/0kd0_next_dist_02e_ku3._.js:1945
[  981518ms] [ERROR] ./src/app/components/home-leaderboard.tsx:10:3
To use "use cache", please enable the feature flag `cacheComponents` in your Next.js config.
    
    Read more: https://nextjs.org/docs/canary/app/api-reference/directives/use-cache#usage
   8 |
   9 | export async function HomeLead...
> 10 |   "use cache";
     |   ^^^^^^^^^^^
  11 |   cacheLife({ expire: 3600 });
  12 |
  13 |   // Chamada de API direto no ...

Ecmascript file had an error

Import trace:
  Server Component:
    ./src/app/components/home-leaderboard.tsx
    ./src/app/page.tsx @ http://localhost:3000/_next/static/chunks/0kd0_next_dist_02e_ku3._.js:1945
[  981518ms] [ERROR] ./src/app/leaderboard/page.tsx:9:3
To use "use cache", please enable the feature flag `cacheComponents` in your Next.js config.
    
    Read more: https://nextjs.org/docs/canary/app/api-reference/directives/use-cache#usage
   7 |
   8 | export default async function ...
>  9 |   "use cache";
     |   ^^^^^^^^^^^
  10 |   cacheLife({ expire: 3600 });
  11 |
  12 |   const [leaderboardData, stat...

Ecmascript file had an error @ http://localhost:3000/_next/static/chunks/0kd0_next_dist_02e_ku3._.js:1945
[  981569ms] [ERROR] ./src/app/components/home-leaderboard.tsx:10:3
To use "use cache", please enable the feature flag `cacheComponents` in your Next.js config.
    
    Read more: https://nextjs.org/docs/canary/app/api-reference/directives/use-cache#usage
   8 |
   9 | export async function HomeLead...
> 10 |   "use cache";
     |   ^^^^^^^^^^^
  11 |   cacheLife({ expire: 3600 });
  12 |
  13 |   // Chamada de API direto no ...

Ecmascript file had an error

Import trace:
  Server Component:
    ./src/app/components/home-leaderboard.tsx
    ./src/app/page.tsx @ http://localhost:3000/_next/static/chunks/0kd0_next_dist_02e_ku3._.js:1945
[  981569ms] [ERROR] ./src/app/leaderboard/page.tsx:9:3
To use "use cache", please enable the feature flag `cacheComponents` in your Next.js config.
    
    Read more: https://nextjs.org/docs/canary/app/api-reference/directives/use-cache#usage
   7 |
   8 | export default async function ...
>  9 |   "use cache";
     |   ^^^^^^^^^^^
  10 |   cacheLife({ expire: 3600 });
  11 |
  12 |   const [leaderboardData, stat...

Ecmascript file had an error @ http://localhost:3000/_next/static/chunks/0kd0_next_dist_02e_ku3._.js:1945
[  981613ms] [ERROR] ./src/app/components/home-leaderboard.tsx:10:3
To use "use cache", please enable the feature flag `cacheComponents` in your Next.js config.
    
    Read more: https://nextjs.org/docs/canary/app/api-reference/directives/use-cache#usage
   8 |
   9 | export async function HomeLead...
> 10 |   "use cache";
     |   ^^^^^^^^^^^
  11 |   cacheLife({ expire: 3600 });
  12 |
  13 |   // Chamada de API direto no ...

Ecmascript file had an error

Import trace:
  Server Component:
    ./src/app/components/home-leaderboard.tsx
    ./src/app/page.tsx @ http://localhost:3000/_next/static/chunks/0kd0_next_dist_02e_ku3._.js:1945
[  981613ms] [ERROR] ./src/app/leaderboard/page.tsx:9:3
To use "use cache", please enable the feature flag `cacheComponents` in your Next.js config.
    
    Read more: https://nextjs.org/docs/canary/app/api-reference/directives/use-cache#usage
   7 |
   8 | export default async function ...
>  9 |   "use cache";
     |   ^^^^^^^^^^^
  10 |   cacheLife({ expire: 3600 });
  11 |
  12 |   const [leaderboardData, stat...

Ecmascript file had an error @ http://localhost:3000/_next/static/chunks/0kd0_next_dist_02e_ku3._.js:1945
[  981664ms] [ERROR] ./src/app/components/home-leaderboard.tsx:10:3
To use "use cache", please enable the feature flag `cacheComponents` in your Next.js config.
    
    Read more: https://nextjs.org/docs/canary/app/api-reference/directives/use-cache#usage
   8 |
   9 | export async function HomeLead...
> 10 |   "use cache";
     |   ^^^^^^^^^^^
  11 |   cacheLife({ expire: 3600 });
  12 |
  13 |   // Chamada de API direto no ...

Ecmascript file had an error

Import trace:
  Server Component:
    ./src/app/components/home-leaderboard.tsx
    ./src/app/page.tsx @ http://localhost:3000/_next/static/chunks/0kd0_next_dist_02e_ku3._.js:1945
[  981664ms] [ERROR] ./src/app/leaderboard/page.tsx:9:3
To use "use cache", please enable the feature flag `cacheComponents` in your Next.js config.
    
    Read more: https://nextjs.org/docs/canary/app/api-reference/directives/use-cache#usage
   7 |
   8 | export default async function ...
>  9 |   "use cache";
     |   ^^^^^^^^^^^
  10 |   cacheLife({ expire: 3600 });
  11 |
  12 |   const [leaderboardData, stat...

Ecmascript file had an error @ http://localhost:3000/_next/static/chunks/0kd0_next_dist_02e_ku3._.js:1945
[  981713ms] [ERROR] ./src/app/components/home-leaderboard.tsx:10:3
To use "use cache", please enable the feature flag `cacheComponents` in your Next.js config.
    
    Read more: https://nextjs.org/docs/canary/app/api-reference/directives/use-cache#usage
   8 |
   9 | export async function HomeLead...
> 10 |   "use cache";
     |   ^^^^^^^^^^^
  11 |   cacheLife({ expire: 3600 });
  12 |
  13 |   // Chamada de API direto no ...

Ecmascript file had an error

Import trace:
  Server Component:
    ./src/app/components/home-leaderboard.tsx
    ./src/app/page.tsx @ http://localhost:3000/_next/static/chunks/0kd0_next_dist_02e_ku3._.js:1945
[  981713ms] [ERROR] ./src/app/leaderboard/page.tsx:9:3
To use "use cache", please enable the feature flag `cacheComponents` in your Next.js config.
    
    Read more: https://nextjs.org/docs/canary/app/api-reference/directives/use-cache#usage
   7 |
   8 | export default async function ...
>  9 |   "use cache";
     |   ^^^^^^^^^^^
  10 |   cacheLife({ expire: 3600 });
  11 |
  12 |   const [leaderboardData, stat...

Ecmascript file had an error @ http://localhost:3000/_next/static/chunks/0kd0_next_dist_02e_ku3._.js:1945
[  981766ms] [ERROR] ./src/app/components/home-leaderboard.tsx:10:3
To use "use cache", please enable the feature flag `cacheComponents` in your Next.js config.
    
    Read more: https://nextjs.org/docs/canary/app/api-reference/directives/use-cache#usage
   8 |
   9 | export async function HomeLead...
> 10 |   "use cache";
     |   ^^^^^^^^^^^
  11 |   cacheLife({ expire: 3600 });
  12 |
  13 |   // Chamada de API direto no ...

Ecmascript file had an error

Import trace:
  Server Component:
    ./src/app/components/home-leaderboard.tsx
    ./src/app/page.tsx @ http://localhost:3000/_next/static/chunks/0kd0_next_dist_02e_ku3._.js:1945
[  981766ms] [ERROR] ./src/app/leaderboard/page.tsx:9:3
To use "use cache", please enable the feature flag `cacheComponents` in your Next.js config.
    
    Read more: https://nextjs.org/docs/canary/app/api-reference/directives/use-cache#usage
   7 |
   8 | export default async function ...
>  9 |   "use cache";
     |   ^^^^^^^^^^^
  10 |   cacheLife({ expire: 3600 });
  11 |
  12 |   const [leaderboardData, stat...

Ecmascript file had an error @ http://localhost:3000/_next/static/chunks/0kd0_next_dist_02e_ku3._.js:1945
[  981817ms] [ERROR] ./src/app/components/home-leaderboard.tsx:10:3
To use "use cache", please enable the feature flag `cacheComponents` in your Next.js config.
    
    Read more: https://nextjs.org/docs/canary/app/api-reference/directives/use-cache#usage
   8 |
   9 | export async function HomeLead...
> 10 |   "use cache";
     |   ^^^^^^^^^^^
  11 |   cacheLife({ expire: 3600 });
  12 |
  13 |   // Chamada de API direto no ...

Ecmascript file had an error

Import trace:
  Server Component:
    ./src/app/components/home-leaderboard.tsx
    ./src/app/page.tsx @ http://localhost:3000/_next/static/chunks/0kd0_next_dist_02e_ku3._.js:1945
[  981817ms] [ERROR] ./src/app/leaderboard/page.tsx:9:3
To use "use cache", please enable the feature flag `cacheComponents` in your Next.js config.
    
    Read more: https://nextjs.org/docs/canary/app/api-reference/directives/use-cache#usage
   7 |
   8 | export default async function ...
>  9 |   "use cache";
     |   ^^^^^^^^^^^
  10 |   cacheLife({ expire: 3600 });
  11 |
  12 |   const [leaderboardData, stat...

Ecmascript file had an error @ http://localhost:3000/_next/static/chunks/0kd0_next_dist_02e_ku3._.js:1945
[  981868ms] [ERROR] ./src/app/components/home-leaderboard.tsx:10:3
To use "use cache", please enable the feature flag `cacheComponents` in your Next.js config.
    
    Read more: https://nextjs.org/docs/canary/app/api-reference/directives/use-cache#usage
   8 |
   9 | export async function HomeLead...
> 10 |   "use cache";
     |   ^^^^^^^^^^^
  11 |   cacheLife({ expire: 3600 });
  12 |
  13 |   // Chamada de API direto no ...

Ecmascript file had an error

Import trace:
  Server Component:
    ./src/app/components/home-leaderboard.tsx
    ./src/app/page.tsx @ http://localhost:3000/_next/static/chunks/0kd0_next_dist_02e_ku3._.js:1945
[  981868ms] [ERROR] ./src/app/leaderboard/page.tsx:9:3
To use "use cache", please enable the feature flag `cacheComponents` in your Next.js config.
    
    Read more: https://nextjs.org/docs/canary/app/api-reference/directives/use-cache#usage
   7 |
   8 | export default async function ...
>  9 |   "use cache";
     |   ^^^^^^^^^^^
  10 |   cacheLife({ expire: 3600 });
  11 |
  12 |   const [leaderboardData, stat...

Ecmascript file had an error @ http://localhost:3000/_next/static/chunks/0kd0_next_dist_02e_ku3._.js:1945
[  981918ms] [ERROR] ./src/app/components/home-leaderboard.tsx:10:3
To use "use cache", please enable the feature flag `cacheComponents` in your Next.js config.
    
    Read more: https://nextjs.org/docs/canary/app/api-reference/directives/use-cache#usage
   8 |
   9 | export async function HomeLead...
> 10 |   "use cache";
     |   ^^^^^^^^^^^
  11 |   cacheLife({ expire: 3600 });
  12 |
  13 |   // Chamada de API direto no ...

Ecmascript file had an error

Import trace:
  Server Component:
    ./src/app/components/home-leaderboard.tsx
    ./src/app/page.tsx @ http://localhost:3000/_next/static/chunks/0kd0_next_dist_02e_ku3._.js:1945
[  981918ms] [ERROR] ./src/app/leaderboard/page.tsx:9:3
To use "use cache", please enable the feature flag `cacheComponents` in your Next.js config.
    
    Read more: https://nextjs.org/docs/canary/app/api-reference/directives/use-cache#usage
   7 |
   8 | export default async function ...
>  9 |   "use cache";
     |   ^^^^^^^^^^^
  10 |   cacheLife({ expire: 3600 });
  11 |
  12 |   const [leaderboardData, stat...

Ecmascript file had an error @ http://localhost:3000/_next/static/chunks/0kd0_next_dist_02e_ku3._.js:1945
[  981967ms] [ERROR] ./src/app/components/home-leaderboard.tsx:10:3
To use "use cache", please enable the feature flag `cacheComponents` in your Next.js config.
    
    Read more: https://nextjs.org/docs/canary/app/api-reference/directives/use-cache#usage
   8 |
   9 | export async function HomeLead...
> 10 |   "use cache";
     |   ^^^^^^^^^^^
  11 |   cacheLife({ expire: 3600 });
  12 |
  13 |   // Chamada de API direto no ...

Ecmascript file had an error

Import trace:
  Server Component:
    ./src/app/components/home-leaderboard.tsx
    ./src/app/page.tsx @ http://localhost:3000/_next/static/chunks/0kd0_next_dist_02e_ku3._.js:1945
[  981967ms] [ERROR] ./src/app/leaderboard/page.tsx:9:3
To use "use cache", please enable the feature flag `cacheComponents` in your Next.js config.
    
    Read more: https://nextjs.org/docs/canary/app/api-reference/directives/use-cache#usage
   7 |
   8 | export default async function ...
>  9 |   "use cache";
     |   ^^^^^^^^^^^
  10 |   cacheLife({ expire: 3600 });
  11 |
  12 |   const [leaderboardData, stat...

Ecmascript file had an error @ http://localhost:3000/_next/static/chunks/0kd0_next_dist_02e_ku3._.js:1945
[  982018ms] [ERROR] ./src/app/components/home-leaderboard.tsx:10:3
To use "use cache", please enable the feature flag `cacheComponents` in your Next.js config.
    
    Read more: https://nextjs.org/docs/canary/app/api-reference/directives/use-cache#usage
   8 |
   9 | export async function HomeLead...
> 10 |   "use cache";
     |   ^^^^^^^^^^^
  11 |   cacheLife({ expire: 3600 });
  12 |
  13 |   // Chamada de API direto no ...

Ecmascript file had an error

Import trace:
  Server Component:
    ./src/app/components/home-leaderboard.tsx
    ./src/app/page.tsx @ http://localhost:3000/_next/static/chunks/0kd0_next_dist_02e_ku3._.js:1945
[  982018ms] [ERROR] ./src/app/leaderboard/page.tsx:9:3
To use "use cache", please enable the feature flag `cacheComponents` in your Next.js config.
    
    Read more: https://nextjs.org/docs/canary/app/api-reference/directives/use-cache#usage
   7 |
   8 | export default async function ...
>  9 |   "use cache";
     |   ^^^^^^^^^^^
  10 |   cacheLife({ expire: 3600 });
  11 |
  12 |   const [leaderboardData, stat...

Ecmascript file had an error @ http://localhost:3000/_next/static/chunks/0kd0_next_dist_02e_ku3._.js:1945
[  982068ms] [ERROR] ./src/app/components/home-leaderboard.tsx:10:3
To use "use cache", please enable the feature flag `cacheComponents` in your Next.js config.
    
    Read more: https://nextjs.org/docs/canary/app/api-reference/directives/use-cache#usage
   8 |
   9 | export async function HomeLead...
> 10 |   "use cache";
     |   ^^^^^^^^^^^
  11 |   cacheLife({ expire: 3600 });
  12 |
  13 |   // Chamada de API direto no ...

Ecmascript file had an error

Import trace:
  Server Component:
    ./src/app/components/home-leaderboard.tsx
    ./src/app/page.tsx @ http://localhost:3000/_next/static/chunks/0kd0_next_dist_02e_ku3._.js:1945
[  982068ms] [ERROR] ./src/app/leaderboard/page.tsx:9:3
To use "use cache", please enable the feature flag `cacheComponents` in your Next.js config.
    
    Read more: https://nextjs.org/docs/canary/app/api-reference/directives/use-cache#usage
   7 |
   8 | export default async function ...
>  9 |   "use cache";
     |   ^^^^^^^^^^^
  10 |   cacheLife({ expire: 3600 });
  11 |
  12 |   const [leaderboardData, stat...

Ecmascript file had an error @ http://localhost:3000/_next/static/chunks/0kd0_next_dist_02e_ku3._.js:1945
[  982120ms] [ERROR] ./src/app/components/home-leaderboard.tsx:10:3
To use "use cache", please enable the feature flag `cacheComponents` in your Next.js config.
    
    Read more: https://nextjs.org/docs/canary/app/api-reference/directives/use-cache#usage
   8 |
   9 | export async function HomeLead...
> 10 |   "use cache";
     |   ^^^^^^^^^^^
  11 |   cacheLife({ expire: 3600 });
  12 |
  13 |   // Chamada de API direto no ...

Ecmascript file had an error

Import trace:
  Server Component:
    ./src/app/components/home-leaderboard.tsx
    ./src/app/page.tsx @ http://localhost:3000/_next/static/chunks/0kd0_next_dist_02e_ku3._.js:1945
[  982120ms] [ERROR] ./src/app/leaderboard/page.tsx:9:3
To use "use cache", please enable the feature flag `cacheComponents` in your Next.js config.
    
    Read more: https://nextjs.org/docs/canary/app/api-reference/directives/use-cache#usage
   7 |
   8 | export default async function ...
>  9 |   "use cache";
     |   ^^^^^^^^^^^
  10 |   cacheLife({ expire: 3600 });
  11 |
  12 |   const [leaderboardData, stat...

Ecmascript file had an error @ http://localhost:3000/_next/static/chunks/0kd0_next_dist_02e_ku3._.js:1945
[  982171ms] [ERROR] ./src/app/components/home-leaderboard.tsx:10:3
To use "use cache", please enable the feature flag `cacheComponents` in your Next.js config.
    
    Read more: https://nextjs.org/docs/canary/app/api-reference/directives/use-cache#usage
   8 |
   9 | export async function HomeLead...
> 10 |   "use cache";
     |   ^^^^^^^^^^^
  11 |   cacheLife({ expire: 3600 });
  12 |
  13 |   // Chamada de API direto no ...

Ecmascript file had an error

Import trace:
  Server Component:
    ./src/app/components/home-leaderboard.tsx
    ./src/app/page.tsx @ http://localhost:3000/_next/static/chunks/0kd0_next_dist_02e_ku3._.js:1945
[  982171ms] [ERROR] ./src/app/leaderboard/page.tsx:9:3
To use "use cache", please enable the feature flag `cacheComponents` in your Next.js config.
    
    Read more: https://nextjs.org/docs/canary/app/api-reference/directives/use-cache#usage
   7 |
   8 | export default async function ...
>  9 |   "use cache";
     |   ^^^^^^^^^^^
  10 |   cacheLife({ expire: 3600 });
  11 |
  12 |   const [leaderboardData, stat...

Ecmascript file had an error @ http://localhost:3000/_next/static/chunks/0kd0_next_dist_02e_ku3._.js:1945
[  982223ms] [ERROR] ./src/app/components/home-leaderboard.tsx:10:3
To use "use cache", please enable the feature flag `cacheComponents` in your Next.js config.
    
    Read more: https://nextjs.org/docs/canary/app/api-reference/directives/use-cache#usage
   8 |
   9 | export async function HomeLead...
> 10 |   "use cache";
     |   ^^^^^^^^^^^
  11 |   cacheLife({ expire: 3600 });
  12 |
  13 |   // Chamada de API direto no ...

Ecmascript file had an error

Import trace:
  Server Component:
    ./src/app/components/home-leaderboard.tsx
    ./src/app/page.tsx @ http://localhost:3000/_next/static/chunks/0kd0_next_dist_02e_ku3._.js:1945
[  982223ms] [ERROR] ./src/app/leaderboard/page.tsx:9:3
To use "use cache", please enable the feature flag `cacheComponents` in your Next.js config.
    
    Read more: https://nextjs.org/docs/canary/app/api-reference/directives/use-cache#usage
   7 |
   8 | export default async function ...
>  9 |   "use cache";
     |   ^^^^^^^^^^^
  10 |   cacheLife({ expire: 3600 });
  11 |
  12 |   const [leaderboardData, stat...

Ecmascript file had an error @ http://localhost:3000/_next/static/chunks/0kd0_next_dist_02e_ku3._.js:1945
[  982304ms] [ERROR] ./src/app/components/home-leaderboard.tsx:10:3
To use "use cache", please enable the feature flag `cacheComponents` in your Next.js config.
    
    Read more: https://nextjs.org/docs/canary/app/api-reference/directives/use-cache#usage
   8 |
   9 | export async function HomeLead...
> 10 |   "use cache";
     |   ^^^^^^^^^^^
  11 |   cacheLife({ expire: 3600 });
  12 |
  13 |   // Chamada de API direto no ...

Ecmascript file had an error

Import trace:
  Server Component:
    ./src/app/components/home-leaderboard.tsx
    ./src/app/page.tsx @ http://localhost:3000/_next/static/chunks/0kd0_next_dist_02e_ku3._.js:1945
[  982304ms] [ERROR] ./src/app/leaderboard/page.tsx:9:3
To use "use cache", please enable the feature flag `cacheComponents` in your Next.js config.
    
    Read more: https://nextjs.org/docs/canary/app/api-reference/directives/use-cache#usage
   7 |
   8 | export default async function ...
>  9 |   "use cache";
     |   ^^^^^^^^^^^
  10 |   cacheLife({ expire: 3600 });
  11 |
  12 |   const [leaderboardData, stat...

Ecmascript file had an error @ http://localhost:3000/_next/static/chunks/0kd0_next_dist_02e_ku3._.js:1945
[  982354ms] [ERROR] ./src/app/components/home-leaderboard.tsx:10:3
To use "use cache", please enable the feature flag `cacheComponents` in your Next.js config.
    
    Read more: https://nextjs.org/docs/canary/app/api-reference/directives/use-cache#usage
   8 |
   9 | export async function HomeLead...
> 10 |   "use cache";
     |   ^^^^^^^^^^^
  11 |   cacheLife({ expire: 3600 });
  12 |
  13 |   // Chamada de API direto no ...

Ecmascript file had an error

Import trace:
  Server Component:
    ./src/app/components/home-leaderboard.tsx
    ./src/app/page.tsx @ http://localhost:3000/_next/static/chunks/0kd0_next_dist_02e_ku3._.js:1945
[  982354ms] [ERROR] ./src/app/leaderboard/page.tsx:9:3
To use "use cache", please enable the feature flag `cacheComponents` in your Next.js config.
    
    Read more: https://nextjs.org/docs/canary/app/api-reference/directives/use-cache#usage
   7 |
   8 | export default async function ...
>  9 |   "use cache";
     |   ^^^^^^^^^^^
  10 |   cacheLife({ expire: 3600 });
  11 |
  12 |   const [leaderboardData, stat...

Ecmascript file had an error @ http://localhost:3000/_next/static/chunks/0kd0_next_dist_02e_ku3._.js:1945
[  982404ms] [ERROR] ./src/app/components/home-leaderboard.tsx:10:3
To use "use cache", please enable the feature flag `cacheComponents` in your Next.js config.
    
    Read more: https://nextjs.org/docs/canary/app/api-reference/directives/use-cache#usage
   8 |
   9 | export async function HomeLead...
> 10 |   "use cache";
     |   ^^^^^^^^^^^
  11 |   cacheLife({ expire: 3600 });
  12 |
  13 |   // Chamada de API direto no ...

Ecmascript file had an error

Import trace:
  Server Component:
    ./src/app/components/home-leaderboard.tsx
    ./src/app/page.tsx @ http://localhost:3000/_next/static/chunks/0kd0_next_dist_02e_ku3._.js:1945
[  982404ms] [ERROR] ./src/app/leaderboard/page.tsx:9:3
To use "use cache", please enable the feature flag `cacheComponents` in your Next.js config.
    
    Read more: https://nextjs.org/docs/canary/app/api-reference/directives/use-cache#usage
   7 |
   8 | export default async function ...
>  9 |   "use cache";
     |   ^^^^^^^^^^^
  10 |   cacheLife({ expire: 3600 });
  11 |
  12 |   const [leaderboardData, stat...

Ecmascript file had an error @ http://localhost:3000/_next/static/chunks/0kd0_next_dist_02e_ku3._.js:1945
[  982467ms] [ERROR] ./src/app/components/home-leaderboard.tsx:10:3
To use "use cache", please enable the feature flag `cacheComponents` in your Next.js config.
    
    Read more: https://nextjs.org/docs/canary/app/api-reference/directives/use-cache#usage
   8 |
   9 | export async function HomeLead...
> 10 |   "use cache";
     |   ^^^^^^^^^^^
  11 |   cacheLife({ expire: 3600 });
  12 |
  13 |   // Chamada de API direto no ...

Ecmascript file had an error

Import trace:
  Server Component:
    ./src/app/components/home-leaderboard.tsx
    ./src/app/page.tsx @ http://localhost:3000/_next/static/chunks/0kd0_next_dist_02e_ku3._.js:1945
[  982467ms] [ERROR] ./src/app/leaderboard/page.tsx:9:3
To use "use cache", please enable the feature flag `cacheComponents` in your Next.js config.
    
    Read more: https://nextjs.org/docs/canary/app/api-reference/directives/use-cache#usage
   7 |
   8 | export default async function ...
>  9 |   "use cache";
     |   ^^^^^^^^^^^
  10 |   cacheLife({ expire: 3600 });
  11 |
  12 |   const [leaderboardData, stat...

Ecmascript file had an error @ http://localhost:3000/_next/static/chunks/0kd0_next_dist_02e_ku3._.js:1945
[  982518ms] [ERROR] ./src/app/components/home-leaderboard.tsx:10:3
To use "use cache", please enable the feature flag `cacheComponents` in your Next.js config.
    
    Read more: https://nextjs.org/docs/canary/app/api-reference/directives/use-cache#usage
   8 |
   9 | export async function HomeLead...
> 10 |   "use cache";
     |   ^^^^^^^^^^^
  11 |   cacheLife({ expire: 3600 });
  12 |
  13 |   // Chamada de API direto no ...

Ecmascript file had an error

Import trace:
  Server Component:
    ./src/app/components/home-leaderboard.tsx
    ./src/app/page.tsx @ http://localhost:3000/_next/static/chunks/0kd0_next_dist_02e_ku3._.js:1945
[  982518ms] [ERROR] ./src/app/leaderboard/page.tsx:9:3
To use "use cache", please enable the feature flag `cacheComponents` in your Next.js config.
    
    Read more: https://nextjs.org/docs/canary/app/api-reference/directives/use-cache#usage
   7 |
   8 | export default async function ...
>  9 |   "use cache";
     |   ^^^^^^^^^^^
  10 |   cacheLife({ expire: 3600 });
  11 |
  12 |   const [leaderboardData, stat...

Ecmascript file had an error @ http://localhost:3000/_next/static/chunks/0kd0_next_dist_02e_ku3._.js:1945
[  982569ms] [ERROR] ./src/app/components/home-leaderboard.tsx:10:3
To use "use cache", please enable the feature flag `cacheComponents` in your Next.js config.
    
    Read more: https://nextjs.org/docs/canary/app/api-reference/directives/use-cache#usage
   8 |
   9 | export async function HomeLead...
> 10 |   "use cache";
     |   ^^^^^^^^^^^
  11 |   cacheLife({ expire: 3600 });
  12 |
  13 |   // Chamada de API direto no ...

Ecmascript file had an error

Import trace:
  Server Component:
    ./src/app/components/home-leaderboard.tsx
    ./src/app/page.tsx @ http://localhost:3000/_next/static/chunks/0kd0_next_dist_02e_ku3._.js:1945
[  982569ms] [ERROR] ./src/app/leaderboard/page.tsx:9:3
To use "use cache", please enable the feature flag `cacheComponents` in your Next.js config.
    
    Read more: https://nextjs.org/docs/canary/app/api-reference/directives/use-cache#usage
   7 |
   8 | export default async function ...
>  9 |   "use cache";
     |   ^^^^^^^^^^^
  10 |   cacheLife({ expire: 3600 });
  11 |
  12 |   const [leaderboardData, stat...

Ecmascript file had an error @ http://localhost:3000/_next/static/chunks/0kd0_next_dist_02e_ku3._.js:1945
[  982619ms] [ERROR] ./src/app/components/home-leaderboard.tsx:10:3
To use "use cache", please enable the feature flag `cacheComponents` in your Next.js config.
    
    Read more: https://nextjs.org/docs/canary/app/api-reference/directives/use-cache#usage
   8 |
   9 | export async function HomeLead...
> 10 |   "use cache";
     |   ^^^^^^^^^^^
  11 |   cacheLife({ expire: 3600 });
  12 |
  13 |   // Chamada de API direto no ...

Ecmascript file had an error

Import trace:
  Server Component:
    ./src/app/components/home-leaderboard.tsx
    ./src/app/page.tsx @ http://localhost:3000/_next/static/chunks/0kd0_next_dist_02e_ku3._.js:1945
[  982619ms] [ERROR] ./src/app/leaderboard/page.tsx:9:3
To use "use cache", please enable the feature flag `cacheComponents` in your Next.js config.
    
    Read more: https://nextjs.org/docs/canary/app/api-reference/directives/use-cache#usage
   7 |
   8 | export default async function ...
>  9 |   "use cache";
     |   ^^^^^^^^^^^
  10 |   cacheLife({ expire: 3600 });
  11 |
  12 |   const [leaderboardData, stat...

Ecmascript file had an error @ http://localhost:3000/_next/static/chunks/0kd0_next_dist_02e_ku3._.js:1945
[  982670ms] [ERROR] ./src/app/components/home-leaderboard.tsx:10:3
To use "use cache", please enable the feature flag `cacheComponents` in your Next.js config.
    
    Read more: https://nextjs.org/docs/canary/app/api-reference/directives/use-cache#usage
   8 |
   9 | export async function HomeLead...
> 10 |   "use cache";
     |   ^^^^^^^^^^^
  11 |   cacheLife({ expire: 3600 });
  12 |
  13 |   // Chamada de API direto no ...

Ecmascript file had an error

Import trace:
  Server Component:
    ./src/app/components/home-leaderboard.tsx
    ./src/app/page.tsx @ http://localhost:3000/_next/static/chunks/0kd0_next_dist_02e_ku3._.js:1945
[  982670ms] [ERROR] ./src/app/leaderboard/page.tsx:9:3
To use "use cache", please enable the feature flag `cacheComponents` in your Next.js config.
    
    Read more: https://nextjs.org/docs/canary/app/api-reference/directives/use-cache#usage
   7 |
   8 | export default async function ...
>  9 |   "use cache";
     |   ^^^^^^^^^^^
  10 |   cacheLife({ expire: 3600 });
  11 |
  12 |   const [leaderboardData, stat...

Ecmascript file had an error @ http://localhost:3000/_next/static/chunks/0kd0_next_dist_02e_ku3._.js:1945
[  982720ms] [ERROR] ./src/app/components/home-leaderboard.tsx:10:3
To use "use cache", please enable the feature flag `cacheComponents` in your Next.js config.
    
    Read more: https://nextjs.org/docs/canary/app/api-reference/directives/use-cache#usage
   8 |
   9 | export async function HomeLead...
> 10 |   "use cache";
     |   ^^^^^^^^^^^
  11 |   cacheLife({ expire: 3600 });
  12 |
  13 |   // Chamada de API direto no ...

Ecmascript file had an error

Import trace:
  Server Component:
    ./src/app/components/home-leaderboard.tsx
    ./src/app/page.tsx @ http://localhost:3000/_next/static/chunks/0kd0_next_dist_02e_ku3._.js:1945
[  982721ms] [ERROR] ./src/app/leaderboard/page.tsx:9:3
To use "use cache", please enable the feature flag `cacheComponents` in your Next.js config.
    
    Read more: https://nextjs.org/docs/canary/app/api-reference/directives/use-cache#usage
   7 |
   8 | export default async function ...
>  9 |   "use cache";
     |   ^^^^^^^^^^^
  10 |   cacheLife({ expire: 3600 });
  11 |
  12 |   const [leaderboardData, stat...

Ecmascript file had an error @ http://localhost:3000/_next/static/chunks/0kd0_next_dist_02e_ku3._.js:1945
[  982775ms] [ERROR] ./src/app/components/home-leaderboard.tsx:10:3
To use "use cache", please enable the feature flag `cacheComponents` in your Next.js config.
    
    Read more: https://nextjs.org/docs/canary/app/api-reference/directives/use-cache#usage
   8 |
   9 | export async function HomeLead...
> 10 |   "use cache";
     |   ^^^^^^^^^^^
  11 |   cacheLife({ expire: 3600 });
  12 |
  13 |   // Chamada de API direto no ...

Ecmascript file had an error

Import trace:
  Server Component:
    ./src/app/components/home-leaderboard.tsx
    ./src/app/page.tsx @ http://localhost:3000/_next/static/chunks/0kd0_next_dist_02e_ku3._.js:1945
[  982776ms] [ERROR] ./src/app/leaderboard/page.tsx:9:3
To use "use cache", please enable the feature flag `cacheComponents` in your Next.js config.
    
    Read more: https://nextjs.org/docs/canary/app/api-reference/directives/use-cache#usage
   7 |
   8 | export default async function ...
>  9 |   "use cache";
     |   ^^^^^^^^^^^
  10 |   cacheLife({ expire: 3600 });
  11 |
  12 |   const [leaderboardData, stat...

Ecmascript file had an error @ http://localhost:3000/_next/static/chunks/0kd0_next_dist_02e_ku3._.js:1945
[  982824ms] [ERROR] ./src/app/components/home-leaderboard.tsx:10:3
To use "use cache", please enable the feature flag `cacheComponents` in your Next.js config.
    
    Read more: https://nextjs.org/docs/canary/app/api-reference/directives/use-cache#usage
   8 |
   9 | export async function HomeLead...
> 10 |   "use cache";
     |   ^^^^^^^^^^^
  11 |   cacheLife({ expire: 3600 });
  12 |
  13 |   // Chamada de API direto no ...

Ecmascript file had an error

Import trace:
  Server Component:
    ./src/app/components/home-leaderboard.tsx
    ./src/app/page.tsx @ http://localhost:3000/_next/static/chunks/0kd0_next_dist_02e_ku3._.js:1945
[  982824ms] [ERROR] ./src/app/leaderboard/page.tsx:9:3
To use "use cache", please enable the feature flag `cacheComponents` in your Next.js config.
    
    Read more: https://nextjs.org/docs/canary/app/api-reference/directives/use-cache#usage
   7 |
   8 | export default async function ...
>  9 |   "use cache";
     |   ^^^^^^^^^^^
  10 |   cacheLife({ expire: 3600 });
  11 |
  12 |   const [leaderboardData, stat...

Ecmascript file had an error @ http://localhost:3000/_next/static/chunks/0kd0_next_dist_02e_ku3._.js:1945
[  982870ms] [ERROR] ./src/app/components/home-leaderboard.tsx:10:3
To use "use cache", please enable the feature flag `cacheComponents` in your Next.js config.
    
    Read more: https://nextjs.org/docs/canary/app/api-reference/directives/use-cache#usage
   8 |
   9 | export async function HomeLead...
> 10 |   "use cache";
     |   ^^^^^^^^^^^
  11 |   cacheLife({ expire: 3600 });
  12 |
  13 |   // Chamada de API direto no ...

Ecmascript file had an error

Import trace:
  Server Component:
    ./src/app/components/home-leaderboard.tsx
    ./src/app/page.tsx @ http://localhost:3000/_next/static/chunks/0kd0_next_dist_02e_ku3._.js:1945
[  982870ms] [ERROR] ./src/app/leaderboard/page.tsx:9:3
To use "use cache", please enable the feature flag `cacheComponents` in your Next.js config.
    
    Read more: https://nextjs.org/docs/canary/app/api-reference/directives/use-cache#usage
   7 |
   8 | export default async function ...
>  9 |   "use cache";
     |   ^^^^^^^^^^^
  10 |   cacheLife({ expire: 3600 });
  11 |
  12 |   const [leaderboardData, stat...

Ecmascript file had an error @ http://localhost:3000/_next/static/chunks/0kd0_next_dist_02e_ku3._.js:1945
[  982920ms] [ERROR] ./src/app/components/home-leaderboard.tsx:10:3
To use "use cache", please enable the feature flag `cacheComponents` in your Next.js config.
    
    Read more: https://nextjs.org/docs/canary/app/api-reference/directives/use-cache#usage
   8 |
   9 | export async function HomeLead...
> 10 |   "use cache";
     |   ^^^^^^^^^^^
  11 |   cacheLife({ expire: 3600 });
  12 |
  13 |   // Chamada de API direto no ...

Ecmascript file had an error

Import trace:
  Server Component:
    ./src/app/components/home-leaderboard.tsx
    ./src/app/page.tsx @ http://localhost:3000/_next/static/chunks/0kd0_next_dist_02e_ku3._.js:1945
[  982920ms] [ERROR] ./src/app/leaderboard/page.tsx:9:3
To use "use cache", please enable the feature flag `cacheComponents` in your Next.js config.
    
    Read more: https://nextjs.org/docs/canary/app/api-reference/directives/use-cache#usage
   7 |
   8 | export default async function ...
>  9 |   "use cache";
     |   ^^^^^^^^^^^
  10 |   cacheLife({ expire: 3600 });
  11 |
  12 |   const [leaderboardData, stat...

Ecmascript file had an error @ http://localhost:3000/_next/static/chunks/0kd0_next_dist_02e_ku3._.js:1945
[  982965ms] [ERROR] ./src/app/components/home-leaderboard.tsx:10:3
To use "use cache", please enable the feature flag `cacheComponents` in your Next.js config.
    
    Read more: https://nextjs.org/docs/canary/app/api-reference/directives/use-cache#usage
   8 |
   9 | export async function HomeLead...
> 10 |   "use cache";
     |   ^^^^^^^^^^^
  11 |   cacheLife({ expire: 3600 });
  12 |
  13 |   // Chamada de API direto no ...

Ecmascript file had an error

Import trace:
  Server Component:
    ./src/app/components/home-leaderboard.tsx
    ./src/app/page.tsx @ http://localhost:3000/_next/static/chunks/0kd0_next_dist_02e_ku3._.js:1945
[  982965ms] [ERROR] ./src/app/leaderboard/page.tsx:9:3
To use "use cache", please enable the feature flag `cacheComponents` in your Next.js config.
    
    Read more: https://nextjs.org/docs/canary/app/api-reference/directives/use-cache#usage
   7 |
   8 | export default async function ...
>  9 |   "use cache";
     |   ^^^^^^^^^^^
  10 |   cacheLife({ expire: 3600 });
  11 |
  12 |   const [leaderboardData, stat...

Ecmascript file had an error @ http://localhost:3000/_next/static/chunks/0kd0_next_dist_02e_ku3._.js:1945
[  983014ms] [ERROR] ./src/app/components/home-leaderboard.tsx:10:3
To use "use cache", please enable the feature flag `cacheComponents` in your Next.js config.
    
    Read more: https://nextjs.org/docs/canary/app/api-reference/directives/use-cache#usage
   8 |
   9 | export async function HomeLead...
> 10 |   "use cache";
     |   ^^^^^^^^^^^
  11 |   cacheLife({ expire: 3600 });
  12 |
  13 |   // Chamada de API direto no ...

Ecmascript file had an error

Import trace:
  Server Component:
    ./src/app/components/home-leaderboard.tsx
    ./src/app/page.tsx @ http://localhost:3000/_next/static/chunks/0kd0_next_dist_02e_ku3._.js:1945
[  983014ms] [ERROR] ./src/app/leaderboard/page.tsx:9:3
To use "use cache", please enable the feature flag `cacheComponents` in your Next.js config.
    
    Read more: https://nextjs.org/docs/canary/app/api-reference/directives/use-cache#usage
   7 |
   8 | export default async function ...
>  9 |   "use cache";
     |   ^^^^^^^^^^^
  10 |   cacheLife({ expire: 3600 });
  11 |
  12 |   const [leaderboardData, stat...

Ecmascript file had an error @ http://localhost:3000/_next/static/chunks/0kd0_next_dist_02e_ku3._.js:1945
[  983064ms] [ERROR] ./src/app/components/home-leaderboard.tsx:10:3
To use "use cache", please enable the feature flag `cacheComponents` in your Next.js config.
    
    Read more: https://nextjs.org/docs/canary/app/api-reference/directives/use-cache#usage
   8 |
   9 | export async function HomeLead...
> 10 |   "use cache";
     |   ^^^^^^^^^^^
  11 |   cacheLife({ expire: 3600 });
  12 |
  13 |   // Chamada de API direto no ...

Ecmascript file had an error

Import trace:
  Server Component:
    ./src/app/components/home-leaderboard.tsx
    ./src/app/page.tsx @ http://localhost:3000/_next/static/chunks/0kd0_next_dist_02e_ku3._.js:1945
[  983064ms] [ERROR] ./src/app/leaderboard/page.tsx:9:3
To use "use cache", please enable the feature flag `cacheComponents` in your Next.js config.
    
    Read more: https://nextjs.org/docs/canary/app/api-reference/directives/use-cache#usage
   7 |
   8 | export default async function ...
>  9 |   "use cache";
     |   ^^^^^^^^^^^
  10 |   cacheLife({ expire: 3600 });
  11 |
  12 |   const [leaderboardData, stat...

Ecmascript file had an error @ http://localhost:3000/_next/static/chunks/0kd0_next_dist_02e_ku3._.js:1945
[  983114ms] [ERROR] ./src/app/components/home-leaderboard.tsx:10:3
To use "use cache", please enable the feature flag `cacheComponents` in your Next.js config.
    
    Read more: https://nextjs.org/docs/canary/app/api-reference/directives/use-cache#usage
   8 |
   9 | export async function HomeLead...
> 10 |   "use cache";
     |   ^^^^^^^^^^^
  11 |   cacheLife({ expire: 3600 });
  12 |
  13 |   // Chamada de API direto no ...

Ecmascript file had an error

Import trace:
  Server Component:
    ./src/app/components/home-leaderboard.tsx
    ./src/app/page.tsx @ http://localhost:3000/_next/static/chunks/0kd0_next_dist_02e_ku3._.js:1945
[  983114ms] [ERROR] ./src/app/leaderboard/page.tsx:9:3
To use "use cache", please enable the feature flag `cacheComponents` in your Next.js config.
    
    Read more: https://nextjs.org/docs/canary/app/api-reference/directives/use-cache#usage
   7 |
   8 | export default async function ...
>  9 |   "use cache";
     |   ^^^^^^^^^^^
  10 |   cacheLife({ expire: 3600 });
  11 |
  12 |   const [leaderboardData, stat...

Ecmascript file had an error @ http://localhost:3000/_next/static/chunks/0kd0_next_dist_02e_ku3._.js:1945
[  983166ms] [ERROR] ./src/app/components/home-leaderboard.tsx:10:3
To use "use cache", please enable the feature flag `cacheComponents` in your Next.js config.
    
    Read more: https://nextjs.org/docs/canary/app/api-reference/directives/use-cache#usage
   8 |
   9 | export async function HomeLead...
> 10 |   "use cache";
     |   ^^^^^^^^^^^
  11 |   cacheLife({ expire: 3600 });
  12 |
  13 |   // Chamada de API direto no ...

Ecmascript file had an error

Import trace:
  Server Component:
    ./src/app/components/home-leaderboard.tsx
    ./src/app/page.tsx @ http://localhost:3000/_next/static/chunks/0kd0_next_dist_02e_ku3._.js:1945
[  983166ms] [ERROR] ./src/app/leaderboard/page.tsx:9:3
To use "use cache", please enable the feature flag `cacheComponents` in your Next.js config.
    
    Read more: https://nextjs.org/docs/canary/app/api-reference/directives/use-cache#usage
   7 |
   8 | export default async function ...
>  9 |   "use cache";
     |   ^^^^^^^^^^^
  10 |   cacheLife({ expire: 3600 });
  11 |
  12 |   const [leaderboardData, stat...

Ecmascript file had an error @ http://localhost:3000/_next/static/chunks/0kd0_next_dist_02e_ku3._.js:1945
[  983217ms] [ERROR] ./src/app/components/home-leaderboard.tsx:10:3
To use "use cache", please enable the feature flag `cacheComponents` in your Next.js config.
    
    Read more: https://nextjs.org/docs/canary/app/api-reference/directives/use-cache#usage
   8 |
   9 | export async function HomeLead...
> 10 |   "use cache";
     |   ^^^^^^^^^^^
  11 |   cacheLife({ expire: 3600 });
  12 |
  13 |   // Chamada de API direto no ...

Ecmascript file had an error

Import trace:
  Server Component:
    ./src/app/components/home-leaderboard.tsx
    ./src/app/page.tsx @ http://localhost:3000/_next/static/chunks/0kd0_next_dist_02e_ku3._.js:1945
[  983217ms] [ERROR] ./src/app/leaderboard/page.tsx:9:3
To use "use cache", please enable the feature flag `cacheComponents` in your Next.js config.
    
    Read more: https://nextjs.org/docs/canary/app/api-reference/directives/use-cache#usage
   7 |
   8 | export default async function ...
>  9 |   "use cache";
     |   ^^^^^^^^^^^
  10 |   cacheLife({ expire: 3600 });
  11 |
  12 |   const [leaderboardData, stat...

Ecmascript file had an error @ http://localhost:3000/_next/static/chunks/0kd0_next_dist_02e_ku3._.js:1945
[  983268ms] [ERROR] ./src/app/components/home-leaderboard.tsx:10:3
To use "use cache", please enable the feature flag `cacheComponents` in your Next.js config.
    
    Read more: https://nextjs.org/docs/canary/app/api-reference/directives/use-cache#usage
   8 |
   9 | export async function HomeLead...
> 10 |   "use cache";
     |   ^^^^^^^^^^^
  11 |   cacheLife({ expire: 3600 });
  12 |
  13 |   // Chamada de API direto no ...

Ecmascript file had an error

Import trace:
  Server Component:
    ./src/app/components/home-leaderboard.tsx
    ./src/app/page.tsx @ http://localhost:3000/_next/static/chunks/0kd0_next_dist_02e_ku3._.js:1945
[  983268ms] [ERROR] ./src/app/leaderboard/page.tsx:9:3
To use "use cache", please enable the feature flag `cacheComponents` in your Next.js config.
    
    Read more: https://nextjs.org/docs/canary/app/api-reference/directives/use-cache#usage
   7 |
   8 | export default async function ...
>  9 |   "use cache";
     |   ^^^^^^^^^^^
  10 |   cacheLife({ expire: 3600 });
  11 |
  12 |   const [leaderboardData, stat...

Ecmascript file had an error @ http://localhost:3000/_next/static/chunks/0kd0_next_dist_02e_ku3._.js:1945
[  983319ms] [ERROR] ./src/app/components/home-leaderboard.tsx:10:3
To use "use cache", please enable the feature flag `cacheComponents` in your Next.js config.
    
    Read more: https://nextjs.org/docs/canary/app/api-reference/directives/use-cache#usage
   8 |
   9 | export async function HomeLead...
> 10 |   "use cache";
     |   ^^^^^^^^^^^
  11 |   cacheLife({ expire: 3600 });
  12 |
  13 |   // Chamada de API direto no ...

Ecmascript file had an error

Import trace:
  Server Component:
    ./src/app/components/home-leaderboard.tsx
    ./src/app/page.tsx @ http://localhost:3000/_next/static/chunks/0kd0_next_dist_02e_ku3._.js:1945
[  983320ms] [ERROR] ./src/app/leaderboard/page.tsx:9:3
To use "use cache", please enable the feature flag `cacheComponents` in your Next.js config.
    
    Read more: https://nextjs.org/docs/canary/app/api-reference/directives/use-cache#usage
   7 |
   8 | export default async function ...
>  9 |   "use cache";
     |   ^^^^^^^^^^^
  10 |   cacheLife({ expire: 3600 });
  11 |
  12 |   const [leaderboardData, stat...

Ecmascript file had an error @ http://localhost:3000/_next/static/chunks/0kd0_next_dist_02e_ku3._.js:1945
[  983370ms] [ERROR] ./src/app/components/home-leaderboard.tsx:10:3
To use "use cache", please enable the feature flag `cacheComponents` in your Next.js config.
    
    Read more: https://nextjs.org/docs/canary/app/api-reference/directives/use-cache#usage
   8 |
   9 | export async function HomeLead...
> 10 |   "use cache";
     |   ^^^^^^^^^^^
  11 |   cacheLife({ expire: 3600 });
  12 |
  13 |   // Chamada de API direto no ...

Ecmascript file had an error

Import trace:
  Server Component:
    ./src/app/components/home-leaderboard.tsx
    ./src/app/page.tsx @ http://localhost:3000/_next/static/chunks/0kd0_next_dist_02e_ku3._.js:1945
[  983370ms] [ERROR] ./src/app/leaderboard/page.tsx:9:3
To use "use cache", please enable the feature flag `cacheComponents` in your Next.js config.
    
    Read more: https://nextjs.org/docs/canary/app/api-reference/directives/use-cache#usage
   7 |
   8 | export default async function ...
>  9 |   "use cache";
     |   ^^^^^^^^^^^
  10 |   cacheLife({ expire: 3600 });
  11 |
  12 |   const [leaderboardData, stat...

Ecmascript file had an error @ http://localhost:3000/_next/static/chunks/0kd0_next_dist_02e_ku3._.js:1945
[  983420ms] [ERROR] ./src/app/components/home-leaderboard.tsx:10:3
To use "use cache", please enable the feature flag `cacheComponents` in your Next.js config.
    
    Read more: https://nextjs.org/docs/canary/app/api-reference/directives/use-cache#usage
   8 |
   9 | export async function HomeLead...
> 10 |   "use cache";
     |   ^^^^^^^^^^^
  11 |   cacheLife({ expire: 3600 });
  12 |
  13 |   // Chamada de API direto no ...

Ecmascript file had an error

Import trace:
  Server Component:
    ./src/app/components/home-leaderboard.tsx
    ./src/app/page.tsx @ http://localhost:3000/_next/static/chunks/0kd0_next_dist_02e_ku3._.js:1945
[  983420ms] [ERROR] ./src/app/leaderboard/page.tsx:9:3
To use "use cache", please enable the feature flag `cacheComponents` in your Next.js config.
    
    Read more: https://nextjs.org/docs/canary/app/api-reference/directives/use-cache#usage
   7 |
   8 | export default async function ...
>  9 |   "use cache";
     |   ^^^^^^^^^^^
  10 |   cacheLife({ expire: 3600 });
  11 |
  12 |   const [leaderboardData, stat...

Ecmascript file had an error @ http://localhost:3000/_next/static/chunks/0kd0_next_dist_02e_ku3._.js:1945
[  983469ms] [ERROR] ./src/app/components/home-leaderboard.tsx:10:3
To use "use cache", please enable the feature flag `cacheComponents` in your Next.js config.
    
    Read more: https://nextjs.org/docs/canary/app/api-reference/directives/use-cache#usage
   8 |
   9 | export async function HomeLead...
> 10 |   "use cache";
     |   ^^^^^^^^^^^
  11 |   cacheLife({ expire: 3600 });
  12 |
  13 |   // Chamada de API direto no ...

Ecmascript file had an error

Import trace:
  Server Component:
    ./src/app/components/home-leaderboard.tsx
    ./src/app/page.tsx @ http://localhost:3000/_next/static/chunks/0kd0_next_dist_02e_ku3._.js:1945
[  983469ms] [ERROR] ./src/app/leaderboard/page.tsx:9:3
To use "use cache", please enable the feature flag `cacheComponents` in your Next.js config.
    
    Read more: https://nextjs.org/docs/canary/app/api-reference/directives/use-cache#usage
   7 |
   8 | export default async function ...
>  9 |   "use cache";
     |   ^^^^^^^^^^^
  10 |   cacheLife({ expire: 3600 });
  11 |
  12 |   const [leaderboardData, stat...

Ecmascript file had an error @ http://localhost:3000/_next/static/chunks/0kd0_next_dist_02e_ku3._.js:1945
[  983520ms] [ERROR] ./src/app/components/home-leaderboard.tsx:10:3
To use "use cache", please enable the feature flag `cacheComponents` in your Next.js config.
    
    Read more: https://nextjs.org/docs/canary/app/api-reference/directives/use-cache#usage
   8 |
   9 | export async function HomeLead...
> 10 |   "use cache";
     |   ^^^^^^^^^^^
  11 |   cacheLife({ expire: 3600 });
  12 |
  13 |   // Chamada de API direto no ...

Ecmascript file had an error

Import trace:
  Server Component:
    ./src/app/components/home-leaderboard.tsx
    ./src/app/page.tsx @ http://localhost:3000/_next/static/chunks/0kd0_next_dist_02e_ku3._.js:1945
[  983520ms] [ERROR] ./src/app/leaderboard/page.tsx:9:3
To use "use cache", please enable the feature flag `cacheComponents` in your Next.js config.
    
    Read more: https://nextjs.org/docs/canary/app/api-reference/directives/use-cache#usage
   7 |
   8 | export default async function ...
>  9 |   "use cache";
     |   ^^^^^^^^^^^
  10 |   cacheLife({ expire: 3600 });
  11 |
  12 |   const [leaderboardData, stat...

Ecmascript file had an error @ http://localhost:3000/_next/static/chunks/0kd0_next_dist_02e_ku3._.js:1945
[  983564ms] [ERROR] ./src/app/components/home-leaderboard.tsx:10:3
To use "use cache", please enable the feature flag `cacheComponents` in your Next.js config.
    
    Read more: https://nextjs.org/docs/canary/app/api-reference/directives/use-cache#usage
   8 |
   9 | export async function HomeLead...
> 10 |   "use cache";
     |   ^^^^^^^^^^^
  11 |   cacheLife({ expire: 3600 });
  12 |
  13 |   // Chamada de API direto no ...

Ecmascript file had an error

Import trace:
  Server Component:
    ./src/app/components/home-leaderboard.tsx
    ./src/app/page.tsx @ http://localhost:3000/_next/static/chunks/0kd0_next_dist_02e_ku3._.js:1945
[  983564ms] [ERROR] ./src/app/leaderboard/page.tsx:9:3
To use "use cache", please enable the feature flag `cacheComponents` in your Next.js config.
    
    Read more: https://nextjs.org/docs/canary/app/api-reference/directives/use-cache#usage
   7 |
   8 | export default async function ...
>  9 |   "use cache";
     |   ^^^^^^^^^^^
  10 |   cacheLife({ expire: 3600 });
  11 |
  12 |   const [leaderboardData, stat...

Ecmascript file had an error @ http://localhost:3000/_next/static/chunks/0kd0_next_dist_02e_ku3._.js:1945
[  983614ms] [ERROR] ./src/app/components/home-leaderboard.tsx:10:3
To use "use cache", please enable the feature flag `cacheComponents` in your Next.js config.
    
    Read more: https://nextjs.org/docs/canary/app/api-reference/directives/use-cache#usage
   8 |
   9 | export async function HomeLead...
> 10 |   "use cache";
     |   ^^^^^^^^^^^
  11 |   cacheLife({ expire: 3600 });
  12 |
  13 |   // Chamada de API direto no ...

Ecmascript file had an error

Import trace:
  Server Component:
    ./src/app/components/home-leaderboard.tsx
    ./src/app/page.tsx @ http://localhost:3000/_next/static/chunks/0kd0_next_dist_02e_ku3._.js:1945
[  983614ms] [ERROR] ./src/app/leaderboard/page.tsx:9:3
To use "use cache", please enable the feature flag `cacheComponents` in your Next.js config.
    
    Read more: https://nextjs.org/docs/canary/app/api-reference/directives/use-cache#usage
   7 |
   8 | export default async function ...
>  9 |   "use cache";
     |   ^^^^^^^^^^^
  10 |   cacheLife({ expire: 3600 });
  11 |
  12 |   const [leaderboardData, stat...

Ecmascript file had an error @ http://localhost:3000/_next/static/chunks/0kd0_next_dist_02e_ku3._.js:1945
[  983664ms] [ERROR] ./src/app/components/home-leaderboard.tsx:10:3
To use "use cache", please enable the feature flag `cacheComponents` in your Next.js config.
    
    Read more: https://nextjs.org/docs/canary/app/api-reference/directives/use-cache#usage
   8 |
   9 | export async function HomeLead...
> 10 |   "use cache";
     |   ^^^^^^^^^^^
  11 |   cacheLife({ expire: 3600 });
  12 |
  13 |   // Chamada de API direto no ...

Ecmascript file had an error

Import trace:
  Server Component:
    ./src/app/components/home-leaderboard.tsx
    ./src/app/page.tsx @ http://localhost:3000/_next/static/chunks/0kd0_next_dist_02e_ku3._.js:1945
[  983665ms] [ERROR] ./src/app/leaderboard/page.tsx:9:3
To use "use cache", please enable the feature flag `cacheComponents` in your Next.js config.
    
    Read more: https://nextjs.org/docs/canary/app/api-reference/directives/use-cache#usage
   7 |
   8 | export default async function ...
>  9 |   "use cache";
     |   ^^^^^^^^^^^
  10 |   cacheLife({ expire: 3600 });
  11 |
  12 |   const [leaderboardData, stat...

Ecmascript file had an error @ http://localhost:3000/_next/static/chunks/0kd0_next_dist_02e_ku3._.js:1945
[  983712ms] [ERROR] ./src/app/components/home-leaderboard.tsx:10:3
To use "use cache", please enable the feature flag `cacheComponents` in your Next.js config.
    
    Read more: https://nextjs.org/docs/canary/app/api-reference/directives/use-cache#usage
   8 |
   9 | export async function HomeLead...
> 10 |   "use cache";
     |   ^^^^^^^^^^^
  11 |   cacheLife({ expire: 3600 });
  12 |
  13 |   // Chamada de API direto no ...

Ecmascript file had an error

Import trace:
  Server Component:
    ./src/app/components/home-leaderboard.tsx
    ./src/app/page.tsx @ http://localhost:3000/_next/static/chunks/0kd0_next_dist_02e_ku3._.js:1945
[  983712ms] [ERROR] ./src/app/leaderboard/page.tsx:9:3
To use "use cache", please enable the feature flag `cacheComponents` in your Next.js config.
    
    Read more: https://nextjs.org/docs/canary/app/api-reference/directives/use-cache#usage
   7 |
   8 | export default async function ...
>  9 |   "use cache";
     |   ^^^^^^^^^^^
  10 |   cacheLife({ expire: 3600 });
  11 |
  12 |   const [leaderboardData, stat...

Ecmascript file had an error @ http://localhost:3000/_next/static/chunks/0kd0_next_dist_02e_ku3._.js:1945
[  983761ms] [ERROR] ./src/app/components/home-leaderboard.tsx:10:3
To use "use cache", please enable the feature flag `cacheComponents` in your Next.js config.
    
    Read more: https://nextjs.org/docs/canary/app/api-reference/directives/use-cache#usage
   8 |
   9 | export async function HomeLead...
> 10 |   "use cache";
     |   ^^^^^^^^^^^
  11 |   cacheLife({ expire: 3600 });
  12 |
  13 |   // Chamada de API direto no ...

Ecmascript file had an error

Import trace:
  Server Component:
    ./src/app/components/home-leaderboard.tsx
    ./src/app/page.tsx @ http://localhost:3000/_next/static/chunks/0kd0_next_dist_02e_ku3._.js:1945
[  983761ms] [ERROR] ./src/app/leaderboard/page.tsx:9:3
To use "use cache", please enable the feature flag `cacheComponents` in your Next.js config.
    
    Read more: https://nextjs.org/docs/canary/app/api-reference/directives/use-cache#usage
   7 |
   8 | export default async function ...
>  9 |   "use cache";
     |   ^^^^^^^^^^^
  10 |   cacheLife({ expire: 3600 });
  11 |
  12 |   const [leaderboardData, stat...

Ecmascript file had an error @ http://localhost:3000/_next/static/chunks/0kd0_next_dist_02e_ku3._.js:1945
[  983812ms] [ERROR] ./src/app/components/home-leaderboard.tsx:10:3
To use "use cache", please enable the feature flag `cacheComponents` in your Next.js config.
    
    Read more: https://nextjs.org/docs/canary/app/api-reference/directives/use-cache#usage
   8 |
   9 | export async function HomeLead...
> 10 |   "use cache";
     |   ^^^^^^^^^^^
  11 |   cacheLife({ expire: 3600 });
  12 |
  13 |   // Chamada de API direto no ...

Ecmascript file had an error

Import trace:
  Server Component:
    ./src/app/components/home-leaderboard.tsx
    ./src/app/page.tsx @ http://localhost:3000/_next/static/chunks/0kd0_next_dist_02e_ku3._.js:1945
[  983812ms] [ERROR] ./src/app/leaderboard/page.tsx:9:3
To use "use cache", please enable the feature flag `cacheComponents` in your Next.js config.
    
    Read more: https://nextjs.org/docs/canary/app/api-reference/directives/use-cache#usage
   7 |
   8 | export default async function ...
>  9 |   "use cache";
     |   ^^^^^^^^^^^
  10 |   cacheLife({ expire: 3600 });
  11 |
  12 |   const [leaderboardData, stat...

Ecmascript file had an error @ http://localhost:3000/_next/static/chunks/0kd0_next_dist_02e_ku3._.js:1945
[  983860ms] [ERROR] ./src/app/components/home-leaderboard.tsx:10:3
To use "use cache", please enable the feature flag `cacheComponents` in your Next.js config.
    
    Read more: https://nextjs.org/docs/canary/app/api-reference/directives/use-cache#usage
   8 |
   9 | export async function HomeLead...
> 10 |   "use cache";
     |   ^^^^^^^^^^^
  11 |   cacheLife({ expire: 3600 });
  12 |
  13 |   // Chamada de API direto no ...

Ecmascript file had an error

Import trace:
  Server Component:
    ./src/app/components/home-leaderboard.tsx
    ./src/app/page.tsx @ http://localhost:3000/_next/static/chunks/0kd0_next_dist_02e_ku3._.js:1945
[  983860ms] [ERROR] ./src/app/leaderboard/page.tsx:9:3
To use "use cache", please enable the feature flag `cacheComponents` in your Next.js config.
    
    Read more: https://nextjs.org/docs/canary/app/api-reference/directives/use-cache#usage
   7 |
   8 | export default async function ...
>  9 |   "use cache";
     |   ^^^^^^^^^^^
  10 |   cacheLife({ expire: 3600 });
  11 |
  12 |   const [leaderboardData, stat...

Ecmascript file had an error @ http://localhost:3000/_next/static/chunks/0kd0_next_dist_02e_ku3._.js:1945
[  983907ms] [ERROR] ./src/app/components/home-leaderboard.tsx:10:3
To use "use cache", please enable the feature flag `cacheComponents` in your Next.js config.
    
    Read more: https://nextjs.org/docs/canary/app/api-reference/directives/use-cache#usage
   8 |
   9 | export async function HomeLead...
> 10 |   "use cache";
     |   ^^^^^^^^^^^
  11 |   cacheLife({ expire: 3600 });
  12 |
  13 |   // Chamada de API direto no ...

Ecmascript file had an error

Import trace:
  Server Component:
    ./src/app/components/home-leaderboard.tsx
    ./src/app/page.tsx @ http://localhost:3000/_next/static/chunks/0kd0_next_dist_02e_ku3._.js:1945
[  983907ms] [ERROR] ./src/app/leaderboard/page.tsx:9:3
To use "use cache", please enable the feature flag `cacheComponents` in your Next.js config.
    
    Read more: https://nextjs.org/docs/canary/app/api-reference/directives/use-cache#usage
   7 |
   8 | export default async function ...
>  9 |   "use cache";
     |   ^^^^^^^^^^^
  10 |   cacheLife({ expire: 3600 });
  11 |
  12 |   const [leaderboardData, stat...

Ecmascript file had an error @ http://localhost:3000/_next/static/chunks/0kd0_next_dist_02e_ku3._.js:1945
[  983956ms] [ERROR] ./src/app/components/home-leaderboard.tsx:10:3
To use "use cache", please enable the feature flag `cacheComponents` in your Next.js config.
    
    Read more: https://nextjs.org/docs/canary/app/api-reference/directives/use-cache#usage
   8 |
   9 | export async function HomeLead...
> 10 |   "use cache";
     |   ^^^^^^^^^^^
  11 |   cacheLife({ expire: 3600 });
  12 |
  13 |   // Chamada de API direto no ...

Ecmascript file had an error

Import trace:
  Server Component:
    ./src/app/components/home-leaderboard.tsx
    ./src/app/page.tsx @ http://localhost:3000/_next/static/chunks/0kd0_next_dist_02e_ku3._.js:1945
[  983956ms] [ERROR] ./src/app/leaderboard/page.tsx:9:3
To use "use cache", please enable the feature flag `cacheComponents` in your Next.js config.
    
    Read more: https://nextjs.org/docs/canary/app/api-reference/directives/use-cache#usage
   7 |
   8 | export default async function ...
>  9 |   "use cache";
     |   ^^^^^^^^^^^
  10 |   cacheLife({ expire: 3600 });
  11 |
  12 |   const [leaderboardData, stat...

Ecmascript file had an error @ http://localhost:3000/_next/static/chunks/0kd0_next_dist_02e_ku3._.js:1945
[  984005ms] [ERROR] ./src/app/components/home-leaderboard.tsx:10:3
To use "use cache", please enable the feature flag `cacheComponents` in your Next.js config.
    
    Read more: https://nextjs.org/docs/canary/app/api-reference/directives/use-cache#usage
   8 |
   9 | export async function HomeLead...
> 10 |   "use cache";
     |   ^^^^^^^^^^^
  11 |   cacheLife({ expire: 3600 });
  12 |
  13 |   // Chamada de API direto no ...

Ecmascript file had an error

Import trace:
  Server Component:
    ./src/app/components/home-leaderboard.tsx
    ./src/app/page.tsx @ http://localhost:3000/_next/static/chunks/0kd0_next_dist_02e_ku3._.js:1945
[  984005ms] [ERROR] ./src/app/leaderboard/page.tsx:9:3
To use "use cache", please enable the feature flag `cacheComponents` in your Next.js config.
    
    Read more: https://nextjs.org/docs/canary/app/api-reference/directives/use-cache#usage
   7 |
   8 | export default async function ...
>  9 |   "use cache";
     |   ^^^^^^^^^^^
  10 |   cacheLife({ expire: 3600 });
  11 |
  12 |   const [leaderboardData, stat...

Ecmascript file had an error @ http://localhost:3000/_next/static/chunks/0kd0_next_dist_02e_ku3._.js:1945
[  984056ms] [ERROR] ./src/app/components/home-leaderboard.tsx:10:3
To use "use cache", please enable the feature flag `cacheComponents` in your Next.js config.
    
    Read more: https://nextjs.org/docs/canary/app/api-reference/directives/use-cache#usage
   8 |
   9 | export async function HomeLead...
> 10 |   "use cache";
     |   ^^^^^^^^^^^
  11 |   cacheLife({ expire: 3600 });
  12 |
  13 |   // Chamada de API direto no ...

Ecmascript file had an error

Import trace:
  Server Component:
    ./src/app/components/home-leaderboard.tsx
    ./src/app/page.tsx @ http://localhost:3000/_next/static/chunks/0kd0_next_dist_02e_ku3._.js:1945
[  984056ms] [ERROR] ./src/app/leaderboard/page.tsx:9:3
To use "use cache", please enable the feature flag `cacheComponents` in your Next.js config.
    
    Read more: https://nextjs.org/docs/canary/app/api-reference/directives/use-cache#usage
   7 |
   8 | export default async function ...
>  9 |   "use cache";
     |   ^^^^^^^^^^^
  10 |   cacheLife({ expire: 3600 });
  11 |
  12 |   const [leaderboardData, stat...

Ecmascript file had an error @ http://localhost:3000/_next/static/chunks/0kd0_next_dist_02e_ku3._.js:1945
[  984106ms] [ERROR] ./src/app/components/home-leaderboard.tsx:10:3
To use "use cache", please enable the feature flag `cacheComponents` in your Next.js config.
    
    Read more: https://nextjs.org/docs/canary/app/api-reference/directives/use-cache#usage
   8 |
   9 | export async function HomeLead...
> 10 |   "use cache";
     |   ^^^^^^^^^^^
  11 |   cacheLife({ expire: 3600 });
  12 |
  13 |   // Chamada de API direto no ...

Ecmascript file had an error

Import trace:
  Server Component:
    ./src/app/components/home-leaderboard.tsx
    ./src/app/page.tsx @ http://localhost:3000/_next/static/chunks/0kd0_next_dist_02e_ku3._.js:1945
[  984106ms] [ERROR] ./src/app/leaderboard/page.tsx:9:3
To use "use cache", please enable the feature flag `cacheComponents` in your Next.js config.
    
    Read more: https://nextjs.org/docs/canary/app/api-reference/directives/use-cache#usage
   7 |
   8 | export default async function ...
>  9 |   "use cache";
     |   ^^^^^^^^^^^
  10 |   cacheLife({ expire: 3600 });
  11 |
  12 |   const [leaderboardData, stat...

Ecmascript file had an error @ http://localhost:3000/_next/static/chunks/0kd0_next_dist_02e_ku3._.js:1945
[  984156ms] [ERROR] ./src/app/components/home-leaderboard.tsx:10:3
To use "use cache", please enable the feature flag `cacheComponents` in your Next.js config.
    
    Read more: https://nextjs.org/docs/canary/app/api-reference/directives/use-cache#usage
   8 |
   9 | export async function HomeLead...
> 10 |   "use cache";
     |   ^^^^^^^^^^^
  11 |   cacheLife({ expire: 3600 });
  12 |
  13 |   // Chamada de API direto no ...

Ecmascript file had an error

Import trace:
  Server Component:
    ./src/app/components/home-leaderboard.tsx
    ./src/app/page.tsx @ http://localhost:3000/_next/static/chunks/0kd0_next_dist_02e_ku3._.js:1945
[  984156ms] [ERROR] ./src/app/leaderboard/page.tsx:9:3
To use "use cache", please enable the feature flag `cacheComponents` in your Next.js config.
    
    Read more: https://nextjs.org/docs/canary/app/api-reference/directives/use-cache#usage
   7 |
   8 | export default async function ...
>  9 |   "use cache";
     |   ^^^^^^^^^^^
  10 |   cacheLife({ expire: 3600 });
  11 |
  12 |   const [leaderboardData, stat...

Ecmascript file had an error @ http://localhost:3000/_next/static/chunks/0kd0_next_dist_02e_ku3._.js:1945
[  984206ms] [ERROR] ./src/app/components/home-leaderboard.tsx:10:3
To use "use cache", please enable the feature flag `cacheComponents` in your Next.js config.
    
    Read more: https://nextjs.org/docs/canary/app/api-reference/directives/use-cache#usage
   8 |
   9 | export async function HomeLead...
> 10 |   "use cache";
     |   ^^^^^^^^^^^
  11 |   cacheLife({ expire: 3600 });
  12 |
  13 |   // Chamada de API direto no ...

Ecmascript file had an error

Import trace:
  Server Component:
    ./src/app/components/home-leaderboard.tsx
    ./src/app/page.tsx @ http://localhost:3000/_next/static/chunks/0kd0_next_dist_02e_ku3._.js:1945
[  984207ms] [ERROR] ./src/app/leaderboard/page.tsx:9:3
To use "use cache", please enable the feature flag `cacheComponents` in your Next.js config.
    
    Read more: https://nextjs.org/docs/canary/app/api-reference/directives/use-cache#usage
   7 |
   8 | export default async function ...
>  9 |   "use cache";
     |   ^^^^^^^^^^^
  10 |   cacheLife({ expire: 3600 });
  11 |
  12 |   const [leaderboardData, stat...

Ecmascript file had an error @ http://localhost:3000/_next/static/chunks/0kd0_next_dist_02e_ku3._.js:1945
[  984257ms] [ERROR] ./src/app/components/home-leaderboard.tsx:10:3
To use "use cache", please enable the feature flag `cacheComponents` in your Next.js config.
    
    Read more: https://nextjs.org/docs/canary/app/api-reference/directives/use-cache#usage
   8 |
   9 | export async function HomeLead...
> 10 |   "use cache";
     |   ^^^^^^^^^^^
  11 |   cacheLife({ expire: 3600 });
  12 |
  13 |   // Chamada de API direto no ...

Ecmascript file had an error

Import trace:
  Server Component:
    ./src/app/components/home-leaderboard.tsx
    ./src/app/page.tsx @ http://localhost:3000/_next/static/chunks/0kd0_next_dist_02e_ku3._.js:1945
[  984257ms] [ERROR] ./src/app/leaderboard/page.tsx:9:3
To use "use cache", please enable the feature flag `cacheComponents` in your Next.js config.
    
    Read more: https://nextjs.org/docs/canary/app/api-reference/directives/use-cache#usage
   7 |
   8 | export default async function ...
>  9 |   "use cache";
     |   ^^^^^^^^^^^
  10 |   cacheLife({ expire: 3600 });
  11 |
  12 |   const [leaderboardData, stat...

Ecmascript file had an error @ http://localhost:3000/_next/static/chunks/0kd0_next_dist_02e_ku3._.js:1945
[  984307ms] [ERROR] ./src/app/components/home-leaderboard.tsx:10:3
To use "use cache", please enable the feature flag `cacheComponents` in your Next.js config.
    
    Read more: https://nextjs.org/docs/canary/app/api-reference/directives/use-cache#usage
   8 |
   9 | export async function HomeLead...
> 10 |   "use cache";
     |   ^^^^^^^^^^^
  11 |   cacheLife({ expire: 3600 });
  12 |
  13 |   // Chamada de API direto no ...

Ecmascript file had an error

Import trace:
  Server Component:
    ./src/app/components/home-leaderboard.tsx
    ./src/app/page.tsx @ http://localhost:3000/_next/static/chunks/0kd0_next_dist_02e_ku3._.js:1945
[  984307ms] [ERROR] ./src/app/leaderboard/page.tsx:9:3
To use "use cache", please enable the feature flag `cacheComponents` in your Next.js config.
    
    Read more: https://nextjs.org/docs/canary/app/api-reference/directives/use-cache#usage
   7 |
   8 | export default async function ...
>  9 |   "use cache";
     |   ^^^^^^^^^^^
  10 |   cacheLife({ expire: 3600 });
  11 |
  12 |   const [leaderboardData, stat...

Ecmascript file had an error @ http://localhost:3000/_next/static/chunks/0kd0_next_dist_02e_ku3._.js:1945
[  984356ms] [ERROR] ./src/app/components/home-leaderboard.tsx:10:3
To use "use cache", please enable the feature flag `cacheComponents` in your Next.js config.
    
    Read more: https://nextjs.org/docs/canary/app/api-reference/directives/use-cache#usage
   8 |
   9 | export async function HomeLead...
> 10 |   "use cache";
     |   ^^^^^^^^^^^
  11 |   cacheLife({ expire: 3600 });
  12 |
  13 |   // Chamada de API direto no ...

Ecmascript file had an error

Import trace:
  Server Component:
    ./src/app/components/home-leaderboard.tsx
    ./src/app/page.tsx @ http://localhost:3000/_next/static/chunks/0kd0_next_dist_02e_ku3._.js:1945
[  984356ms] [ERROR] ./src/app/leaderboard/page.tsx:9:3
To use "use cache", please enable the feature flag `cacheComponents` in your Next.js config.
    
    Read more: https://nextjs.org/docs/canary/app/api-reference/directives/use-cache#usage
   7 |
   8 | export default async function ...
>  9 |   "use cache";
     |   ^^^^^^^^^^^
  10 |   cacheLife({ expire: 3600 });
  11 |
  12 |   const [leaderboardData, stat...

Ecmascript file had an error @ http://localhost:3000/_next/static/chunks/0kd0_next_dist_02e_ku3._.js:1945
[  984406ms] [ERROR] ./src/app/components/home-leaderboard.tsx:10:3
To use "use cache", please enable the feature flag `cacheComponents` in your Next.js config.
    
    Read more: https://nextjs.org/docs/canary/app/api-reference/directives/use-cache#usage
   8 |
   9 | export async function HomeLead...
> 10 |   "use cache";
     |   ^^^^^^^^^^^
  11 |   cacheLife({ expire: 3600 });
  12 |
  13 |   // Chamada de API direto no ...

Ecmascript file had an error

Import trace:
  Server Component:
    ./src/app/components/home-leaderboard.tsx
    ./src/app/page.tsx @ http://localhost:3000/_next/static/chunks/0kd0_next_dist_02e_ku3._.js:1945
[  984406ms] [ERROR] ./src/app/leaderboard/page.tsx:9:3
To use "use cache", please enable the feature flag `cacheComponents` in your Next.js config.
    
    Read more: https://nextjs.org/docs/canary/app/api-reference/directives/use-cache#usage
   7 |
   8 | export default async function ...
>  9 |   "use cache";
     |   ^^^^^^^^^^^
  10 |   cacheLife({ expire: 3600 });
  11 |
  12 |   const [leaderboardData, stat...

Ecmascript file had an error @ http://localhost:3000/_next/static/chunks/0kd0_next_dist_02e_ku3._.js:1945
[  984457ms] [ERROR] ./src/app/components/home-leaderboard.tsx:10:3
To use "use cache", please enable the feature flag `cacheComponents` in your Next.js config.
    
    Read more: https://nextjs.org/docs/canary/app/api-reference/directives/use-cache#usage
   8 |
   9 | export async function HomeLead...
> 10 |   "use cache";
     |   ^^^^^^^^^^^
  11 |   cacheLife({ expire: 3600 });
  12 |
  13 |   // Chamada de API direto no ...

Ecmascript file had an error

Import trace:
  Server Component:
    ./src/app/components/home-leaderboard.tsx
    ./src/app/page.tsx @ http://localhost:3000/_next/static/chunks/0kd0_next_dist_02e_ku3._.js:1945
[  984457ms] [ERROR] ./src/app/leaderboard/page.tsx:9:3
To use "use cache", please enable the feature flag `cacheComponents` in your Next.js config.
    
    Read more: https://nextjs.org/docs/canary/app/api-reference/directives/use-cache#usage
   7 |
   8 | export default async function ...
>  9 |   "use cache";
     |   ^^^^^^^^^^^
  10 |   cacheLife({ expire: 3600 });
  11 |
  12 |   const [leaderboardData, stat...

Ecmascript file had an error @ http://localhost:3000/_next/static/chunks/0kd0_next_dist_02e_ku3._.js:1945
[  984506ms] [ERROR] ./src/app/components/home-leaderboard.tsx:10:3
To use "use cache", please enable the feature flag `cacheComponents` in your Next.js config.
    
    Read more: https://nextjs.org/docs/canary/app/api-reference/directives/use-cache#usage
   8 |
   9 | export async function HomeLead...
> 10 |   "use cache";
     |   ^^^^^^^^^^^
  11 |   cacheLife({ expire: 3600 });
  12 |
  13 |   // Chamada de API direto no ...

Ecmascript file had an error

Import trace:
  Server Component:
    ./src/app/components/home-leaderboard.tsx
    ./src/app/page.tsx @ http://localhost:3000/_next/static/chunks/0kd0_next_dist_02e_ku3._.js:1945
[  984506ms] [ERROR] ./src/app/leaderboard/page.tsx:9:3
To use "use cache", please enable the feature flag `cacheComponents` in your Next.js config.
    
    Read more: https://nextjs.org/docs/canary/app/api-reference/directives/use-cache#usage
   7 |
   8 | export default async function ...
>  9 |   "use cache";
     |   ^^^^^^^^^^^
  10 |   cacheLife({ expire: 3600 });
  11 |
  12 |   const [leaderboardData, stat...

Ecmascript file had an error @ http://localhost:3000/_next/static/chunks/0kd0_next_dist_02e_ku3._.js:1945
[  984557ms] [ERROR] ./src/app/components/home-leaderboard.tsx:10:3
To use "use cache", please enable the feature flag `cacheComponents` in your Next.js config.
    
    Read more: https://nextjs.org/docs/canary/app/api-reference/directives/use-cache#usage
   8 |
   9 | export async function HomeLead...
> 10 |   "use cache";
     |   ^^^^^^^^^^^
  11 |   cacheLife({ expire: 3600 });
  12 |
  13 |   // Chamada de API direto no ...

Ecmascript file had an error

Import trace:
  Server Component:
    ./src/app/components/home-leaderboard.tsx
    ./src/app/page.tsx @ http://localhost:3000/_next/static/chunks/0kd0_next_dist_02e_ku3._.js:1945
[  984557ms] [ERROR] ./src/app/leaderboard/page.tsx:9:3
To use "use cache", please enable the feature flag `cacheComponents` in your Next.js config.
    
    Read more: https://nextjs.org/docs/canary/app/api-reference/directives/use-cache#usage
   7 |
   8 | export default async function ...
>  9 |   "use cache";
     |   ^^^^^^^^^^^
  10 |   cacheLife({ expire: 3600 });
  11 |
  12 |   const [leaderboardData, stat...

Ecmascript file had an error @ http://localhost:3000/_next/static/chunks/0kd0_next_dist_02e_ku3._.js:1945
[  984607ms] [ERROR] ./src/app/components/home-leaderboard.tsx:10:3
To use "use cache", please enable the feature flag `cacheComponents` in your Next.js config.
    
    Read more: https://nextjs.org/docs/canary/app/api-reference/directives/use-cache#usage
   8 |
   9 | export async function HomeLead...
> 10 |   "use cache";
     |   ^^^^^^^^^^^
  11 |   cacheLife({ expire: 3600 });
  12 |
  13 |   // Chamada de API direto no ...

Ecmascript file had an error

Import trace:
  Server Component:
    ./src/app/components/home-leaderboard.tsx
    ./src/app/page.tsx @ http://localhost:3000/_next/static/chunks/0kd0_next_dist_02e_ku3._.js:1945
[  984607ms] [ERROR] ./src/app/leaderboard/page.tsx:9:3
To use "use cache", please enable the feature flag `cacheComponents` in your Next.js config.
    
    Read more: https://nextjs.org/docs/canary/app/api-reference/directives/use-cache#usage
   7 |
   8 | export default async function ...
>  9 |   "use cache";
     |   ^^^^^^^^^^^
  10 |   cacheLife({ expire: 3600 });
  11 |
  12 |   const [leaderboardData, stat...

Ecmascript file had an error @ http://localhost:3000/_next/static/chunks/0kd0_next_dist_02e_ku3._.js:1945
[  984658ms] [ERROR] ./src/app/components/home-leaderboard.tsx:10:3
To use "use cache", please enable the feature flag `cacheComponents` in your Next.js config.
    
    Read more: https://nextjs.org/docs/canary/app/api-reference/directives/use-cache#usage
   8 |
   9 | export async function HomeLead...
> 10 |   "use cache";
     |   ^^^^^^^^^^^
  11 |   cacheLife({ expire: 3600 });
  12 |
  13 |   // Chamada de API direto no ...

Ecmascript file had an error

Import trace:
  Server Component:
    ./src/app/components/home-leaderboard.tsx
    ./src/app/page.tsx @ http://localhost:3000/_next/static/chunks/0kd0_next_dist_02e_ku3._.js:1945
[  984658ms] [ERROR] ./src/app/leaderboard/page.tsx:9:3
To use "use cache", please enable the feature flag `cacheComponents` in your Next.js config.
    
    Read more: https://nextjs.org/docs/canary/app/api-reference/directives/use-cache#usage
   7 |
   8 | export default async function ...
>  9 |   "use cache";
     |   ^^^^^^^^^^^
  10 |   cacheLife({ expire: 3600 });
  11 |
  12 |   const [leaderboardData, stat...

Ecmascript file had an error @ http://localhost:3000/_next/static/chunks/0kd0_next_dist_02e_ku3._.js:1945
[  984708ms] [ERROR] ./src/app/components/home-leaderboard.tsx:10:3
To use "use cache", please enable the feature flag `cacheComponents` in your Next.js config.
    
    Read more: https://nextjs.org/docs/canary/app/api-reference/directives/use-cache#usage
   8 |
   9 | export async function HomeLead...
> 10 |   "use cache";
     |   ^^^^^^^^^^^
  11 |   cacheLife({ expire: 3600 });
  12 |
  13 |   // Chamada de API direto no ...

Ecmascript file had an error

Import trace:
  Server Component:
    ./src/app/components/home-leaderboard.tsx
    ./src/app/page.tsx @ http://localhost:3000/_next/static/chunks/0kd0_next_dist_02e_ku3._.js:1945
[  984708ms] [ERROR] ./src/app/leaderboard/page.tsx:9:3
To use "use cache", please enable the feature flag `cacheComponents` in your Next.js config.
    
    Read more: https://nextjs.org/docs/canary/app/api-reference/directives/use-cache#usage
   7 |
   8 | export default async function ...
>  9 |   "use cache";
     |   ^^^^^^^^^^^
  10 |   cacheLife({ expire: 3600 });
  11 |
  12 |   const [leaderboardData, stat...

Ecmascript file had an error @ http://localhost:3000/_next/static/chunks/0kd0_next_dist_02e_ku3._.js:1945
[  984748ms] [ERROR] ./src/app/components/home-leaderboard.tsx:10:3
To use "use cache", please enable the feature flag `cacheComponents` in your Next.js config.
    
    Read more: https://nextjs.org/docs/canary/app/api-reference/directives/use-cache#usage
   8 |
   9 | export async function HomeLead...
> 10 |   "use cache";
     |   ^^^^^^^^^^^
  11 |   cacheLife({ expire: 3600 });
  12 |
  13 |   // Chamada de API direto no ...

Ecmascript file had an error

Import trace:
  Server Component:
    ./src/app/components/home-leaderboard.tsx
    ./src/app/page.tsx @ http://localhost:3000/_next/static/chunks/0kd0_next_dist_02e_ku3._.js:1945
[  984748ms] [ERROR] ./src/app/leaderboard/page.tsx:9:3
To use "use cache", please enable the feature flag `cacheComponents` in your Next.js config.
    
    Read more: https://nextjs.org/docs/canary/app/api-reference/directives/use-cache#usage
   7 |
   8 | export default async function ...
>  9 |   "use cache";
     |   ^^^^^^^^^^^
  10 |   cacheLife({ expire: 3600 });
  11 |
  12 |   const [leaderboardData, stat...

Ecmascript file had an error @ http://localhost:3000/_next/static/chunks/0kd0_next_dist_02e_ku3._.js:1945
[  984798ms] [ERROR] ./src/app/components/home-leaderboard.tsx:10:3
To use "use cache", please enable the feature flag `cacheComponents` in your Next.js config.
    
    Read more: https://nextjs.org/docs/canary/app/api-reference/directives/use-cache#usage
   8 |
   9 | export async function HomeLead...
> 10 |   "use cache";
     |   ^^^^^^^^^^^
  11 |   cacheLife({ expire: 3600 });
  12 |
  13 |   // Chamada de API direto no ...

Ecmascript file had an error

Import trace:
  Server Component:
    ./src/app/components/home-leaderboard.tsx
    ./src/app/page.tsx @ http://localhost:3000/_next/static/chunks/0kd0_next_dist_02e_ku3._.js:1945
[  984798ms] [ERROR] ./src/app/leaderboard/page.tsx:9:3
To use "use cache", please enable the feature flag `cacheComponents` in your Next.js config.
    
    Read more: https://nextjs.org/docs/canary/app/api-reference/directives/use-cache#usage
   7 |
   8 | export default async function ...
>  9 |   "use cache";
     |   ^^^^^^^^^^^
  10 |   cacheLife({ expire: 3600 });
  11 |
  12 |   const [leaderboardData, stat...

Ecmascript file had an error @ http://localhost:3000/_next/static/chunks/0kd0_next_dist_02e_ku3._.js:1945
[  984846ms] [ERROR] ./src/app/components/home-leaderboard.tsx:10:3
To use "use cache", please enable the feature flag `cacheComponents` in your Next.js config.
    
    Read more: https://nextjs.org/docs/canary/app/api-reference/directives/use-cache#usage
   8 |
   9 | export async function HomeLead...
> 10 |   "use cache";
     |   ^^^^^^^^^^^
  11 |   cacheLife({ expire: 3600 });
  12 |
  13 |   // Chamada de API direto no ...

Ecmascript file had an error

Import trace:
  Server Component:
    ./src/app/components/home-leaderboard.tsx
    ./src/app/page.tsx @ http://localhost:3000/_next/static/chunks/0kd0_next_dist_02e_ku3._.js:1945
[  984847ms] [ERROR] ./src/app/leaderboard/page.tsx:9:3
To use "use cache", please enable the feature flag `cacheComponents` in your Next.js config.
    
    Read more: https://nextjs.org/docs/canary/app/api-reference/directives/use-cache#usage
   7 |
   8 | export default async function ...
>  9 |   "use cache";
     |   ^^^^^^^^^^^
  10 |   cacheLife({ expire: 3600 });
  11 |
  12 |   const [leaderboardData, stat...

Ecmascript file had an error @ http://localhost:3000/_next/static/chunks/0kd0_next_dist_02e_ku3._.js:1945
[  984889ms] [ERROR] ./src/app/components/home-leaderboard.tsx:10:3
To use "use cache", please enable the feature flag `cacheComponents` in your Next.js config.
    
    Read more: https://nextjs.org/docs/canary/app/api-reference/directives/use-cache#usage
   8 |
   9 | export async function HomeLead...
> 10 |   "use cache";
     |   ^^^^^^^^^^^
  11 |   cacheLife({ expire: 3600 });
  12 |
  13 |   // Chamada de API direto no ...

Ecmascript file had an error

Import trace:
  Server Component:
    ./src/app/components/home-leaderboard.tsx
    ./src/app/page.tsx @ http://localhost:3000/_next/static/chunks/0kd0_next_dist_02e_ku3._.js:1945
[  984890ms] [ERROR] ./src/app/leaderboard/page.tsx:9:3
To use "use cache", please enable the feature flag `cacheComponents` in your Next.js config.
    
    Read more: https://nextjs.org/docs/canary/app/api-reference/directives/use-cache#usage
   7 |
   8 | export default async function ...
>  9 |   "use cache";
     |   ^^^^^^^^^^^
  10 |   cacheLife({ expire: 3600 });
  11 |
  12 |   const [leaderboardData, stat...

Ecmascript file had an error @ http://localhost:3000/_next/static/chunks/0kd0_next_dist_02e_ku3._.js:1945
[  984939ms] [ERROR] ./src/app/components/home-leaderboard.tsx:10:3
To use "use cache", please enable the feature flag `cacheComponents` in your Next.js config.
    
    Read more: https://nextjs.org/docs/canary/app/api-reference/directives/use-cache#usage
   8 |
   9 | export async function HomeLead...
> 10 |   "use cache";
     |   ^^^^^^^^^^^
  11 |   cacheLife({ expire: 3600 });
  12 |
  13 |   // Chamada de API direto no ...

Ecmascript file had an error

Import trace:
  Server Component:
    ./src/app/components/home-leaderboard.tsx
    ./src/app/page.tsx @ http://localhost:3000/_next/static/chunks/0kd0_next_dist_02e_ku3._.js:1945
[  984939ms] [ERROR] ./src/app/leaderboard/page.tsx:9:3
To use "use cache", please enable the feature flag `cacheComponents` in your Next.js config.
    
    Read more: https://nextjs.org/docs/canary/app/api-reference/directives/use-cache#usage
   7 |
   8 | export default async function ...
>  9 |   "use cache";
     |   ^^^^^^^^^^^
  10 |   cacheLife({ expire: 3600 });
  11 |
  12 |   const [leaderboardData, stat...

Ecmascript file had an error @ http://localhost:3000/_next/static/chunks/0kd0_next_dist_02e_ku3._.js:1945
[  984989ms] [ERROR] ./src/app/components/home-leaderboard.tsx:10:3
To use "use cache", please enable the feature flag `cacheComponents` in your Next.js config.
    
    Read more: https://nextjs.org/docs/canary/app/api-reference/directives/use-cache#usage
   8 |
   9 | export async function HomeLead...
> 10 |   "use cache";
     |   ^^^^^^^^^^^
  11 |   cacheLife({ expire: 3600 });
  12 |
  13 |   // Chamada de API direto no ...

Ecmascript file had an error

Import trace:
  Server Component:
    ./src/app/components/home-leaderboard.tsx
    ./src/app/page.tsx @ http://localhost:3000/_next/static/chunks/0kd0_next_dist_02e_ku3._.js:1945
[  984989ms] [ERROR] ./src/app/leaderboard/page.tsx:9:3
To use "use cache", please enable the feature flag `cacheComponents` in your Next.js config.
    
    Read more: https://nextjs.org/docs/canary/app/api-reference/directives/use-cache#usage
   7 |
   8 | export default async function ...
>  9 |   "use cache";
     |   ^^^^^^^^^^^
  10 |   cacheLife({ expire: 3600 });
  11 |
  12 |   const [leaderboardData, stat...

Ecmascript file had an error @ http://localhost:3000/_next/static/chunks/0kd0_next_dist_02e_ku3._.js:1945
[  985042ms] [ERROR] ./src/app/components/home-leaderboard.tsx:10:3
To use "use cache", please enable the feature flag `cacheComponents` in your Next.js config.
    
    Read more: https://nextjs.org/docs/canary/app/api-reference/directives/use-cache#usage
   8 |
   9 | export async function HomeLead...
> 10 |   "use cache";
     |   ^^^^^^^^^^^
  11 |   cacheLife({ expire: 3600 });
  12 |
  13 |   // Chamada de API direto no ...

Ecmascript file had an error

Import trace:
  Server Component:
    ./src/app/components/home-leaderboard.tsx
    ./src/app/page.tsx @ http://localhost:3000/_next/static/chunks/0kd0_next_dist_02e_ku3._.js:1945
[  985042ms] [ERROR] ./src/app/leaderboard/page.tsx:9:3
To use "use cache", please enable the feature flag `cacheComponents` in your Next.js config.
    
    Read more: https://nextjs.org/docs/canary/app/api-reference/directives/use-cache#usage
   7 |
   8 | export default async function ...
>  9 |   "use cache";
     |   ^^^^^^^^^^^
  10 |   cacheLife({ expire: 3600 });
  11 |
  12 |   const [leaderboardData, stat...

Ecmascript file had an error @ http://localhost:3000/_next/static/chunks/0kd0_next_dist_02e_ku3._.js:1945
[  985091ms] [ERROR] ./src/app/components/home-leaderboard.tsx:10:3
To use "use cache", please enable the feature flag `cacheComponents` in your Next.js config.
    
    Read more: https://nextjs.org/docs/canary/app/api-reference/directives/use-cache#usage
   8 |
   9 | export async function HomeLead...
> 10 |   "use cache";
     |   ^^^^^^^^^^^
  11 |   cacheLife({ expire: 3600 });
  12 |
  13 |   // Chamada de API direto no ...

Ecmascript file had an error

Import trace:
  Server Component:
    ./src/app/components/home-leaderboard.tsx
    ./src/app/page.tsx @ http://localhost:3000/_next/static/chunks/0kd0_next_dist_02e_ku3._.js:1945
[  985091ms] [ERROR] ./src/app/leaderboard/page.tsx:9:3
To use "use cache", please enable the feature flag `cacheComponents` in your Next.js config.
    
    Read more: https://nextjs.org/docs/canary/app/api-reference/directives/use-cache#usage
   7 |
   8 | export default async function ...
>  9 |   "use cache";
     |   ^^^^^^^^^^^
  10 |   cacheLife({ expire: 3600 });
  11 |
  12 |   const [leaderboardData, stat...

Ecmascript file had an error @ http://localhost:3000/_next/static/chunks/0kd0_next_dist_02e_ku3._.js:1945
[  985141ms] [ERROR] ./src/app/components/home-leaderboard.tsx:10:3
To use "use cache", please enable the feature flag `cacheComponents` in your Next.js config.
    
    Read more: https://nextjs.org/docs/canary/app/api-reference/directives/use-cache#usage
   8 |
   9 | export async function HomeLead...
> 10 |   "use cache";
     |   ^^^^^^^^^^^
  11 |   cacheLife({ expire: 3600 });
  12 |
  13 |   // Chamada de API direto no ...

Ecmascript file had an error

Import trace:
  Server Component:
    ./src/app/components/home-leaderboard.tsx
    ./src/app/page.tsx @ http://localhost:3000/_next/static/chunks/0kd0_next_dist_02e_ku3._.js:1945
[  985141ms] [ERROR] ./src/app/leaderboard/page.tsx:9:3
To use "use cache", please enable the feature flag `cacheComponents` in your Next.js config.
    
    Read more: https://nextjs.org/docs/canary/app/api-reference/directives/use-cache#usage
   7 |
   8 | export default async function ...
>  9 |   "use cache";
     |   ^^^^^^^^^^^
  10 |   cacheLife({ expire: 3600 });
  11 |
  12 |   const [leaderboardData, stat...

Ecmascript file had an error @ http://localhost:3000/_next/static/chunks/0kd0_next_dist_02e_ku3._.js:1945
[  985189ms] [ERROR] ./src/app/components/home-leaderboard.tsx:10:3
To use "use cache", please enable the feature flag `cacheComponents` in your Next.js config.
    
    Read more: https://nextjs.org/docs/canary/app/api-reference/directives/use-cache#usage
   8 |
   9 | export async function HomeLead...
> 10 |   "use cache";
     |   ^^^^^^^^^^^
  11 |   cacheLife({ expire: 3600 });
  12 |
  13 |   // Chamada de API direto no ...

Ecmascript file had an error

Import trace:
  Server Component:
    ./src/app/components/home-leaderboard.tsx
    ./src/app/page.tsx @ http://localhost:3000/_next/static/chunks/0kd0_next_dist_02e_ku3._.js:1945
[  985189ms] [ERROR] ./src/app/leaderboard/page.tsx:9:3
To use "use cache", please enable the feature flag `cacheComponents` in your Next.js config.
    
    Read more: https://nextjs.org/docs/canary/app/api-reference/directives/use-cache#usage
   7 |
   8 | export default async function ...
>  9 |   "use cache";
     |   ^^^^^^^^^^^
  10 |   cacheLife({ expire: 3600 });
  11 |
  12 |   const [leaderboardData, stat...

Ecmascript file had an error @ http://localhost:3000/_next/static/chunks/0kd0_next_dist_02e_ku3._.js:1945
[  985237ms] [ERROR] ./src/app/components/home-leaderboard.tsx:10:3
To use "use cache", please enable the feature flag `cacheComponents` in your Next.js config.
    
    Read more: https://nextjs.org/docs/canary/app/api-reference/directives/use-cache#usage
   8 |
   9 | export async function HomeLead...
> 10 |   "use cache";
     |   ^^^^^^^^^^^
  11 |   cacheLife({ expire: 3600 });
  12 |
  13 |   // Chamada de API direto no ...

Ecmascript file had an error

Import trace:
  Server Component:
    ./src/app/components/home-leaderboard.tsx
    ./src/app/page.tsx @ http://localhost:3000/_next/static/chunks/0kd0_next_dist_02e_ku3._.js:1945
[  985237ms] [ERROR] ./src/app/leaderboard/page.tsx:9:3
To use "use cache", please enable the feature flag `cacheComponents` in your Next.js config.
    
    Read more: https://nextjs.org/docs/canary/app/api-reference/directives/use-cache#usage
   7 |
   8 | export default async function ...
>  9 |   "use cache";
     |   ^^^^^^^^^^^
  10 |   cacheLife({ expire: 3600 });
  11 |
  12 |   const [leaderboardData, stat...

Ecmascript file had an error @ http://localhost:3000/_next/static/chunks/0kd0_next_dist_02e_ku3._.js:1945
[  985285ms] [ERROR] ./src/app/components/home-leaderboard.tsx:10:3
To use "use cache", please enable the feature flag `cacheComponents` in your Next.js config.
    
    Read more: https://nextjs.org/docs/canary/app/api-reference/directives/use-cache#usage
   8 |
   9 | export async function HomeLead...
> 10 |   "use cache";
     |   ^^^^^^^^^^^
  11 |   cacheLife({ expire: 3600 });
  12 |
  13 |   // Chamada de API direto no ...

Ecmascript file had an error

Import trace:
  Server Component:
    ./src/app/components/home-leaderboard.tsx
    ./src/app/page.tsx @ http://localhost:3000/_next/static/chunks/0kd0_next_dist_02e_ku3._.js:1945
[  985285ms] [ERROR] ./src/app/leaderboard/page.tsx:9:3
To use "use cache", please enable the feature flag `cacheComponents` in your Next.js config.
    
    Read more: https://nextjs.org/docs/canary/app/api-reference/directives/use-cache#usage
   7 |
   8 | export default async function ...
>  9 |   "use cache";
     |   ^^^^^^^^^^^
  10 |   cacheLife({ expire: 3600 });
  11 |
  12 |   const [leaderboardData, stat...

Ecmascript file had an error @ http://localhost:3000/_next/static/chunks/0kd0_next_dist_02e_ku3._.js:1945
[  985334ms] [ERROR] ./src/app/components/home-leaderboard.tsx:10:3
To use "use cache", please enable the feature flag `cacheComponents` in your Next.js config.
    
    Read more: https://nextjs.org/docs/canary/app/api-reference/directives/use-cache#usage
   8 |
   9 | export async function HomeLead...
> 10 |   "use cache";
     |   ^^^^^^^^^^^
  11 |   cacheLife({ expire: 3600 });
  12 |
  13 |   // Chamada de API direto no ...

Ecmascript file had an error

Import trace:
  Server Component:
    ./src/app/components/home-leaderboard.tsx
    ./src/app/page.tsx @ http://localhost:3000/_next/static/chunks/0kd0_next_dist_02e_ku3._.js:1945
[  985334ms] [ERROR] ./src/app/leaderboard/page.tsx:9:3
To use "use cache", please enable the feature flag `cacheComponents` in your Next.js config.
    
    Read more: https://nextjs.org/docs/canary/app/api-reference/directives/use-cache#usage
   7 |
   8 | export default async function ...
>  9 |   "use cache";
     |   ^^^^^^^^^^^
  10 |   cacheLife({ expire: 3600 });
  11 |
  12 |   const [leaderboardData, stat...

Ecmascript file had an error @ http://localhost:3000/_next/static/chunks/0kd0_next_dist_02e_ku3._.js:1945
[  985382ms] [ERROR] ./src/app/components/home-leaderboard.tsx:10:3
To use "use cache", please enable the feature flag `cacheComponents` in your Next.js config.
    
    Read more: https://nextjs.org/docs/canary/app/api-reference/directives/use-cache#usage
   8 |
   9 | export async function HomeLead...
> 10 |   "use cache";
     |   ^^^^^^^^^^^
  11 |   cacheLife({ expire: 3600 });
  12 |
  13 |   // Chamada de API direto no ...

Ecmascript file had an error

Import trace:
  Server Component:
    ./src/app/components/home-leaderboard.tsx
    ./src/app/page.tsx @ http://localhost:3000/_next/static/chunks/0kd0_next_dist_02e_ku3._.js:1945
[  985382ms] [ERROR] ./src/app/leaderboard/page.tsx:9:3
To use "use cache", please enable the feature flag `cacheComponents` in your Next.js config.
    
    Read more: https://nextjs.org/docs/canary/app/api-reference/directives/use-cache#usage
   7 |
   8 | export default async function ...
>  9 |   "use cache";
     |   ^^^^^^^^^^^
  10 |   cacheLife({ expire: 3600 });
  11 |
  12 |   const [leaderboardData, stat...

Ecmascript file had an error @ http://localhost:3000/_next/static/chunks/0kd0_next_dist_02e_ku3._.js:1945
[  985432ms] [ERROR] ./src/app/components/home-leaderboard.tsx:10:3
To use "use cache", please enable the feature flag `cacheComponents` in your Next.js config.
    
    Read more: https://nextjs.org/docs/canary/app/api-reference/directives/use-cache#usage
   8 |
   9 | export async function HomeLead...
> 10 |   "use cache";
     |   ^^^^^^^^^^^
  11 |   cacheLife({ expire: 3600 });
  12 |
  13 |   // Chamada de API direto no ...

Ecmascript file had an error

Import trace:
  Server Component:
    ./src/app/components/home-leaderboard.tsx
    ./src/app/page.tsx @ http://localhost:3000/_next/static/chunks/0kd0_next_dist_02e_ku3._.js:1945
[  985432ms] [ERROR] ./src/app/leaderboard/page.tsx:9:3
To use "use cache", please enable the feature flag `cacheComponents` in your Next.js config.
    
    Read more: https://nextjs.org/docs/canary/app/api-reference/directives/use-cache#usage
   7 |
   8 | export default async function ...
>  9 |   "use cache";
     |   ^^^^^^^^^^^
  10 |   cacheLife({ expire: 3600 });
  11 |
  12 |   const [leaderboardData, stat...

Ecmascript file had an error @ http://localhost:3000/_next/static/chunks/0kd0_next_dist_02e_ku3._.js:1945
[  985482ms] [ERROR] ./src/app/components/home-leaderboard.tsx:10:3
To use "use cache", please enable the feature flag `cacheComponents` in your Next.js config.
    
    Read more: https://nextjs.org/docs/canary/app/api-reference/directives/use-cache#usage
   8 |
   9 | export async function HomeLead...
> 10 |   "use cache";
     |   ^^^^^^^^^^^
  11 |   cacheLife({ expire: 3600 });
  12 |
  13 |   // Chamada de API direto no ...

Ecmascript file had an error

Import trace:
  Server Component:
    ./src/app/components/home-leaderboard.tsx
    ./src/app/page.tsx @ http://localhost:3000/_next/static/chunks/0kd0_next_dist_02e_ku3._.js:1945
[  985482ms] [ERROR] ./src/app/leaderboard/page.tsx:9:3
To use "use cache", please enable the feature flag `cacheComponents` in your Next.js config.
    
    Read more: https://nextjs.org/docs/canary/app/api-reference/directives/use-cache#usage
   7 |
   8 | export default async function ...
>  9 |   "use cache";
     |   ^^^^^^^^^^^
  10 |   cacheLife({ expire: 3600 });
  11 |
  12 |   const [leaderboardData, stat...

Ecmascript file had an error @ http://localhost:3000/_next/static/chunks/0kd0_next_dist_02e_ku3._.js:1945
[  985531ms] [ERROR] ./src/app/components/home-leaderboard.tsx:10:3
To use "use cache", please enable the feature flag `cacheComponents` in your Next.js config.
    
    Read more: https://nextjs.org/docs/canary/app/api-reference/directives/use-cache#usage
   8 |
   9 | export async function HomeLead...
> 10 |   "use cache";
     |   ^^^^^^^^^^^
  11 |   cacheLife({ expire: 3600 });
  12 |
  13 |   // Chamada de API direto no ...

Ecmascript file had an error

Import trace:
  Server Component:
    ./src/app/components/home-leaderboard.tsx
    ./src/app/page.tsx @ http://localhost:3000/_next/static/chunks/0kd0_next_dist_02e_ku3._.js:1945
[  985531ms] [ERROR] ./src/app/leaderboard/page.tsx:9:3
To use "use cache", please enable the feature flag `cacheComponents` in your Next.js config.
    
    Read more: https://nextjs.org/docs/canary/app/api-reference/directives/use-cache#usage
   7 |
   8 | export default async function ...
>  9 |   "use cache";
     |   ^^^^^^^^^^^
  10 |   cacheLife({ expire: 3600 });
  11 |
  12 |   const [leaderboardData, stat...

Ecmascript file had an error @ http://localhost:3000/_next/static/chunks/0kd0_next_dist_02e_ku3._.js:1945
[  985582ms] [ERROR] ./src/app/components/home-leaderboard.tsx:10:3
To use "use cache", please enable the feature flag `cacheComponents` in your Next.js config.
    
    Read more: https://nextjs.org/docs/canary/app/api-reference/directives/use-cache#usage
   8 |
   9 | export async function HomeLead...
> 10 |   "use cache";
     |   ^^^^^^^^^^^
  11 |   cacheLife({ expire: 3600 });
  12 |
  13 |   // Chamada de API direto no ...

Ecmascript file had an error

Import trace:
  Server Component:
    ./src/app/components/home-leaderboard.tsx
    ./src/app/page.tsx @ http://localhost:3000/_next/static/chunks/0kd0_next_dist_02e_ku3._.js:1945
[  985582ms] [ERROR] ./src/app/leaderboard/page.tsx:9:3
To use "use cache", please enable the feature flag `cacheComponents` in your Next.js config.
    
    Read more: https://nextjs.org/docs/canary/app/api-reference/directives/use-cache#usage
   7 |
   8 | export default async function ...
>  9 |   "use cache";
     |   ^^^^^^^^^^^
  10 |   cacheLife({ expire: 3600 });
  11 |
  12 |   const [leaderboardData, stat...

Ecmascript file had an error @ http://localhost:3000/_next/static/chunks/0kd0_next_dist_02e_ku3._.js:1945
[  985632ms] [ERROR] ./src/app/components/home-leaderboard.tsx:10:3
To use "use cache", please enable the feature flag `cacheComponents` in your Next.js config.
    
    Read more: https://nextjs.org/docs/canary/app/api-reference/directives/use-cache#usage
   8 |
   9 | export async function HomeLead...
> 10 |   "use cache";
     |   ^^^^^^^^^^^
  11 |   cacheLife({ expire: 3600 });
  12 |
  13 |   // Chamada de API direto no ...

Ecmascript file had an error

Import trace:
  Server Component:
    ./src/app/components/home-leaderboard.tsx
    ./src/app/page.tsx @ http://localhost:3000/_next/static/chunks/0kd0_next_dist_02e_ku3._.js:1945
[  985632ms] [ERROR] ./src/app/leaderboard/page.tsx:9:3
To use "use cache", please enable the feature flag `cacheComponents` in your Next.js config.
    
    Read more: https://nextjs.org/docs/canary/app/api-reference/directives/use-cache#usage
   7 |
   8 | export default async function ...
>  9 |   "use cache";
     |   ^^^^^^^^^^^
  10 |   cacheLife({ expire: 3600 });
  11 |
  12 |   const [leaderboardData, stat...

Ecmascript file had an error @ http://localhost:3000/_next/static/chunks/0kd0_next_dist_02e_ku3._.js:1945
[  985682ms] [ERROR] ./src/app/components/home-leaderboard.tsx:10:3
To use "use cache", please enable the feature flag `cacheComponents` in your Next.js config.
    
    Read more: https://nextjs.org/docs/canary/app/api-reference/directives/use-cache#usage
   8 |
   9 | export async function HomeLead...
> 10 |   "use cache";
     |   ^^^^^^^^^^^
  11 |   cacheLife({ expire: 3600 });
  12 |
  13 |   // Chamada de API direto no ...

Ecmascript file had an error

Import trace:
  Server Component:
    ./src/app/components/home-leaderboard.tsx
    ./src/app/page.tsx @ http://localhost:3000/_next/static/chunks/0kd0_next_dist_02e_ku3._.js:1945
[  985682ms] [ERROR] ./src/app/leaderboard/page.tsx:9:3
To use "use cache", please enable the feature flag `cacheComponents` in your Next.js config.
    
    Read more: https://nextjs.org/docs/canary/app/api-reference/directives/use-cache#usage
   7 |
   8 | export default async function ...
>  9 |   "use cache";
     |   ^^^^^^^^^^^
  10 |   cacheLife({ expire: 3600 });
  11 |
  12 |   const [leaderboardData, stat...

Ecmascript file had an error @ http://localhost:3000/_next/static/chunks/0kd0_next_dist_02e_ku3._.js:1945
[  985733ms] [ERROR] ./src/app/components/home-leaderboard.tsx:10:3
To use "use cache", please enable the feature flag `cacheComponents` in your Next.js config.
    
    Read more: https://nextjs.org/docs/canary/app/api-reference/directives/use-cache#usage
   8 |
   9 | export async function HomeLead...
> 10 |   "use cache";
     |   ^^^^^^^^^^^
  11 |   cacheLife({ expire: 3600 });
  12 |
  13 |   // Chamada de API direto no ...

Ecmascript file had an error

Import trace:
  Server Component:
    ./src/app/components/home-leaderboard.tsx
    ./src/app/page.tsx @ http://localhost:3000/_next/static/chunks/0kd0_next_dist_02e_ku3._.js:1945
[  985733ms] [ERROR] ./src/app/leaderboard/page.tsx:9:3
To use "use cache", please enable the feature flag `cacheComponents` in your Next.js config.
    
    Read more: https://nextjs.org/docs/canary/app/api-reference/directives/use-cache#usage
   7 |
   8 | export default async function ...
>  9 |   "use cache";
     |   ^^^^^^^^^^^
  10 |   cacheLife({ expire: 3600 });
  11 |
  12 |   const [leaderboardData, stat...

Ecmascript file had an error @ http://localhost:3000/_next/static/chunks/0kd0_next_dist_02e_ku3._.js:1945
[  985785ms] [ERROR] ./src/app/components/home-leaderboard.tsx:10:3
To use "use cache", please enable the feature flag `cacheComponents` in your Next.js config.
    
    Read more: https://nextjs.org/docs/canary/app/api-reference/directives/use-cache#usage
   8 |
   9 | export async function HomeLead...
> 10 |   "use cache";
     |   ^^^^^^^^^^^
  11 |   cacheLife({ expire: 3600 });
  12 |
  13 |   // Chamada de API direto no ...

Ecmascript file had an error

Import trace:
  Server Component:
    ./src/app/components/home-leaderboard.tsx
    ./src/app/page.tsx @ http://localhost:3000/_next/static/chunks/0kd0_next_dist_02e_ku3._.js:1945
[  985785ms] [ERROR] ./src/app/leaderboard/page.tsx:9:3
To use "use cache", please enable the feature flag `cacheComponents` in your Next.js config.
    
    Read more: https://nextjs.org/docs/canary/app/api-reference/directives/use-cache#usage
   7 |
   8 | export default async function ...
>  9 |   "use cache";
     |   ^^^^^^^^^^^
  10 |   cacheLife({ expire: 3600 });
  11 |
  12 |   const [leaderboardData, stat...

Ecmascript file had an error @ http://localhost:3000/_next/static/chunks/0kd0_next_dist_02e_ku3._.js:1945
[  985842ms] [ERROR] ./src/app/components/home-leaderboard.tsx:10:3
To use "use cache", please enable the feature flag `cacheComponents` in your Next.js config.
    
    Read more: https://nextjs.org/docs/canary/app/api-reference/directives/use-cache#usage
   8 |
   9 | export async function HomeLead...
> 10 |   "use cache";
     |   ^^^^^^^^^^^
  11 |   cacheLife({ expire: 3600 });
  12 |
  13 |   // Chamada de API direto no ...

Ecmascript file had an error

Import trace:
  Server Component:
    ./src/app/components/home-leaderboard.tsx
    ./src/app/page.tsx @ http://localhost:3000/_next/static/chunks/0kd0_next_dist_02e_ku3._.js:1945
[  985842ms] [ERROR] ./src/app/leaderboard/page.tsx:9:3
To use "use cache", please enable the feature flag `cacheComponents` in your Next.js config.
    
    Read more: https://nextjs.org/docs/canary/app/api-reference/directives/use-cache#usage
   7 |
   8 | export default async function ...
>  9 |   "use cache";
     |   ^^^^^^^^^^^
  10 |   cacheLife({ expire: 3600 });
  11 |
  12 |   const [leaderboardData, stat...

Ecmascript file had an error @ http://localhost:3000/_next/static/chunks/0kd0_next_dist_02e_ku3._.js:1945
[  985893ms] [ERROR] ./src/app/components/home-leaderboard.tsx:10:3
To use "use cache", please enable the feature flag `cacheComponents` in your Next.js config.
    
    Read more: https://nextjs.org/docs/canary/app/api-reference/directives/use-cache#usage
   8 |
   9 | export async function HomeLead...
> 10 |   "use cache";
     |   ^^^^^^^^^^^
  11 |   cacheLife({ expire: 3600 });
  12 |
  13 |   // Chamada de API direto no ...

Ecmascript file had an error

Import trace:
  Server Component:
    ./src/app/components/home-leaderboard.tsx
    ./src/app/page.tsx @ http://localhost:3000/_next/static/chunks/0kd0_next_dist_02e_ku3._.js:1945
[  985893ms] [ERROR] ./src/app/leaderboard/page.tsx:9:3
To use "use cache", please enable the feature flag `cacheComponents` in your Next.js config.
    
    Read more: https://nextjs.org/docs/canary/app/api-reference/directives/use-cache#usage
   7 |
   8 | export default async function ...
>  9 |   "use cache";
     |   ^^^^^^^^^^^
  10 |   cacheLife({ expire: 3600 });
  11 |
  12 |   const [leaderboardData, stat...

Ecmascript file had an error @ http://localhost:3000/_next/static/chunks/0kd0_next_dist_02e_ku3._.js:1945
[  985940ms] [ERROR] ./src/app/components/home-leaderboard.tsx:10:3
To use "use cache", please enable the feature flag `cacheComponents` in your Next.js config.
    
    Read more: https://nextjs.org/docs/canary/app/api-reference/directives/use-cache#usage
   8 |
   9 | export async function HomeLead...
> 10 |   "use cache";
     |   ^^^^^^^^^^^
  11 |   cacheLife({ expire: 3600 });
  12 |
  13 |   // Chamada de API direto no ...

Ecmascript file had an error

Import trace:
  Server Component:
    ./src/app/components/home-leaderboard.tsx
    ./src/app/page.tsx @ http://localhost:3000/_next/static/chunks/0kd0_next_dist_02e_ku3._.js:1945
[  985940ms] [ERROR] ./src/app/leaderboard/page.tsx:9:3
To use "use cache", please enable the feature flag `cacheComponents` in your Next.js config.
    
    Read more: https://nextjs.org/docs/canary/app/api-reference/directives/use-cache#usage
   7 |
   8 | export default async function ...
>  9 |   "use cache";
     |   ^^^^^^^^^^^
  10 |   cacheLife({ expire: 3600 });
  11 |
  12 |   const [leaderboardData, stat...

Ecmascript file had an error @ http://localhost:3000/_next/static/chunks/0kd0_next_dist_02e_ku3._.js:1945
[  985988ms] [ERROR] ./src/app/components/home-leaderboard.tsx:10:3
To use "use cache", please enable the feature flag `cacheComponents` in your Next.js config.
    
    Read more: https://nextjs.org/docs/canary/app/api-reference/directives/use-cache#usage
   8 |
   9 | export async function HomeLead...
> 10 |   "use cache";
     |   ^^^^^^^^^^^
  11 |   cacheLife({ expire: 3600 });
  12 |
  13 |   // Chamada de API direto no ...

Ecmascript file had an error

Import trace:
  Server Component:
    ./src/app/components/home-leaderboard.tsx
    ./src/app/page.tsx @ http://localhost:3000/_next/static/chunks/0kd0_next_dist_02e_ku3._.js:1945
[  985988ms] [ERROR] ./src/app/leaderboard/page.tsx:9:3
To use "use cache", please enable the feature flag `cacheComponents` in your Next.js config.
    
    Read more: https://nextjs.org/docs/canary/app/api-reference/directives/use-cache#usage
   7 |
   8 | export default async function ...
>  9 |   "use cache";
     |   ^^^^^^^^^^^
  10 |   cacheLife({ expire: 3600 });
  11 |
  12 |   const [leaderboardData, stat...

Ecmascript file had an error @ http://localhost:3000/_next/static/chunks/0kd0_next_dist_02e_ku3._.js:1945
[  986036ms] [ERROR] ./src/app/components/home-leaderboard.tsx:10:3
To use "use cache", please enable the feature flag `cacheComponents` in your Next.js config.
    
    Read more: https://nextjs.org/docs/canary/app/api-reference/directives/use-cache#usage
   8 |
   9 | export async function HomeLead...
> 10 |   "use cache";
     |   ^^^^^^^^^^^
  11 |   cacheLife({ expire: 3600 });
  12 |
  13 |   // Chamada de API direto no ...

Ecmascript file had an error

Import trace:
  Server Component:
    ./src/app/components/home-leaderboard.tsx
    ./src/app/page.tsx @ http://localhost:3000/_next/static/chunks/0kd0_next_dist_02e_ku3._.js:1945
[  986036ms] [ERROR] ./src/app/leaderboard/page.tsx:9:3
To use "use cache", please enable the feature flag `cacheComponents` in your Next.js config.
    
    Read more: https://nextjs.org/docs/canary/app/api-reference/directives/use-cache#usage
   7 |
   8 | export default async function ...
>  9 |   "use cache";
     |   ^^^^^^^^^^^
  10 |   cacheLife({ expire: 3600 });
  11 |
  12 |   const [leaderboardData, stat...

Ecmascript file had an error @ http://localhost:3000/_next/static/chunks/0kd0_next_dist_02e_ku3._.js:1945
[  986084ms] [ERROR] ./src/app/components/home-leaderboard.tsx:10:3
To use "use cache", please enable the feature flag `cacheComponents` in your Next.js config.
    
    Read more: https://nextjs.org/docs/canary/app/api-reference/directives/use-cache#usage
   8 |
   9 | export async function HomeLead...
> 10 |   "use cache";
     |   ^^^^^^^^^^^
  11 |   cacheLife({ expire: 3600 });
  12 |
  13 |   // Chamada de API direto no ...

Ecmascript file had an error

Import trace:
  Server Component:
    ./src/app/components/home-leaderboard.tsx
    ./src/app/page.tsx @ http://localhost:3000/_next/static/chunks/0kd0_next_dist_02e_ku3._.js:1945
[  986084ms] [ERROR] ./src/app/leaderboard/page.tsx:9:3
To use "use cache", please enable the feature flag `cacheComponents` in your Next.js config.
    
    Read more: https://nextjs.org/docs/canary/app/api-reference/directives/use-cache#usage
   7 |
   8 | export default async function ...
>  9 |   "use cache";
     |   ^^^^^^^^^^^
  10 |   cacheLife({ expire: 3600 });
  11 |
  12 |   const [leaderboardData, stat...

Ecmascript file had an error @ http://localhost:3000/_next/static/chunks/0kd0_next_dist_02e_ku3._.js:1945
[  986128ms] [ERROR] ./src/app/components/home-leaderboard.tsx:10:3
To use "use cache", please enable the feature flag `cacheComponents` in your Next.js config.
    
    Read more: https://nextjs.org/docs/canary/app/api-reference/directives/use-cache#usage
   8 |
   9 | export async function HomeLead...
> 10 |   "use cache";
     |   ^^^^^^^^^^^
  11 |   cacheLife({ expire: 3600 });
  12 |
  13 |   // Chamada de API direto no ...

Ecmascript file had an error

Import trace:
  Server Component:
    ./src/app/components/home-leaderboard.tsx
    ./src/app/page.tsx @ http://localhost:3000/_next/static/chunks/0kd0_next_dist_02e_ku3._.js:1945
[  986128ms] [ERROR] ./src/app/leaderboard/page.tsx:9:3
To use "use cache", please enable the feature flag `cacheComponents` in your Next.js config.
    
    Read more: https://nextjs.org/docs/canary/app/api-reference/directives/use-cache#usage
   7 |
   8 | export default async function ...
>  9 |   "use cache";
     |   ^^^^^^^^^^^
  10 |   cacheLife({ expire: 3600 });
  11 |
  12 |   const [leaderboardData, stat...

Ecmascript file had an error @ http://localhost:3000/_next/static/chunks/0kd0_next_dist_02e_ku3._.js:1945
[  986175ms] [ERROR] ./src/app/components/home-leaderboard.tsx:10:3
To use "use cache", please enable the feature flag `cacheComponents` in your Next.js config.
    
    Read more: https://nextjs.org/docs/canary/app/api-reference/directives/use-cache#usage
   8 |
   9 | export async function HomeLead...
> 10 |   "use cache";
     |   ^^^^^^^^^^^
  11 |   cacheLife({ expire: 3600 });
  12 |
  13 |   // Chamada de API direto no ...

Ecmascript file had an error

Import trace:
  Server Component:
    ./src/app/components/home-leaderboard.tsx
    ./src/app/page.tsx @ http://localhost:3000/_next/static/chunks/0kd0_next_dist_02e_ku3._.js:1945
[  986175ms] [ERROR] ./src/app/leaderboard/page.tsx:9:3
To use "use cache", please enable the feature flag `cacheComponents` in your Next.js config.
    
    Read more: https://nextjs.org/docs/canary/app/api-reference/directives/use-cache#usage
   7 |
   8 | export default async function ...
>  9 |   "use cache";
     |   ^^^^^^^^^^^
  10 |   cacheLife({ expire: 3600 });
  11 |
  12 |   const [leaderboardData, stat...

Ecmascript file had an error @ http://localhost:3000/_next/static/chunks/0kd0_next_dist_02e_ku3._.js:1945
[  986212ms] [ERROR] ./src/app/components/home-leaderboard.tsx:10:3
To use "use cache", please enable the feature flag `cacheComponents` in your Next.js config.
    
    Read more: https://nextjs.org/docs/canary/app/api-reference/directives/use-cache#usage
   8 |
   9 | export async function HomeLead...
> 10 |   "use cache";
     |   ^^^^^^^^^^^
  11 |   cacheLife({ expire: 3600 });
  12 |
  13 |   // Chamada de API direto no ...

Ecmascript file had an error

Import trace:
  Server Component:
    ./src/app/components/home-leaderboard.tsx
    ./src/app/page.tsx @ http://localhost:3000/_next/static/chunks/0kd0_next_dist_02e_ku3._.js:1945
[  986212ms] [ERROR] ./src/app/leaderboard/page.tsx:9:3
To use "use cache", please enable the feature flag `cacheComponents` in your Next.js config.
    
    Read more: https://nextjs.org/docs/canary/app/api-reference/directives/use-cache#usage
   7 |
   8 | export default async function ...
>  9 |   "use cache";
     |   ^^^^^^^^^^^
  10 |   cacheLife({ expire: 3600 });
  11 |
  12 |   const [leaderboardData, stat...

Ecmascript file had an error @ http://localhost:3000/_next/static/chunks/0kd0_next_dist_02e_ku3._.js:1945
[  986262ms] [ERROR] ./src/app/components/home-leaderboard.tsx:10:3
To use "use cache", please enable the feature flag `cacheComponents` in your Next.js config.
    
    Read more: https://nextjs.org/docs/canary/app/api-reference/directives/use-cache#usage
   8 |
   9 | export async function HomeLead...
> 10 |   "use cache";
     |   ^^^^^^^^^^^
  11 |   cacheLife({ expire: 3600 });
  12 |
  13 |   // Chamada de API direto no ...

Ecmascript file had an error

Import trace:
  Server Component:
    ./src/app/components/home-leaderboard.tsx
    ./src/app/page.tsx @ http://localhost:3000/_next/static/chunks/0kd0_next_dist_02e_ku3._.js:1945
[  986262ms] [ERROR] ./src/app/leaderboard/page.tsx:9:3
To use "use cache", please enable the feature flag `cacheComponents` in your Next.js config.
    
    Read more: https://nextjs.org/docs/canary/app/api-reference/directives/use-cache#usage
   7 |
   8 | export default async function ...
>  9 |   "use cache";
     |   ^^^^^^^^^^^
  10 |   cacheLife({ expire: 3600 });
  11 |
  12 |   const [leaderboardData, stat...

Ecmascript file had an error @ http://localhost:3000/_next/static/chunks/0kd0_next_dist_02e_ku3._.js:1945
[  986311ms] [ERROR] ./src/app/components/home-leaderboard.tsx:10:3
To use "use cache", please enable the feature flag `cacheComponents` in your Next.js config.
    
    Read more: https://nextjs.org/docs/canary/app/api-reference/directives/use-cache#usage
   8 |
   9 | export async function HomeLead...
> 10 |   "use cache";
     |   ^^^^^^^^^^^
  11 |   cacheLife({ expire: 3600 });
  12 |
  13 |   // Chamada de API direto no ...

Ecmascript file had an error

Import trace:
  Server Component:
    ./src/app/components/home-leaderboard.tsx
    ./src/app/page.tsx @ http://localhost:3000/_next/static/chunks/0kd0_next_dist_02e_ku3._.js:1945
[  986311ms] [ERROR] ./src/app/leaderboard/page.tsx:9:3
To use "use cache", please enable the feature flag `cacheComponents` in your Next.js config.
    
    Read more: https://nextjs.org/docs/canary/app/api-reference/directives/use-cache#usage
   7 |
   8 | export default async function ...
>  9 |   "use cache";
     |   ^^^^^^^^^^^
  10 |   cacheLife({ expire: 3600 });
  11 |
  12 |   const [leaderboardData, stat...

Ecmascript file had an error @ http://localhost:3000/_next/static/chunks/0kd0_next_dist_02e_ku3._.js:1945
[  986360ms] [ERROR] ./src/app/components/home-leaderboard.tsx:10:3
To use "use cache", please enable the feature flag `cacheComponents` in your Next.js config.
    
    Read more: https://nextjs.org/docs/canary/app/api-reference/directives/use-cache#usage
   8 |
   9 | export async function HomeLead...
> 10 |   "use cache";
     |   ^^^^^^^^^^^
  11 |   cacheLife({ expire: 3600 });
  12 |
  13 |   // Chamada de API direto no ...

Ecmascript file had an error

Import trace:
  Server Component:
    ./src/app/components/home-leaderboard.tsx
    ./src/app/page.tsx @ http://localhost:3000/_next/static/chunks/0kd0_next_dist_02e_ku3._.js:1945
[  986360ms] [ERROR] ./src/app/leaderboard/page.tsx:9:3
To use "use cache", please enable the feature flag `cacheComponents` in your Next.js config.
    
    Read more: https://nextjs.org/docs/canary/app/api-reference/directives/use-cache#usage
   7 |
   8 | export default async function ...
>  9 |   "use cache";
     |   ^^^^^^^^^^^
  10 |   cacheLife({ expire: 3600 });
  11 |
  12 |   const [leaderboardData, stat...

Ecmascript file had an error @ http://localhost:3000/_next/static/chunks/0kd0_next_dist_02e_ku3._.js:1945
[  986407ms] [ERROR] ./src/app/components/home-leaderboard.tsx:10:3
To use "use cache", please enable the feature flag `cacheComponents` in your Next.js config.
    
    Read more: https://nextjs.org/docs/canary/app/api-reference/directives/use-cache#usage
   8 |
   9 | export async function HomeLead...
> 10 |   "use cache";
     |   ^^^^^^^^^^^
  11 |   cacheLife({ expire: 3600 });
  12 |
  13 |   // Chamada de API direto no ...

Ecmascript file had an error

Import trace:
  Server Component:
    ./src/app/components/home-leaderboard.tsx
    ./src/app/page.tsx @ http://localhost:3000/_next/static/chunks/0kd0_next_dist_02e_ku3._.js:1945
[  986407ms] [ERROR] ./src/app/leaderboard/page.tsx:9:3
To use "use cache", please enable the feature flag `cacheComponents` in your Next.js config.
    
    Read more: https://nextjs.org/docs/canary/app/api-reference/directives/use-cache#usage
   7 |
   8 | export default async function ...
>  9 |   "use cache";
     |   ^^^^^^^^^^^
  10 |   cacheLife({ expire: 3600 });
  11 |
  12 |   const [leaderboardData, stat...

Ecmascript file had an error @ http://localhost:3000/_next/static/chunks/0kd0_next_dist_02e_ku3._.js:1945
[  986456ms] [ERROR] ./src/app/components/home-leaderboard.tsx:10:3
To use "use cache", please enable the feature flag `cacheComponents` in your Next.js config.
    
    Read more: https://nextjs.org/docs/canary/app/api-reference/directives/use-cache#usage
   8 |
   9 | export async function HomeLead...
> 10 |   "use cache";
     |   ^^^^^^^^^^^
  11 |   cacheLife({ expire: 3600 });
  12 |
  13 |   // Chamada de API direto no ...

Ecmascript file had an error

Import trace:
  Server Component:
    ./src/app/components/home-leaderboard.tsx
    ./src/app/page.tsx @ http://localhost:3000/_next/static/chunks/0kd0_next_dist_02e_ku3._.js:1945
[  986456ms] [ERROR] ./src/app/leaderboard/page.tsx:9:3
To use "use cache", please enable the feature flag `cacheComponents` in your Next.js config.
    
    Read more: https://nextjs.org/docs/canary/app/api-reference/directives/use-cache#usage
   7 |
   8 | export default async function ...
>  9 |   "use cache";
     |   ^^^^^^^^^^^
  10 |   cacheLife({ expire: 3600 });
  11 |
  12 |   const [leaderboardData, stat...

Ecmascript file had an error @ http://localhost:3000/_next/static/chunks/0kd0_next_dist_02e_ku3._.js:1945
[  986506ms] [ERROR] ./src/app/components/home-leaderboard.tsx:10:3
To use "use cache", please enable the feature flag `cacheComponents` in your Next.js config.
    
    Read more: https://nextjs.org/docs/canary/app/api-reference/directives/use-cache#usage
   8 |
   9 | export async function HomeLead...
> 10 |   "use cache";
     |   ^^^^^^^^^^^
  11 |   cacheLife({ expire: 3600 });
  12 |
  13 |   // Chamada de API direto no ...

Ecmascript file had an error

Import trace:
  Server Component:
    ./src/app/components/home-leaderboard.tsx
    ./src/app/page.tsx @ http://localhost:3000/_next/static/chunks/0kd0_next_dist_02e_ku3._.js:1945
[  986507ms] [ERROR] ./src/app/leaderboard/page.tsx:9:3
To use "use cache", please enable the feature flag `cacheComponents` in your Next.js config.
    
    Read more: https://nextjs.org/docs/canary/app/api-reference/directives/use-cache#usage
   7 |
   8 | export default async function ...
>  9 |   "use cache";
     |   ^^^^^^^^^^^
  10 |   cacheLife({ expire: 3600 });
  11 |
  12 |   const [leaderboardData, stat...

Ecmascript file had an error @ http://localhost:3000/_next/static/chunks/0kd0_next_dist_02e_ku3._.js:1945
[  986546ms] [ERROR] ./src/app/components/home-leaderboard.tsx:10:3
To use "use cache", please enable the feature flag `cacheComponents` in your Next.js config.
    
    Read more: https://nextjs.org/docs/canary/app/api-reference/directives/use-cache#usage
   8 |
   9 | export async function HomeLead...
> 10 |   "use cache";
     |   ^^^^^^^^^^^
  11 |   cacheLife({ expire: 3600 });
  12 |
  13 |   // Chamada de API direto no ...

Ecmascript file had an error

Import trace:
  Server Component:
    ./src/app/components/home-leaderboard.tsx
    ./src/app/page.tsx @ http://localhost:3000/_next/static/chunks/0kd0_next_dist_02e_ku3._.js:1945
[  986546ms] [ERROR] ./src/app/leaderboard/page.tsx:9:3
To use "use cache", please enable the feature flag `cacheComponents` in your Next.js config.
    
    Read more: https://nextjs.org/docs/canary/app/api-reference/directives/use-cache#usage
   7 |
   8 | export default async function ...
>  9 |   "use cache";
     |   ^^^^^^^^^^^
  10 |   cacheLife({ expire: 3600 });
  11 |
  12 |   const [leaderboardData, stat...

Ecmascript file had an error @ http://localhost:3000/_next/static/chunks/0kd0_next_dist_02e_ku3._.js:1945
[  986597ms] [ERROR] ./src/app/components/home-leaderboard.tsx:10:3
To use "use cache", please enable the feature flag `cacheComponents` in your Next.js config.
    
    Read more: https://nextjs.org/docs/canary/app/api-reference/directives/use-cache#usage
   8 |
   9 | export async function HomeLead...
> 10 |   "use cache";
     |   ^^^^^^^^^^^
  11 |   cacheLife({ expire: 3600 });
  12 |
  13 |   // Chamada de API direto no ...

Ecmascript file had an error

Import trace:
  Server Component:
    ./src/app/components/home-leaderboard.tsx
    ./src/app/page.tsx @ http://localhost:3000/_next/static/chunks/0kd0_next_dist_02e_ku3._.js:1945
[  986597ms] [ERROR] ./src/app/leaderboard/page.tsx:9:3
To use "use cache", please enable the feature flag `cacheComponents` in your Next.js config.
    
    Read more: https://nextjs.org/docs/canary/app/api-reference/directives/use-cache#usage
   7 |
   8 | export default async function ...
>  9 |   "use cache";
     |   ^^^^^^^^^^^
  10 |   cacheLife({ expire: 3600 });
  11 |
  12 |   const [leaderboardData, stat...

Ecmascript file had an error @ http://localhost:3000/_next/static/chunks/0kd0_next_dist_02e_ku3._.js:1945
[  986649ms] [ERROR] ./src/app/components/home-leaderboard.tsx:10:3
To use "use cache", please enable the feature flag `cacheComponents` in your Next.js config.
    
    Read more: https://nextjs.org/docs/canary/app/api-reference/directives/use-cache#usage
   8 |
   9 | export async function HomeLead...
> 10 |   "use cache";
     |   ^^^^^^^^^^^
  11 |   cacheLife({ expire: 3600 });
  12 |
  13 |   // Chamada de API direto no ...

Ecmascript file had an error

Import trace:
  Server Component:
    ./src/app/components/home-leaderboard.tsx
    ./src/app/page.tsx @ http://localhost:3000/_next/static/chunks/0kd0_next_dist_02e_ku3._.js:1945
[  986649ms] [ERROR] ./src/app/leaderboard/page.tsx:9:3
To use "use cache", please enable the feature flag `cacheComponents` in your Next.js config.
    
    Read more: https://nextjs.org/docs/canary/app/api-reference/directives/use-cache#usage
   7 |
   8 | export default async function ...
>  9 |   "use cache";
     |   ^^^^^^^^^^^
  10 |   cacheLife({ expire: 3600 });
  11 |
  12 |   const [leaderboardData, stat...

Ecmascript file had an error @ http://localhost:3000/_next/static/chunks/0kd0_next_dist_02e_ku3._.js:1945
[  986698ms] [ERROR] ./src/app/components/home-leaderboard.tsx:10:3
To use "use cache", please enable the feature flag `cacheComponents` in your Next.js config.
    
    Read more: https://nextjs.org/docs/canary/app/api-reference/directives/use-cache#usage
   8 |
   9 | export async function HomeLead...
> 10 |   "use cache";
     |   ^^^^^^^^^^^
  11 |   cacheLife({ expire: 3600 });
  12 |
  13 |   // Chamada de API direto no ...

Ecmascript file had an error

Import trace:
  Server Component:
    ./src/app/components/home-leaderboard.tsx
    ./src/app/page.tsx @ http://localhost:3000/_next/static/chunks/0kd0_next_dist_02e_ku3._.js:1945
[  986698ms] [ERROR] ./src/app/leaderboard/page.tsx:9:3
To use "use cache", please enable the feature flag `cacheComponents` in your Next.js config.
    
    Read more: https://nextjs.org/docs/canary/app/api-reference/directives/use-cache#usage
   7 |
   8 | export default async function ...
>  9 |   "use cache";
     |   ^^^^^^^^^^^
  10 |   cacheLife({ expire: 3600 });
  11 |
  12 |   const [leaderboardData, stat...

Ecmascript file had an error @ http://localhost:3000/_next/static/chunks/0kd0_next_dist_02e_ku3._.js:1945
[  986748ms] [ERROR] ./src/app/components/home-leaderboard.tsx:10:3
To use "use cache", please enable the feature flag `cacheComponents` in your Next.js config.
    
    Read more: https://nextjs.org/docs/canary/app/api-reference/directives/use-cache#usage
   8 |
   9 | export async function HomeLead...
> 10 |   "use cache";
     |   ^^^^^^^^^^^
  11 |   cacheLife({ expire: 3600 });
  12 |
  13 |   // Chamada de API direto no ...

Ecmascript file had an error

Import trace:
  Server Component:
    ./src/app/components/home-leaderboard.tsx
    ./src/app/page.tsx @ http://localhost:3000/_next/static/chunks/0kd0_next_dist_02e_ku3._.js:1945
[  986749ms] [ERROR] ./src/app/leaderboard/page.tsx:9:3
To use "use cache", please enable the feature flag `cacheComponents` in your Next.js config.
    
    Read more: https://nextjs.org/docs/canary/app/api-reference/directives/use-cache#usage
   7 |
   8 | export default async function ...
>  9 |   "use cache";
     |   ^^^^^^^^^^^
  10 |   cacheLife({ expire: 3600 });
  11 |
  12 |   const [leaderboardData, stat...

Ecmascript file had an error @ http://localhost:3000/_next/static/chunks/0kd0_next_dist_02e_ku3._.js:1945
[  986798ms] [ERROR] ./src/app/components/home-leaderboard.tsx:10:3
To use "use cache", please enable the feature flag `cacheComponents` in your Next.js config.
    
    Read more: https://nextjs.org/docs/canary/app/api-reference/directives/use-cache#usage
   8 |
   9 | export async function HomeLead...
> 10 |   "use cache";
     |   ^^^^^^^^^^^
  11 |   cacheLife({ expire: 3600 });
  12 |
  13 |   // Chamada de API direto no ...

Ecmascript file had an error

Import trace:
  Server Component:
    ./src/app/components/home-leaderboard.tsx
    ./src/app/page.tsx @ http://localhost:3000/_next/static/chunks/0kd0_next_dist_02e_ku3._.js:1945
[  986798ms] [ERROR] ./src/app/leaderboard/page.tsx:9:3
To use "use cache", please enable the feature flag `cacheComponents` in your Next.js config.
    
    Read more: https://nextjs.org/docs/canary/app/api-reference/directives/use-cache#usage
   7 |
   8 | export default async function ...
>  9 |   "use cache";
     |   ^^^^^^^^^^^
  10 |   cacheLife({ expire: 3600 });
  11 |
  12 |   const [leaderboardData, stat...

Ecmascript file had an error @ http://localhost:3000/_next/static/chunks/0kd0_next_dist_02e_ku3._.js:1945
[  986848ms] [ERROR] ./src/app/components/home-leaderboard.tsx:10:3
To use "use cache", please enable the feature flag `cacheComponents` in your Next.js config.
    
    Read more: https://nextjs.org/docs/canary/app/api-reference/directives/use-cache#usage
   8 |
   9 | export async function HomeLead...
> 10 |   "use cache";
     |   ^^^^^^^^^^^
  11 |   cacheLife({ expire: 3600 });
  12 |
  13 |   // Chamada de API direto no ...

Ecmascript file had an error

Import trace:
  Server Component:
    ./src/app/components/home-leaderboard.tsx
    ./src/app/page.tsx @ http://localhost:3000/_next/static/chunks/0kd0_next_dist_02e_ku3._.js:1945
[  986848ms] [ERROR] ./src/app/leaderboard/page.tsx:9:3
To use "use cache", please enable the feature flag `cacheComponents` in your Next.js config.
    
    Read more: https://nextjs.org/docs/canary/app/api-reference/directives/use-cache#usage
   7 |
   8 | export default async function ...
>  9 |   "use cache";
     |   ^^^^^^^^^^^
  10 |   cacheLife({ expire: 3600 });
  11 |
  12 |   const [leaderboardData, stat...

Ecmascript file had an error @ http://localhost:3000/_next/static/chunks/0kd0_next_dist_02e_ku3._.js:1945
[  986899ms] [ERROR] ./src/app/components/home-leaderboard.tsx:10:3
To use "use cache", please enable the feature flag `cacheComponents` in your Next.js config.
    
    Read more: https://nextjs.org/docs/canary/app/api-reference/directives/use-cache#usage
   8 |
   9 | export async function HomeLead...
> 10 |   "use cache";
     |   ^^^^^^^^^^^
  11 |   cacheLife({ expire: 3600 });
  12 |
  13 |   // Chamada de API direto no ...

Ecmascript file had an error

Import trace:
  Server Component:
    ./src/app/components/home-leaderboard.tsx
    ./src/app/page.tsx @ http://localhost:3000/_next/static/chunks/0kd0_next_dist_02e_ku3._.js:1945
[  986899ms] [ERROR] ./src/app/leaderboard/page.tsx:9:3
To use "use cache", please enable the feature flag `cacheComponents` in your Next.js config.
    
    Read more: https://nextjs.org/docs/canary/app/api-reference/directives/use-cache#usage
   7 |
   8 | export default async function ...
>  9 |   "use cache";
     |   ^^^^^^^^^^^
  10 |   cacheLife({ expire: 3600 });
  11 |
  12 |   const [leaderboardData, stat...

Ecmascript file had an error @ http://localhost:3000/_next/static/chunks/0kd0_next_dist_02e_ku3._.js:1945
[  986948ms] [ERROR] ./src/app/components/home-leaderboard.tsx:10:3
To use "use cache", please enable the feature flag `cacheComponents` in your Next.js config.
    
    Read more: https://nextjs.org/docs/canary/app/api-reference/directives/use-cache#usage
   8 |
   9 | export async function HomeLead...
> 10 |   "use cache";
     |   ^^^^^^^^^^^
  11 |   cacheLife({ expire: 3600 });
  12 |
  13 |   // Chamada de API direto no ...

Ecmascript file had an error

Import trace:
  Server Component:
    ./src/app/components/home-leaderboard.tsx
    ./src/app/page.tsx @ http://localhost:3000/_next/static/chunks/0kd0_next_dist_02e_ku3._.js:1945
[  986948ms] [ERROR] ./src/app/leaderboard/page.tsx:9:3
To use "use cache", please enable the feature flag `cacheComponents` in your Next.js config.
    
    Read more: https://nextjs.org/docs/canary/app/api-reference/directives/use-cache#usage
   7 |
   8 | export default async function ...
>  9 |   "use cache";
     |   ^^^^^^^^^^^
  10 |   cacheLife({ expire: 3600 });
  11 |
  12 |   const [leaderboardData, stat...

Ecmascript file had an error @ http://localhost:3000/_next/static/chunks/0kd0_next_dist_02e_ku3._.js:1945
[  986998ms] [ERROR] ./src/app/components/home-leaderboard.tsx:10:3
To use "use cache", please enable the feature flag `cacheComponents` in your Next.js config.
    
    Read more: https://nextjs.org/docs/canary/app/api-reference/directives/use-cache#usage
   8 |
   9 | export async function HomeLead...
> 10 |   "use cache";
     |   ^^^^^^^^^^^
  11 |   cacheLife({ expire: 3600 });
  12 |
  13 |   // Chamada de API direto no ...

Ecmascript file had an error

Import trace:
  Server Component:
    ./src/app/components/home-leaderboard.tsx
    ./src/app/page.tsx @ http://localhost:3000/_next/static/chunks/0kd0_next_dist_02e_ku3._.js:1945
[  986998ms] [ERROR] ./src/app/leaderboard/page.tsx:9:3
To use "use cache", please enable the feature flag `cacheComponents` in your Next.js config.
    
    Read more: https://nextjs.org/docs/canary/app/api-reference/directives/use-cache#usage
   7 |
   8 | export default async function ...
>  9 |   "use cache";
     |   ^^^^^^^^^^^
  10 |   cacheLife({ expire: 3600 });
  11 |
  12 |   const [leaderboardData, stat...

Ecmascript file had an error @ http://localhost:3000/_next/static/chunks/0kd0_next_dist_02e_ku3._.js:1945
[  987048ms] [ERROR] ./src/app/components/home-leaderboard.tsx:10:3
To use "use cache", please enable the feature flag `cacheComponents` in your Next.js config.
    
    Read more: https://nextjs.org/docs/canary/app/api-reference/directives/use-cache#usage
   8 |
   9 | export async function HomeLead...
> 10 |   "use cache";
     |   ^^^^^^^^^^^
  11 |   cacheLife({ expire: 3600 });
  12 |
  13 |   // Chamada de API direto no ...

Ecmascript file had an error

Import trace:
  Server Component:
    ./src/app/components/home-leaderboard.tsx
    ./src/app/page.tsx @ http://localhost:3000/_next/static/chunks/0kd0_next_dist_02e_ku3._.js:1945
[  987048ms] [ERROR] ./src/app/leaderboard/page.tsx:9:3
To use "use cache", please enable the feature flag `cacheComponents` in your Next.js config.
    
    Read more: https://nextjs.org/docs/canary/app/api-reference/directives/use-cache#usage
   7 |
   8 | export default async function ...
>  9 |   "use cache";
     |   ^^^^^^^^^^^
  10 |   cacheLife({ expire: 3600 });
  11 |
  12 |   const [leaderboardData, stat...

Ecmascript file had an error @ http://localhost:3000/_next/static/chunks/0kd0_next_dist_02e_ku3._.js:1945
[  987099ms] [ERROR] ./src/app/components/home-leaderboard.tsx:10:3
To use "use cache", please enable the feature flag `cacheComponents` in your Next.js config.
    
    Read more: https://nextjs.org/docs/canary/app/api-reference/directives/use-cache#usage
   8 |
   9 | export async function HomeLead...
> 10 |   "use cache";
     |   ^^^^^^^^^^^
  11 |   cacheLife({ expire: 3600 });
  12 |
  13 |   // Chamada de API direto no ...

Ecmascript file had an error

Import trace:
  Server Component:
    ./src/app/components/home-leaderboard.tsx
    ./src/app/page.tsx @ http://localhost:3000/_next/static/chunks/0kd0_next_dist_02e_ku3._.js:1945
[  987099ms] [ERROR] ./src/app/leaderboard/page.tsx:9:3
To use "use cache", please enable the feature flag `cacheComponents` in your Next.js config.
    
    Read more: https://nextjs.org/docs/canary/app/api-reference/directives/use-cache#usage
   7 |
   8 | export default async function ...
>  9 |   "use cache";
     |   ^^^^^^^^^^^
  10 |   cacheLife({ expire: 3600 });
  11 |
  12 |   const [leaderboardData, stat...

Ecmascript file had an error @ http://localhost:3000/_next/static/chunks/0kd0_next_dist_02e_ku3._.js:1945
[  987150ms] [ERROR] ./src/app/components/home-leaderboard.tsx:10:3
To use "use cache", please enable the feature flag `cacheComponents` in your Next.js config.
    
    Read more: https://nextjs.org/docs/canary/app/api-reference/directives/use-cache#usage
   8 |
   9 | export async function HomeLead...
> 10 |   "use cache";
     |   ^^^^^^^^^^^
  11 |   cacheLife({ expire: 3600 });
  12 |
  13 |   // Chamada de API direto no ...

Ecmascript file had an error

Import trace:
  Server Component:
    ./src/app/components/home-leaderboard.tsx
    ./src/app/page.tsx @ http://localhost:3000/_next/static/chunks/0kd0_next_dist_02e_ku3._.js:1945
[  987150ms] [ERROR] ./src/app/leaderboard/page.tsx:9:3
To use "use cache", please enable the feature flag `cacheComponents` in your Next.js config.
    
    Read more: https://nextjs.org/docs/canary/app/api-reference/directives/use-cache#usage
   7 |
   8 | export default async function ...
>  9 |   "use cache";
     |   ^^^^^^^^^^^
  10 |   cacheLife({ expire: 3600 });
  11 |
  12 |   const [leaderboardData, stat...

Ecmascript file had an error @ http://localhost:3000/_next/static/chunks/0kd0_next_dist_02e_ku3._.js:1945
[  987201ms] [ERROR] ./src/app/components/home-leaderboard.tsx:10:3
To use "use cache", please enable the feature flag `cacheComponents` in your Next.js config.
    
    Read more: https://nextjs.org/docs/canary/app/api-reference/directives/use-cache#usage
   8 |
   9 | export async function HomeLead...
> 10 |   "use cache";
     |   ^^^^^^^^^^^
  11 |   cacheLife({ expire: 3600 });
  12 |
  13 |   // Chamada de API direto no ...

Ecmascript file had an error

Import trace:
  Server Component:
    ./src/app/components/home-leaderboard.tsx
    ./src/app/page.tsx @ http://localhost:3000/_next/static/chunks/0kd0_next_dist_02e_ku3._.js:1945
[  987201ms] [ERROR] ./src/app/leaderboard/page.tsx:9:3
To use "use cache", please enable the feature flag `cacheComponents` in your Next.js config.
    
    Read more: https://nextjs.org/docs/canary/app/api-reference/directives/use-cache#usage
   7 |
   8 | export default async function ...
>  9 |   "use cache";
     |   ^^^^^^^^^^^
  10 |   cacheLife({ expire: 3600 });
  11 |
  12 |   const [leaderboardData, stat...

Ecmascript file had an error @ http://localhost:3000/_next/static/chunks/0kd0_next_dist_02e_ku3._.js:1945
[  987250ms] [ERROR] ./src/app/components/home-leaderboard.tsx:10:3
To use "use cache", please enable the feature flag `cacheComponents` in your Next.js config.
    
    Read more: https://nextjs.org/docs/canary/app/api-reference/directives/use-cache#usage
   8 |
   9 | export async function HomeLead...
> 10 |   "use cache";
     |   ^^^^^^^^^^^
  11 |   cacheLife({ expire: 3600 });
  12 |
  13 |   // Chamada de API direto no ...

Ecmascript file had an error

Import trace:
  Server Component:
    ./src/app/components/home-leaderboard.tsx
    ./src/app/page.tsx @ http://localhost:3000/_next/static/chunks/0kd0_next_dist_02e_ku3._.js:1945
[  987250ms] [ERROR] ./src/app/leaderboard/page.tsx:9:3
To use "use cache", please enable the feature flag `cacheComponents` in your Next.js config.
    
    Read more: https://nextjs.org/docs/canary/app/api-reference/directives/use-cache#usage
   7 |
   8 | export default async function ...
>  9 |   "use cache";
     |   ^^^^^^^^^^^
  10 |   cacheLife({ expire: 3600 });
  11 |
  12 |   const [leaderboardData, stat...

Ecmascript file had an error @ http://localhost:3000/_next/static/chunks/0kd0_next_dist_02e_ku3._.js:1945
[  987297ms] [ERROR] ./src/app/components/home-leaderboard.tsx:10:3
To use "use cache", please enable the feature flag `cacheComponents` in your Next.js config.
    
    Read more: https://nextjs.org/docs/canary/app/api-reference/directives/use-cache#usage
   8 |
   9 | export async function HomeLead...
> 10 |   "use cache";
     |   ^^^^^^^^^^^
  11 |   cacheLife({ expire: 3600 });
  12 |
  13 |   // Chamada de API direto no ...

Ecmascript file had an error

Import trace:
  Server Component:
    ./src/app/components/home-leaderboard.tsx
    ./src/app/page.tsx @ http://localhost:3000/_next/static/chunks/0kd0_next_dist_02e_ku3._.js:1945
[  987298ms] [ERROR] ./src/app/leaderboard/page.tsx:9:3
To use "use cache", please enable the feature flag `cacheComponents` in your Next.js config.
    
    Read more: https://nextjs.org/docs/canary/app/api-reference/directives/use-cache#usage
   7 |
   8 | export default async function ...
>  9 |   "use cache";
     |   ^^^^^^^^^^^
  10 |   cacheLife({ expire: 3600 });
  11 |
  12 |   const [leaderboardData, stat...

Ecmascript file had an error @ http://localhost:3000/_next/static/chunks/0kd0_next_dist_02e_ku3._.js:1945
[  987344ms] [ERROR] ./src/app/components/home-leaderboard.tsx:10:3
To use "use cache", please enable the feature flag `cacheComponents` in your Next.js config.
    
    Read more: https://nextjs.org/docs/canary/app/api-reference/directives/use-cache#usage
   8 |
   9 | export async function HomeLead...
> 10 |   "use cache";
     |   ^^^^^^^^^^^
  11 |   cacheLife({ expire: 3600 });
  12 |
  13 |   // Chamada de API direto no ...

Ecmascript file had an error

Import trace:
  Server Component:
    ./src/app/components/home-leaderboard.tsx
    ./src/app/page.tsx @ http://localhost:3000/_next/static/chunks/0kd0_next_dist_02e_ku3._.js:1945
[  987344ms] [ERROR] ./src/app/leaderboard/page.tsx:9:3
To use "use cache", please enable the feature flag `cacheComponents` in your Next.js config.
    
    Read more: https://nextjs.org/docs/canary/app/api-reference/directives/use-cache#usage
   7 |
   8 | export default async function ...
>  9 |   "use cache";
     |   ^^^^^^^^^^^
  10 |   cacheLife({ expire: 3600 });
  11 |
  12 |   const [leaderboardData, stat...

Ecmascript file had an error @ http://localhost:3000/_next/static/chunks/0kd0_next_dist_02e_ku3._.js:1945
[  987391ms] [ERROR] ./src/app/components/home-leaderboard.tsx:10:3
To use "use cache", please enable the feature flag `cacheComponents` in your Next.js config.
    
    Read more: https://nextjs.org/docs/canary/app/api-reference/directives/use-cache#usage
   8 |
   9 | export async function HomeLead...
> 10 |   "use cache";
     |   ^^^^^^^^^^^
  11 |   cacheLife({ expire: 3600 });
  12 |
  13 |   // Chamada de API direto no ...

Ecmascript file had an error

Import trace:
  Server Component:
    ./src/app/components/home-leaderboard.tsx
    ./src/app/page.tsx @ http://localhost:3000/_next/static/chunks/0kd0_next_dist_02e_ku3._.js:1945
[  987391ms] [ERROR] ./src/app/leaderboard/page.tsx:9:3
To use "use cache", please enable the feature flag `cacheComponents` in your Next.js config.
    
    Read more: https://nextjs.org/docs/canary/app/api-reference/directives/use-cache#usage
   7 |
   8 | export default async function ...
>  9 |   "use cache";
     |   ^^^^^^^^^^^
  10 |   cacheLife({ expire: 3600 });
  11 |
  12 |   const [leaderboardData, stat...

Ecmascript file had an error @ http://localhost:3000/_next/static/chunks/0kd0_next_dist_02e_ku3._.js:1945
[  987439ms] [ERROR] ./src/app/components/home-leaderboard.tsx:10:3
To use "use cache", please enable the feature flag `cacheComponents` in your Next.js config.
    
    Read more: https://nextjs.org/docs/canary/app/api-reference/directives/use-cache#usage
   8 |
   9 | export async function HomeLead...
> 10 |   "use cache";
     |   ^^^^^^^^^^^
  11 |   cacheLife({ expire: 3600 });
  12 |
  13 |   // Chamada de API direto no ...

Ecmascript file had an error

Import trace:
  Server Component:
    ./src/app/components/home-leaderboard.tsx
    ./src/app/page.tsx @ http://localhost:3000/_next/static/chunks/0kd0_next_dist_02e_ku3._.js:1945
[  987440ms] [ERROR] ./src/app/leaderboard/page.tsx:9:3
To use "use cache", please enable the feature flag `cacheComponents` in your Next.js config.
    
    Read more: https://nextjs.org/docs/canary/app/api-reference/directives/use-cache#usage
   7 |
   8 | export default async function ...
>  9 |   "use cache";
     |   ^^^^^^^^^^^
  10 |   cacheLife({ expire: 3600 });
  11 |
  12 |   const [leaderboardData, stat...

Ecmascript file had an error @ http://localhost:3000/_next/static/chunks/0kd0_next_dist_02e_ku3._.js:1945
[  987489ms] [ERROR] ./src/app/components/home-leaderboard.tsx:10:3
To use "use cache", please enable the feature flag `cacheComponents` in your Next.js config.
    
    Read more: https://nextjs.org/docs/canary/app/api-reference/directives/use-cache#usage
   8 |
   9 | export async function HomeLead...
> 10 |   "use cache";
     |   ^^^^^^^^^^^
  11 |   cacheLife({ expire: 3600 });
  12 |
  13 |   // Chamada de API direto no ...

Ecmascript file had an error

Import trace:
  Server Component:
    ./src/app/components/home-leaderboard.tsx
    ./src/app/page.tsx @ http://localhost:3000/_next/static/chunks/0kd0_next_dist_02e_ku3._.js:1945
[  987489ms] [ERROR] ./src/app/leaderboard/page.tsx:9:3
To use "use cache", please enable the feature flag `cacheComponents` in your Next.js config.
    
    Read more: https://nextjs.org/docs/canary/app/api-reference/directives/use-cache#usage
   7 |
   8 | export default async function ...
>  9 |   "use cache";
     |   ^^^^^^^^^^^
  10 |   cacheLife({ expire: 3600 });
  11 |
  12 |   const [leaderboardData, stat...

Ecmascript file had an error @ http://localhost:3000/_next/static/chunks/0kd0_next_dist_02e_ku3._.js:1945
[  987539ms] [ERROR] ./src/app/components/home-leaderboard.tsx:10:3
To use "use cache", please enable the feature flag `cacheComponents` in your Next.js config.
    
    Read more: https://nextjs.org/docs/canary/app/api-reference/directives/use-cache#usage
   8 |
   9 | export async function HomeLead...
> 10 |   "use cache";
     |   ^^^^^^^^^^^
  11 |   cacheLife({ expire: 3600 });
  12 |
  13 |   // Chamada de API direto no ...

Ecmascript file had an error

Import trace:
  Server Component:
    ./src/app/components/home-leaderboard.tsx
    ./src/app/page.tsx @ http://localhost:3000/_next/static/chunks/0kd0_next_dist_02e_ku3._.js:1945
[  987540ms] [ERROR] ./src/app/leaderboard/page.tsx:9:3
To use "use cache", please enable the feature flag `cacheComponents` in your Next.js config.
    
    Read more: https://nextjs.org/docs/canary/app/api-reference/directives/use-cache#usage
   7 |
   8 | export default async function ...
>  9 |   "use cache";
     |   ^^^^^^^^^^^
  10 |   cacheLife({ expire: 3600 });
  11 |
  12 |   const [leaderboardData, stat...

Ecmascript file had an error @ http://localhost:3000/_next/static/chunks/0kd0_next_dist_02e_ku3._.js:1945
[  987590ms] [ERROR] ./src/app/components/home-leaderboard.tsx:10:3
To use "use cache", please enable the feature flag `cacheComponents` in your Next.js config.
    
    Read more: https://nextjs.org/docs/canary/app/api-reference/directives/use-cache#usage
   8 |
   9 | export async function HomeLead...
> 10 |   "use cache";
     |   ^^^^^^^^^^^
  11 |   cacheLife({ expire: 3600 });
  12 |
  13 |   // Chamada de API direto no ...

Ecmascript file had an error

Import trace:
  Server Component:
    ./src/app/components/home-leaderboard.tsx
    ./src/app/page.tsx @ http://localhost:3000/_next/static/chunks/0kd0_next_dist_02e_ku3._.js:1945
[  987590ms] [ERROR] ./src/app/leaderboard/page.tsx:9:3
To use "use cache", please enable the feature flag `cacheComponents` in your Next.js config.
    
    Read more: https://nextjs.org/docs/canary/app/api-reference/directives/use-cache#usage
   7 |
   8 | export default async function ...
>  9 |   "use cache";
     |   ^^^^^^^^^^^
  10 |   cacheLife({ expire: 3600 });
  11 |
  12 |   const [leaderboardData, stat...

Ecmascript file had an error @ http://localhost:3000/_next/static/chunks/0kd0_next_dist_02e_ku3._.js:1945
[  987640ms] [ERROR] ./src/app/components/home-leaderboard.tsx:10:3
To use "use cache", please enable the feature flag `cacheComponents` in your Next.js config.
    
    Read more: https://nextjs.org/docs/canary/app/api-reference/directives/use-cache#usage
   8 |
   9 | export async function HomeLead...
> 10 |   "use cache";
     |   ^^^^^^^^^^^
  11 |   cacheLife({ expire: 3600 });
  12 |
  13 |   // Chamada de API direto no ...

Ecmascript file had an error

Import trace:
  Server Component:
    ./src/app/components/home-leaderboard.tsx
    ./src/app/page.tsx @ http://localhost:3000/_next/static/chunks/0kd0_next_dist_02e_ku3._.js:1945
[  987640ms] [ERROR] ./src/app/leaderboard/page.tsx:9:3
To use "use cache", please enable the feature flag `cacheComponents` in your Next.js config.
    
    Read more: https://nextjs.org/docs/canary/app/api-reference/directives/use-cache#usage
   7 |
   8 | export default async function ...
>  9 |   "use cache";
     |   ^^^^^^^^^^^
  10 |   cacheLife({ expire: 3600 });
  11 |
  12 |   const [leaderboardData, stat...

Ecmascript file had an error @ http://localhost:3000/_next/static/chunks/0kd0_next_dist_02e_ku3._.js:1945
[  987688ms] [ERROR] ./src/app/components/home-leaderboard.tsx:10:3
To use "use cache", please enable the feature flag `cacheComponents` in your Next.js config.
    
    Read more: https://nextjs.org/docs/canary/app/api-reference/directives/use-cache#usage
   8 |
   9 | export async function HomeLead...
> 10 |   "use cache";
     |   ^^^^^^^^^^^
  11 |   cacheLife({ expire: 3600 });
  12 |
  13 |   // Chamada de API direto no ...

Ecmascript file had an error

Import trace:
  Server Component:
    ./src/app/components/home-leaderboard.tsx
    ./src/app/page.tsx @ http://localhost:3000/_next/static/chunks/0kd0_next_dist_02e_ku3._.js:1945
[  987688ms] [ERROR] ./src/app/leaderboard/page.tsx:9:3
To use "use cache", please enable the feature flag `cacheComponents` in your Next.js config.
    
    Read more: https://nextjs.org/docs/canary/app/api-reference/directives/use-cache#usage
   7 |
   8 | export default async function ...
>  9 |   "use cache";
     |   ^^^^^^^^^^^
  10 |   cacheLife({ expire: 3600 });
  11 |
  12 |   const [leaderboardData, stat...

Ecmascript file had an error @ http://localhost:3000/_next/static/chunks/0kd0_next_dist_02e_ku3._.js:1945
[  987738ms] [ERROR] ./src/app/components/home-leaderboard.tsx:10:3
To use "use cache", please enable the feature flag `cacheComponents` in your Next.js config.
    
    Read more: https://nextjs.org/docs/canary/app/api-reference/directives/use-cache#usage
   8 |
   9 | export async function HomeLead...
> 10 |   "use cache";
     |   ^^^^^^^^^^^
  11 |   cacheLife({ expire: 3600 });
  12 |
  13 |   // Chamada de API direto no ...

Ecmascript file had an error

Import trace:
  Server Component:
    ./src/app/components/home-leaderboard.tsx
    ./src/app/page.tsx @ http://localhost:3000/_next/static/chunks/0kd0_next_dist_02e_ku3._.js:1945
[  987738ms] [ERROR] ./src/app/leaderboard/page.tsx:9:3
To use "use cache", please enable the feature flag `cacheComponents` in your Next.js config.
    
    Read more: https://nextjs.org/docs/canary/app/api-reference/directives/use-cache#usage
   7 |
   8 | export default async function ...
>  9 |   "use cache";
     |   ^^^^^^^^^^^
  10 |   cacheLife({ expire: 3600 });
  11 |
  12 |   const [leaderboardData, stat...

Ecmascript file had an error @ http://localhost:3000/_next/static/chunks/0kd0_next_dist_02e_ku3._.js:1945
[  987787ms] [ERROR] ./src/app/components/home-leaderboard.tsx:10:3
To use "use cache", please enable the feature flag `cacheComponents` in your Next.js config.
    
    Read more: https://nextjs.org/docs/canary/app/api-reference/directives/use-cache#usage
   8 |
   9 | export async function HomeLead...
> 10 |   "use cache";
     |   ^^^^^^^^^^^
  11 |   cacheLife({ expire: 3600 });
  12 |
  13 |   // Chamada de API direto no ...

Ecmascript file had an error

Import trace:
  Server Component:
    ./src/app/components/home-leaderboard.tsx
    ./src/app/page.tsx @ http://localhost:3000/_next/static/chunks/0kd0_next_dist_02e_ku3._.js:1945
[  987787ms] [ERROR] ./src/app/leaderboard/page.tsx:9:3
To use "use cache", please enable the feature flag `cacheComponents` in your Next.js config.
    
    Read more: https://nextjs.org/docs/canary/app/api-reference/directives/use-cache#usage
   7 |
   8 | export default async function ...
>  9 |   "use cache";
     |   ^^^^^^^^^^^
  10 |   cacheLife({ expire: 3600 });
  11 |
  12 |   const [leaderboardData, stat...

Ecmascript file had an error @ http://localhost:3000/_next/static/chunks/0kd0_next_dist_02e_ku3._.js:1945
[  987836ms] [ERROR] ./src/app/components/home-leaderboard.tsx:10:3
To use "use cache", please enable the feature flag `cacheComponents` in your Next.js config.
    
    Read more: https://nextjs.org/docs/canary/app/api-reference/directives/use-cache#usage
   8 |
   9 | export async function HomeLead...
> 10 |   "use cache";
     |   ^^^^^^^^^^^
  11 |   cacheLife({ expire: 3600 });
  12 |
  13 |   // Chamada de API direto no ...

Ecmascript file had an error

Import trace:
  Server Component:
    ./src/app/components/home-leaderboard.tsx
    ./src/app/page.tsx @ http://localhost:3000/_next/static/chunks/0kd0_next_dist_02e_ku3._.js:1945
[  987836ms] [ERROR] ./src/app/leaderboard/page.tsx:9:3
To use "use cache", please enable the feature flag `cacheComponents` in your Next.js config.
    
    Read more: https://nextjs.org/docs/canary/app/api-reference/directives/use-cache#usage
   7 |
   8 | export default async function ...
>  9 |   "use cache";
     |   ^^^^^^^^^^^
  10 |   cacheLife({ expire: 3600 });
  11 |
  12 |   const [leaderboardData, stat...

Ecmascript file had an error @ http://localhost:3000/_next/static/chunks/0kd0_next_dist_02e_ku3._.js:1945
[  987885ms] [ERROR] ./src/app/components/home-leaderboard.tsx:10:3
To use "use cache", please enable the feature flag `cacheComponents` in your Next.js config.
    
    Read more: https://nextjs.org/docs/canary/app/api-reference/directives/use-cache#usage
   8 |
   9 | export async function HomeLead...
> 10 |   "use cache";
     |   ^^^^^^^^^^^
  11 |   cacheLife({ expire: 3600 });
  12 |
  13 |   // Chamada de API direto no ...

Ecmascript file had an error

Import trace:
  Server Component:
    ./src/app/components/home-leaderboard.tsx
    ./src/app/page.tsx @ http://localhost:3000/_next/static/chunks/0kd0_next_dist_02e_ku3._.js:1945
[  987885ms] [ERROR] ./src/app/leaderboard/page.tsx:9:3
To use "use cache", please enable the feature flag `cacheComponents` in your Next.js config.
    
    Read more: https://nextjs.org/docs/canary/app/api-reference/directives/use-cache#usage
   7 |
   8 | export default async function ...
>  9 |   "use cache";
     |   ^^^^^^^^^^^
  10 |   cacheLife({ expire: 3600 });
  11 |
  12 |   const [leaderboardData, stat...

Ecmascript file had an error @ http://localhost:3000/_next/static/chunks/0kd0_next_dist_02e_ku3._.js:1945
[  987933ms] [ERROR] ./src/app/components/home-leaderboard.tsx:10:3
To use "use cache", please enable the feature flag `cacheComponents` in your Next.js config.
    
    Read more: https://nextjs.org/docs/canary/app/api-reference/directives/use-cache#usage
   8 |
   9 | export async function HomeLead...
> 10 |   "use cache";
     |   ^^^^^^^^^^^
  11 |   cacheLife({ expire: 3600 });
  12 |
  13 |   // Chamada de API direto no ...

Ecmascript file had an error

Import trace:
  Server Component:
    ./src/app/components/home-leaderboard.tsx
    ./src/app/page.tsx @ http://localhost:3000/_next/static/chunks/0kd0_next_dist_02e_ku3._.js:1945
[  987933ms] [ERROR] ./src/app/leaderboard/page.tsx:9:3
To use "use cache", please enable the feature flag `cacheComponents` in your Next.js config.
    
    Read more: https://nextjs.org/docs/canary/app/api-reference/directives/use-cache#usage
   7 |
   8 | export default async function ...
>  9 |   "use cache";
     |   ^^^^^^^^^^^
  10 |   cacheLife({ expire: 3600 });
  11 |
  12 |   const [leaderboardData, stat...

Ecmascript file had an error @ http://localhost:3000/_next/static/chunks/0kd0_next_dist_02e_ku3._.js:1945
[  987982ms] [ERROR] ./src/app/components/home-leaderboard.tsx:10:3
To use "use cache", please enable the feature flag `cacheComponents` in your Next.js config.
    
    Read more: https://nextjs.org/docs/canary/app/api-reference/directives/use-cache#usage
   8 |
   9 | export async function HomeLead...
> 10 |   "use cache";
     |   ^^^^^^^^^^^
  11 |   cacheLife({ expire: 3600 });
  12 |
  13 |   // Chamada de API direto no ...

Ecmascript file had an error

Import trace:
  Server Component:
    ./src/app/components/home-leaderboard.tsx
    ./src/app/page.tsx @ http://localhost:3000/_next/static/chunks/0kd0_next_dist_02e_ku3._.js:1945
[  987982ms] [ERROR] ./src/app/leaderboard/page.tsx:9:3
To use "use cache", please enable the feature flag `cacheComponents` in your Next.js config.
    
    Read more: https://nextjs.org/docs/canary/app/api-reference/directives/use-cache#usage
   7 |
   8 | export default async function ...
>  9 |   "use cache";
     |   ^^^^^^^^^^^
  10 |   cacheLife({ expire: 3600 });
  11 |
  12 |   const [leaderboardData, stat...

Ecmascript file had an error @ http://localhost:3000/_next/static/chunks/0kd0_next_dist_02e_ku3._.js:1945
[  988031ms] [ERROR] ./src/app/components/home-leaderboard.tsx:10:3
To use "use cache", please enable the feature flag `cacheComponents` in your Next.js config.
    
    Read more: https://nextjs.org/docs/canary/app/api-reference/directives/use-cache#usage
   8 |
   9 | export async function HomeLead...
> 10 |   "use cache";
     |   ^^^^^^^^^^^
  11 |   cacheLife({ expire: 3600 });
  12 |
  13 |   // Chamada de API direto no ...

Ecmascript file had an error

Import trace:
  Server Component:
    ./src/app/components/home-leaderboard.tsx
    ./src/app/page.tsx @ http://localhost:3000/_next/static/chunks/0kd0_next_dist_02e_ku3._.js:1945
[  988031ms] [ERROR] ./src/app/leaderboard/page.tsx:9:3
To use "use cache", please enable the feature flag `cacheComponents` in your Next.js config.
    
    Read more: https://nextjs.org/docs/canary/app/api-reference/directives/use-cache#usage
   7 |
   8 | export default async function ...
>  9 |   "use cache";
     |   ^^^^^^^^^^^
  10 |   cacheLife({ expire: 3600 });
  11 |
  12 |   const [leaderboardData, stat...

Ecmascript file had an error @ http://localhost:3000/_next/static/chunks/0kd0_next_dist_02e_ku3._.js:1945
[  988080ms] [ERROR] ./src/app/components/home-leaderboard.tsx:10:3
To use "use cache", please enable the feature flag `cacheComponents` in your Next.js config.
    
    Read more: https://nextjs.org/docs/canary/app/api-reference/directives/use-cache#usage
   8 |
   9 | export async function HomeLead...
> 10 |   "use cache";
     |   ^^^^^^^^^^^
  11 |   cacheLife({ expire: 3600 });
  12 |
  13 |   // Chamada de API direto no ...

Ecmascript file had an error

Import trace:
  Server Component:
    ./src/app/components/home-leaderboard.tsx
    ./src/app/page.tsx @ http://localhost:3000/_next/static/chunks/0kd0_next_dist_02e_ku3._.js:1945
[  988081ms] [ERROR] ./src/app/leaderboard/page.tsx:9:3
To use "use cache", please enable the feature flag `cacheComponents` in your Next.js config.
    
    Read more: https://nextjs.org/docs/canary/app/api-reference/directives/use-cache#usage
   7 |
   8 | export default async function ...
>  9 |   "use cache";
     |   ^^^^^^^^^^^
  10 |   cacheLife({ expire: 3600 });
  11 |
  12 |   const [leaderboardData, stat...

Ecmascript file had an error @ http://localhost:3000/_next/static/chunks/0kd0_next_dist_02e_ku3._.js:1945
[  988129ms] [ERROR] ./src/app/components/home-leaderboard.tsx:10:3
To use "use cache", please enable the feature flag `cacheComponents` in your Next.js config.
    
    Read more: https://nextjs.org/docs/canary/app/api-reference/directives/use-cache#usage
   8 |
   9 | export async function HomeLead...
> 10 |   "use cache";
     |   ^^^^^^^^^^^
  11 |   cacheLife({ expire: 3600 });
  12 |
  13 |   // Chamada de API direto no ...

Ecmascript file had an error

Import trace:
  Server Component:
    ./src/app/components/home-leaderboard.tsx
    ./src/app/page.tsx @ http://localhost:3000/_next/static/chunks/0kd0_next_dist_02e_ku3._.js:1945
[  988129ms] [ERROR] ./src/app/leaderboard/page.tsx:9:3
To use "use cache", please enable the feature flag `cacheComponents` in your Next.js config.
    
    Read more: https://nextjs.org/docs/canary/app/api-reference/directives/use-cache#usage
   7 |
   8 | export default async function ...
>  9 |   "use cache";
     |   ^^^^^^^^^^^
  10 |   cacheLife({ expire: 3600 });
  11 |
  12 |   const [leaderboardData, stat...

Ecmascript file had an error @ http://localhost:3000/_next/static/chunks/0kd0_next_dist_02e_ku3._.js:1945
[  988180ms] [ERROR] ./src/app/components/home-leaderboard.tsx:10:3
To use "use cache", please enable the feature flag `cacheComponents` in your Next.js config.
    
    Read more: https://nextjs.org/docs/canary/app/api-reference/directives/use-cache#usage
   8 |
   9 | export async function HomeLead...
> 10 |   "use cache";
     |   ^^^^^^^^^^^
  11 |   cacheLife({ expire: 3600 });
  12 |
  13 |   // Chamada de API direto no ...

Ecmascript file had an error

Import trace:
  Server Component:
    ./src/app/components/home-leaderboard.tsx
    ./src/app/page.tsx @ http://localhost:3000/_next/static/chunks/0kd0_next_dist_02e_ku3._.js:1945
[  988180ms] [ERROR] ./src/app/leaderboard/page.tsx:9:3
To use "use cache", please enable the feature flag `cacheComponents` in your Next.js config.
    
    Read more: https://nextjs.org/docs/canary/app/api-reference/directives/use-cache#usage
   7 |
   8 | export default async function ...
>  9 |   "use cache";
     |   ^^^^^^^^^^^
  10 |   cacheLife({ expire: 3600 });
  11 |
  12 |   const [leaderboardData, stat...

Ecmascript file had an error @ http://localhost:3000/_next/static/chunks/0kd0_next_dist_02e_ku3._.js:1945
[  988231ms] [ERROR] ./src/app/components/home-leaderboard.tsx:10:3
To use "use cache", please enable the feature flag `cacheComponents` in your Next.js config.
    
    Read more: https://nextjs.org/docs/canary/app/api-reference/directives/use-cache#usage
   8 |
   9 | export async function HomeLead...
> 10 |   "use cache";
     |   ^^^^^^^^^^^
  11 |   cacheLife({ expire: 3600 });
  12 |
  13 |   // Chamada de API direto no ...

Ecmascript file had an error

Import trace:
  Server Component:
    ./src/app/components/home-leaderboard.tsx
    ./src/app/page.tsx @ http://localhost:3000/_next/static/chunks/0kd0_next_dist_02e_ku3._.js:1945
[  988231ms] [ERROR] ./src/app/leaderboard/page.tsx:9:3
To use "use cache", please enable the feature flag `cacheComponents` in your Next.js config.
    
    Read more: https://nextjs.org/docs/canary/app/api-reference/directives/use-cache#usage
   7 |
   8 | export default async function ...
>  9 |   "use cache";
     |   ^^^^^^^^^^^
  10 |   cacheLife({ expire: 3600 });
  11 |
  12 |   const [leaderboardData, stat...

Ecmascript file had an error @ http://localhost:3000/_next/static/chunks/0kd0_next_dist_02e_ku3._.js:1945
[  988282ms] [ERROR] ./src/app/components/home-leaderboard.tsx:10:3
To use "use cache", please enable the feature flag `cacheComponents` in your Next.js config.
    
    Read more: https://nextjs.org/docs/canary/app/api-reference/directives/use-cache#usage
   8 |
   9 | export async function HomeLead...
> 10 |   "use cache";
     |   ^^^^^^^^^^^
  11 |   cacheLife({ expire: 3600 });
  12 |
  13 |   // Chamada de API direto no ...

Ecmascript file had an error

Import trace:
  Server Component:
    ./src/app/components/home-leaderboard.tsx
    ./src/app/page.tsx @ http://localhost:3000/_next/static/chunks/0kd0_next_dist_02e_ku3._.js:1945
[  988282ms] [ERROR] ./src/app/leaderboard/page.tsx:9:3
To use "use cache", please enable the feature flag `cacheComponents` in your Next.js config.
    
    Read more: https://nextjs.org/docs/canary/app/api-reference/directives/use-cache#usage
   7 |
   8 | export default async function ...
>  9 |   "use cache";
     |   ^^^^^^^^^^^
  10 |   cacheLife({ expire: 3600 });
  11 |
  12 |   const [leaderboardData, stat...

Ecmascript file had an error @ http://localhost:3000/_next/static/chunks/0kd0_next_dist_02e_ku3._.js:1945
[  988332ms] [ERROR] ./src/app/components/home-leaderboard.tsx:10:3
To use "use cache", please enable the feature flag `cacheComponents` in your Next.js config.
    
    Read more: https://nextjs.org/docs/canary/app/api-reference/directives/use-cache#usage
   8 |
   9 | export async function HomeLead...
> 10 |   "use cache";
     |   ^^^^^^^^^^^
  11 |   cacheLife({ expire: 3600 });
  12 |
  13 |   // Chamada de API direto no ...

Ecmascript file had an error

Import trace:
  Server Component:
    ./src/app/components/home-leaderboard.tsx
    ./src/app/page.tsx @ http://localhost:3000/_next/static/chunks/0kd0_next_dist_02e_ku3._.js:1945
[  988333ms] [ERROR] ./src/app/leaderboard/page.tsx:9:3
To use "use cache", please enable the feature flag `cacheComponents` in your Next.js config.
    
    Read more: https://nextjs.org/docs/canary/app/api-reference/directives/use-cache#usage
   7 |
   8 | export default async function ...
>  9 |   "use cache";
     |   ^^^^^^^^^^^
  10 |   cacheLife({ expire: 3600 });
  11 |
  12 |   const [leaderboardData, stat...

Ecmascript file had an error @ http://localhost:3000/_next/static/chunks/0kd0_next_dist_02e_ku3._.js:1945
[  988382ms] [ERROR] ./src/app/components/home-leaderboard.tsx:10:3
To use "use cache", please enable the feature flag `cacheComponents` in your Next.js config.
    
    Read more: https://nextjs.org/docs/canary/app/api-reference/directives/use-cache#usage
   8 |
   9 | export async function HomeLead...
> 10 |   "use cache";
     |   ^^^^^^^^^^^
  11 |   cacheLife({ expire: 3600 });
  12 |
  13 |   // Chamada de API direto no ...

Ecmascript file had an error

Import trace:
  Server Component:
    ./src/app/components/home-leaderboard.tsx
    ./src/app/page.tsx @ http://localhost:3000/_next/static/chunks/0kd0_next_dist_02e_ku3._.js:1945
[  988383ms] [ERROR] ./src/app/leaderboard/page.tsx:9:3
To use "use cache", please enable the feature flag `cacheComponents` in your Next.js config.
    
    Read more: https://nextjs.org/docs/canary/app/api-reference/directives/use-cache#usage
   7 |
   8 | export default async function ...
>  9 |   "use cache";
     |   ^^^^^^^^^^^
  10 |   cacheLife({ expire: 3600 });
  11 |
  12 |   const [leaderboardData, stat...

Ecmascript file had an error @ http://localhost:3000/_next/static/chunks/0kd0_next_dist_02e_ku3._.js:1945
[  988434ms] [ERROR] ./src/app/components/home-leaderboard.tsx:10:3
To use "use cache", please enable the feature flag `cacheComponents` in your Next.js config.
    
    Read more: https://nextjs.org/docs/canary/app/api-reference/directives/use-cache#usage
   8 |
   9 | export async function HomeLead...
> 10 |   "use cache";
     |   ^^^^^^^^^^^
  11 |   cacheLife({ expire: 3600 });
  12 |
  13 |   // Chamada de API direto no ...

Ecmascript file had an error

Import trace:
  Server Component:
    ./src/app/components/home-leaderboard.tsx
    ./src/app/page.tsx @ http://localhost:3000/_next/static/chunks/0kd0_next_dist_02e_ku3._.js:1945
[  988434ms] [ERROR] ./src/app/leaderboard/page.tsx:9:3
To use "use cache", please enable the feature flag `cacheComponents` in your Next.js config.
    
    Read more: https://nextjs.org/docs/canary/app/api-reference/directives/use-cache#usage
   7 |
   8 | export default async function ...
>  9 |   "use cache";
     |   ^^^^^^^^^^^
  10 |   cacheLife({ expire: 3600 });
  11 |
  12 |   const [leaderboardData, stat...

Ecmascript file had an error @ http://localhost:3000/_next/static/chunks/0kd0_next_dist_02e_ku3._.js:1945
[  988485ms] [ERROR] ./src/app/components/home-leaderboard.tsx:10:3
To use "use cache", please enable the feature flag `cacheComponents` in your Next.js config.
    
    Read more: https://nextjs.org/docs/canary/app/api-reference/directives/use-cache#usage
   8 |
   9 | export async function HomeLead...
> 10 |   "use cache";
     |   ^^^^^^^^^^^
  11 |   cacheLife({ expire: 3600 });
  12 |
  13 |   // Chamada de API direto no ...

Ecmascript file had an error

Import trace:
  Server Component:
    ./src/app/components/home-leaderboard.tsx
    ./src/app/page.tsx @ http://localhost:3000/_next/static/chunks/0kd0_next_dist_02e_ku3._.js:1945
[  988485ms] [ERROR] ./src/app/leaderboard/page.tsx:9:3
To use "use cache", please enable the feature flag `cacheComponents` in your Next.js config.
    
    Read more: https://nextjs.org/docs/canary/app/api-reference/directives/use-cache#usage
   7 |
   8 | export default async function ...
>  9 |   "use cache";
     |   ^^^^^^^^^^^
  10 |   cacheLife({ expire: 3600 });
  11 |
  12 |   const [leaderboardData, stat...

Ecmascript file had an error @ http://localhost:3000/_next/static/chunks/0kd0_next_dist_02e_ku3._.js:1945
[  988536ms] [ERROR] ./src/app/components/home-leaderboard.tsx:10:3
To use "use cache", please enable the feature flag `cacheComponents` in your Next.js config.
    
    Read more: https://nextjs.org/docs/canary/app/api-reference/directives/use-cache#usage
   8 |
   9 | export async function HomeLead...
> 10 |   "use cache";
     |   ^^^^^^^^^^^
  11 |   cacheLife({ expire: 3600 });
  12 |
  13 |   // Chamada de API direto no ...

Ecmascript file had an error

Import trace:
  Server Component:
    ./src/app/components/home-leaderboard.tsx
    ./src/app/page.tsx @ http://localhost:3000/_next/static/chunks/0kd0_next_dist_02e_ku3._.js:1945
[  988536ms] [ERROR] ./src/app/leaderboard/page.tsx:9:3
To use "use cache", please enable the feature flag `cacheComponents` in your Next.js config.
    
    Read more: https://nextjs.org/docs/canary/app/api-reference/directives/use-cache#usage
   7 |
   8 | export default async function ...
>  9 |   "use cache";
     |   ^^^^^^^^^^^
  10 |   cacheLife({ expire: 3600 });
  11 |
  12 |   const [leaderboardData, stat...

Ecmascript file had an error @ http://localhost:3000/_next/static/chunks/0kd0_next_dist_02e_ku3._.js:1945
[  988586ms] [ERROR] ./src/app/components/home-leaderboard.tsx:10:3
To use "use cache", please enable the feature flag `cacheComponents` in your Next.js config.
    
    Read more: https://nextjs.org/docs/canary/app/api-reference/directives/use-cache#usage
   8 |
   9 | export async function HomeLead...
> 10 |   "use cache";
     |   ^^^^^^^^^^^
  11 |   cacheLife({ expire: 3600 });
  12 |
  13 |   // Chamada de API direto no ...

Ecmascript file had an error

Import trace:
  Server Component:
    ./src/app/components/home-leaderboard.tsx
    ./src/app/page.tsx @ http://localhost:3000/_next/static/chunks/0kd0_next_dist_02e_ku3._.js:1945
[  988587ms] [ERROR] ./src/app/leaderboard/page.tsx:9:3
To use "use cache", please enable the feature flag `cacheComponents` in your Next.js config.
    
    Read more: https://nextjs.org/docs/canary/app/api-reference/directives/use-cache#usage
   7 |
   8 | export default async function ...
>  9 |   "use cache";
     |   ^^^^^^^^^^^
  10 |   cacheLife({ expire: 3600 });
  11 |
  12 |   const [leaderboardData, stat...

Ecmascript file had an error @ http://localhost:3000/_next/static/chunks/0kd0_next_dist_02e_ku3._.js:1945
[  988636ms] [ERROR] ./src/app/components/home-leaderboard.tsx:10:3
To use "use cache", please enable the feature flag `cacheComponents` in your Next.js config.
    
    Read more: https://nextjs.org/docs/canary/app/api-reference/directives/use-cache#usage
   8 |
   9 | export async function HomeLead...
> 10 |   "use cache";
     |   ^^^^^^^^^^^
  11 |   cacheLife({ expire: 3600 });
  12 |
  13 |   // Chamada de API direto no ...

Ecmascript file had an error

Import trace:
  Server Component:
    ./src/app/components/home-leaderboard.tsx
    ./src/app/page.tsx @ http://localhost:3000/_next/static/chunks/0kd0_next_dist_02e_ku3._.js:1945
[  988636ms] [ERROR] ./src/app/leaderboard/page.tsx:9:3
To use "use cache", please enable the feature flag `cacheComponents` in your Next.js config.
    
    Read more: https://nextjs.org/docs/canary/app/api-reference/directives/use-cache#usage
   7 |
   8 | export default async function ...
>  9 |   "use cache";
     |   ^^^^^^^^^^^
  10 |   cacheLife({ expire: 3600 });
  11 |
  12 |   const [leaderboardData, stat...

Ecmascript file had an error @ http://localhost:3000/_next/static/chunks/0kd0_next_dist_02e_ku3._.js:1945
[  988687ms] [ERROR] ./src/app/components/home-leaderboard.tsx:10:3
To use "use cache", please enable the feature flag `cacheComponents` in your Next.js config.
    
    Read more: https://nextjs.org/docs/canary/app/api-reference/directives/use-cache#usage
   8 |
   9 | export async function HomeLead...
> 10 |   "use cache";
     |   ^^^^^^^^^^^
  11 |   cacheLife({ expire: 3600 });
  12 |
  13 |   // Chamada de API direto no ...

Ecmascript file had an error

Import trace:
  Server Component:
    ./src/app/components/home-leaderboard.tsx
    ./src/app/page.tsx @ http://localhost:3000/_next/static/chunks/0kd0_next_dist_02e_ku3._.js:1945
[  988687ms] [ERROR] ./src/app/leaderboard/page.tsx:9:3
To use "use cache", please enable the feature flag `cacheComponents` in your Next.js config.
    
    Read more: https://nextjs.org/docs/canary/app/api-reference/directives/use-cache#usage
   7 |
   8 | export default async function ...
>  9 |   "use cache";
     |   ^^^^^^^^^^^
  10 |   cacheLife({ expire: 3600 });
  11 |
  12 |   const [leaderboardData, stat...

Ecmascript file had an error @ http://localhost:3000/_next/static/chunks/0kd0_next_dist_02e_ku3._.js:1945
[  988739ms] [ERROR] ./src/app/components/home-leaderboard.tsx:10:3
To use "use cache", please enable the feature flag `cacheComponents` in your Next.js config.
    
    Read more: https://nextjs.org/docs/canary/app/api-reference/directives/use-cache#usage
   8 |
   9 | export async function HomeLead...
> 10 |   "use cache";
     |   ^^^^^^^^^^^
  11 |   cacheLife({ expire: 3600 });
  12 |
  13 |   // Chamada de API direto no ...

Ecmascript file had an error

Import trace:
  Server Component:
    ./src/app/components/home-leaderboard.tsx
    ./src/app/page.tsx @ http://localhost:3000/_next/static/chunks/0kd0_next_dist_02e_ku3._.js:1945
[  988739ms] [ERROR] ./src/app/leaderboard/page.tsx:9:3
To use "use cache", please enable the feature flag `cacheComponents` in your Next.js config.
    
    Read more: https://nextjs.org/docs/canary/app/api-reference/directives/use-cache#usage
   7 |
   8 | export default async function ...
>  9 |   "use cache";
     |   ^^^^^^^^^^^
  10 |   cacheLife({ expire: 3600 });
  11 |
  12 |   const [leaderboardData, stat...

Ecmascript file had an error @ http://localhost:3000/_next/static/chunks/0kd0_next_dist_02e_ku3._.js:1945
[  988791ms] [ERROR] ./src/app/components/home-leaderboard.tsx:10:3
To use "use cache", please enable the feature flag `cacheComponents` in your Next.js config.
    
    Read more: https://nextjs.org/docs/canary/app/api-reference/directives/use-cache#usage
   8 |
   9 | export async function HomeLead...
> 10 |   "use cache";
     |   ^^^^^^^^^^^
  11 |   cacheLife({ expire: 3600 });
  12 |
  13 |   // Chamada de API direto no ...

Ecmascript file had an error

Import trace:
  Server Component:
    ./src/app/components/home-leaderboard.tsx
    ./src/app/page.tsx @ http://localhost:3000/_next/static/chunks/0kd0_next_dist_02e_ku3._.js:1945
[  988791ms] [ERROR] ./src/app/leaderboard/page.tsx:9:3
To use "use cache", please enable the feature flag `cacheComponents` in your Next.js config.
    
    Read more: https://nextjs.org/docs/canary/app/api-reference/directives/use-cache#usage
   7 |
   8 | export default async function ...
>  9 |   "use cache";
     |   ^^^^^^^^^^^
  10 |   cacheLife({ expire: 3600 });
  11 |
  12 |   const [leaderboardData, stat...

Ecmascript file had an error @ http://localhost:3000/_next/static/chunks/0kd0_next_dist_02e_ku3._.js:1945
[  988843ms] [ERROR] ./src/app/components/home-leaderboard.tsx:10:3
To use "use cache", please enable the feature flag `cacheComponents` in your Next.js config.
    
    Read more: https://nextjs.org/docs/canary/app/api-reference/directives/use-cache#usage
   8 |
   9 | export async function HomeLead...
> 10 |   "use cache";
     |   ^^^^^^^^^^^
  11 |   cacheLife({ expire: 3600 });
  12 |
  13 |   // Chamada de API direto no ...

Ecmascript file had an error

Import trace:
  Server Component:
    ./src/app/components/home-leaderboard.tsx
    ./src/app/page.tsx @ http://localhost:3000/_next/static/chunks/0kd0_next_dist_02e_ku3._.js:1945
[  988843ms] [ERROR] ./src/app/leaderboard/page.tsx:9:3
To use "use cache", please enable the feature flag `cacheComponents` in your Next.js config.
    
    Read more: https://nextjs.org/docs/canary/app/api-reference/directives/use-cache#usage
   7 |
   8 | export default async function ...
>  9 |   "use cache";
     |   ^^^^^^^^^^^
  10 |   cacheLife({ expire: 3600 });
  11 |
  12 |   const [leaderboardData, stat...

Ecmascript file had an error @ http://localhost:3000/_next/static/chunks/0kd0_next_dist_02e_ku3._.js:1945
[  988890ms] [ERROR] ./src/app/components/home-leaderboard.tsx:10:3
To use "use cache", please enable the feature flag `cacheComponents` in your Next.js config.
    
    Read more: https://nextjs.org/docs/canary/app/api-reference/directives/use-cache#usage
   8 |
   9 | export async function HomeLead...
> 10 |   "use cache";
     |   ^^^^^^^^^^^
  11 |   cacheLife({ expire: 3600 });
  12 |
  13 |   // Chamada de API direto no ...

Ecmascript file had an error

Import trace:
  Server Component:
    ./src/app/components/home-leaderboard.tsx
    ./src/app/page.tsx @ http://localhost:3000/_next/static/chunks/0kd0_next_dist_02e_ku3._.js:1945
[  988890ms] [ERROR] ./src/app/leaderboard/page.tsx:9:3
To use "use cache", please enable the feature flag `cacheComponents` in your Next.js config.
    
    Read more: https://nextjs.org/docs/canary/app/api-reference/directives/use-cache#usage
   7 |
   8 | export default async function ...
>  9 |   "use cache";
     |   ^^^^^^^^^^^
  10 |   cacheLife({ expire: 3600 });
  11 |
  12 |   const [leaderboardData, stat...

Ecmascript file had an error @ http://localhost:3000/_next/static/chunks/0kd0_next_dist_02e_ku3._.js:1945
[  988939ms] [ERROR] ./src/app/components/home-leaderboard.tsx:10:3
To use "use cache", please enable the feature flag `cacheComponents` in your Next.js config.
    
    Read more: https://nextjs.org/docs/canary/app/api-reference/directives/use-cache#usage
   8 |
   9 | export async function HomeLead...
> 10 |   "use cache";
     |   ^^^^^^^^^^^
  11 |   cacheLife({ expire: 3600 });
  12 |
  13 |   // Chamada de API direto no ...

Ecmascript file had an error

Import trace:
  Server Component:
    ./src/app/components/home-leaderboard.tsx
    ./src/app/page.tsx @ http://localhost:3000/_next/static/chunks/0kd0_next_dist_02e_ku3._.js:1945
[  988939ms] [ERROR] ./src/app/leaderboard/page.tsx:9:3
To use "use cache", please enable the feature flag `cacheComponents` in your Next.js config.
    
    Read more: https://nextjs.org/docs/canary/app/api-reference/directives/use-cache#usage
   7 |
   8 | export default async function ...
>  9 |   "use cache";
     |   ^^^^^^^^^^^
  10 |   cacheLife({ expire: 3600 });
  11 |
  12 |   const [leaderboardData, stat...

Ecmascript file had an error @ http://localhost:3000/_next/static/chunks/0kd0_next_dist_02e_ku3._.js:1945
[  988987ms] [ERROR] ./src/app/components/home-leaderboard.tsx:10:3
To use "use cache", please enable the feature flag `cacheComponents` in your Next.js config.
    
    Read more: https://nextjs.org/docs/canary/app/api-reference/directives/use-cache#usage
   8 |
   9 | export async function HomeLead...
> 10 |   "use cache";
     |   ^^^^^^^^^^^
  11 |   cacheLife({ expire: 3600 });
  12 |
  13 |   // Chamada de API direto no ...

Ecmascript file had an error

Import trace:
  Server Component:
    ./src/app/components/home-leaderboard.tsx
    ./src/app/page.tsx @ http://localhost:3000/_next/static/chunks/0kd0_next_dist_02e_ku3._.js:1945
[  988987ms] [ERROR] ./src/app/leaderboard/page.tsx:9:3
To use "use cache", please enable the feature flag `cacheComponents` in your Next.js config.
    
    Read more: https://nextjs.org/docs/canary/app/api-reference/directives/use-cache#usage
   7 |
   8 | export default async function ...
>  9 |   "use cache";
     |   ^^^^^^^^^^^
  10 |   cacheLife({ expire: 3600 });
  11 |
  12 |   const [leaderboardData, stat...

Ecmascript file had an error @ http://localhost:3000/_next/static/chunks/0kd0_next_dist_02e_ku3._.js:1945
[  989038ms] [ERROR] ./src/app/components/home-leaderboard.tsx:10:3
To use "use cache", please enable the feature flag `cacheComponents` in your Next.js config.
    
    Read more: https://nextjs.org/docs/canary/app/api-reference/directives/use-cache#usage
   8 |
   9 | export async function HomeLead...
> 10 |   "use cache";
     |   ^^^^^^^^^^^
  11 |   cacheLife({ expire: 3600 });
  12 |
  13 |   // Chamada de API direto no ...

Ecmascript file had an error

Import trace:
  Server Component:
    ./src/app/components/home-leaderboard.tsx
    ./src/app/page.tsx @ http://localhost:3000/_next/static/chunks/0kd0_next_dist_02e_ku3._.js:1945
[  989038ms] [ERROR] ./src/app/leaderboard/page.tsx:9:3
To use "use cache", please enable the feature flag `cacheComponents` in your Next.js config.
    
    Read more: https://nextjs.org/docs/canary/app/api-reference/directives/use-cache#usage
   7 |
   8 | export default async function ...
>  9 |   "use cache";
     |   ^^^^^^^^^^^
  10 |   cacheLife({ expire: 3600 });
  11 |
  12 |   const [leaderboardData, stat...

Ecmascript file had an error @ http://localhost:3000/_next/static/chunks/0kd0_next_dist_02e_ku3._.js:1945
[  989088ms] [ERROR] ./src/app/components/home-leaderboard.tsx:10:3
To use "use cache", please enable the feature flag `cacheComponents` in your Next.js config.
    
    Read more: https://nextjs.org/docs/canary/app/api-reference/directives/use-cache#usage
   8 |
   9 | export async function HomeLead...
> 10 |   "use cache";
     |   ^^^^^^^^^^^
  11 |   cacheLife({ expire: 3600 });
  12 |
  13 |   // Chamada de API direto no ...

Ecmascript file had an error

Import trace:
  Server Component:
    ./src/app/components/home-leaderboard.tsx
    ./src/app/page.tsx @ http://localhost:3000/_next/static/chunks/0kd0_next_dist_02e_ku3._.js:1945
[  989088ms] [ERROR] ./src/app/leaderboard/page.tsx:9:3
To use "use cache", please enable the feature flag `cacheComponents` in your Next.js config.
    
    Read more: https://nextjs.org/docs/canary/app/api-reference/directives/use-cache#usage
   7 |
   8 | export default async function ...
>  9 |   "use cache";
     |   ^^^^^^^^^^^
  10 |   cacheLife({ expire: 3600 });
  11 |
  12 |   const [leaderboardData, stat...

Ecmascript file had an error @ http://localhost:3000/_next/static/chunks/0kd0_next_dist_02e_ku3._.js:1945
[  989141ms] [ERROR] ./src/app/components/home-leaderboard.tsx:10:3
To use "use cache", please enable the feature flag `cacheComponents` in your Next.js config.
    
    Read more: https://nextjs.org/docs/canary/app/api-reference/directives/use-cache#usage
   8 |
   9 | export async function HomeLead...
> 10 |   "use cache";
     |   ^^^^^^^^^^^
  11 |   cacheLife({ expire: 3600 });
  12 |
  13 |   // Chamada de API direto no ...

Ecmascript file had an error

Import trace:
  Server Component:
    ./src/app/components/home-leaderboard.tsx
    ./src/app/page.tsx @ http://localhost:3000/_next/static/chunks/0kd0_next_dist_02e_ku3._.js:1945
[  989141ms] [ERROR] ./src/app/leaderboard/page.tsx:9:3
To use "use cache", please enable the feature flag `cacheComponents` in your Next.js config.
    
    Read more: https://nextjs.org/docs/canary/app/api-reference/directives/use-cache#usage
   7 |
   8 | export default async function ...
>  9 |   "use cache";
     |   ^^^^^^^^^^^
  10 |   cacheLife({ expire: 3600 });
  11 |
  12 |   const [leaderboardData, stat...

Ecmascript file had an error @ http://localhost:3000/_next/static/chunks/0kd0_next_dist_02e_ku3._.js:1945
[  989192ms] [ERROR] ./src/app/components/home-leaderboard.tsx:10:3
To use "use cache", please enable the feature flag `cacheComponents` in your Next.js config.
    
    Read more: https://nextjs.org/docs/canary/app/api-reference/directives/use-cache#usage
   8 |
   9 | export async function HomeLead...
> 10 |   "use cache";
     |   ^^^^^^^^^^^
  11 |   cacheLife({ expire: 3600 });
  12 |
  13 |   // Chamada de API direto no ...

Ecmascript file had an error

Import trace:
  Server Component:
    ./src/app/components/home-leaderboard.tsx
    ./src/app/page.tsx @ http://localhost:3000/_next/static/chunks/0kd0_next_dist_02e_ku3._.js:1945
[  989192ms] [ERROR] ./src/app/leaderboard/page.tsx:9:3
To use "use cache", please enable the feature flag `cacheComponents` in your Next.js config.
    
    Read more: https://nextjs.org/docs/canary/app/api-reference/directives/use-cache#usage
   7 |
   8 | export default async function ...
>  9 |   "use cache";
     |   ^^^^^^^^^^^
  10 |   cacheLife({ expire: 3600 });
  11 |
  12 |   const [leaderboardData, stat...

Ecmascript file had an error @ http://localhost:3000/_next/static/chunks/0kd0_next_dist_02e_ku3._.js:1945
[  989242ms] [ERROR] ./src/app/components/home-leaderboard.tsx:10:3
To use "use cache", please enable the feature flag `cacheComponents` in your Next.js config.
    
    Read more: https://nextjs.org/docs/canary/app/api-reference/directives/use-cache#usage
   8 |
   9 | export async function HomeLead...
> 10 |   "use cache";
     |   ^^^^^^^^^^^
  11 |   cacheLife({ expire: 3600 });
  12 |
  13 |   // Chamada de API direto no ...

Ecmascript file had an error

Import trace:
  Server Component:
    ./src/app/components/home-leaderboard.tsx
    ./src/app/page.tsx @ http://localhost:3000/_next/static/chunks/0kd0_next_dist_02e_ku3._.js:1945
[  989242ms] [ERROR] ./src/app/leaderboard/page.tsx:9:3
To use "use cache", please enable the feature flag `cacheComponents` in your Next.js config.
    
    Read more: https://nextjs.org/docs/canary/app/api-reference/directives/use-cache#usage
   7 |
   8 | export default async function ...
>  9 |   "use cache";
     |   ^^^^^^^^^^^
  10 |   cacheLife({ expire: 3600 });
  11 |
  12 |   const [leaderboardData, stat...

Ecmascript file had an error @ http://localhost:3000/_next/static/chunks/0kd0_next_dist_02e_ku3._.js:1945
[  989289ms] [ERROR] ./src/app/components/home-leaderboard.tsx:10:3
To use "use cache", please enable the feature flag `cacheComponents` in your Next.js config.
    
    Read more: https://nextjs.org/docs/canary/app/api-reference/directives/use-cache#usage
   8 |
   9 | export async function HomeLead...
> 10 |   "use cache";
     |   ^^^^^^^^^^^
  11 |   cacheLife({ expire: 3600 });
  12 |
  13 |   // Chamada de API direto no ...

Ecmascript file had an error

Import trace:
  Server Component:
    ./src/app/components/home-leaderboard.tsx
    ./src/app/page.tsx @ http://localhost:3000/_next/static/chunks/0kd0_next_dist_02e_ku3._.js:1945
[  989289ms] [ERROR] ./src/app/leaderboard/page.tsx:9:3
To use "use cache", please enable the feature flag `cacheComponents` in your Next.js config.
    
    Read more: https://nextjs.org/docs/canary/app/api-reference/directives/use-cache#usage
   7 |
   8 | export default async function ...
>  9 |   "use cache";
     |   ^^^^^^^^^^^
  10 |   cacheLife({ expire: 3600 });
  11 |
  12 |   const [leaderboardData, stat...

Ecmascript file had an error @ http://localhost:3000/_next/static/chunks/0kd0_next_dist_02e_ku3._.js:1945
[  989338ms] [ERROR] ./src/app/components/home-leaderboard.tsx:10:3
To use "use cache", please enable the feature flag `cacheComponents` in your Next.js config.
    
    Read more: https://nextjs.org/docs/canary/app/api-reference/directives/use-cache#usage
   8 |
   9 | export async function HomeLead...
> 10 |   "use cache";
     |   ^^^^^^^^^^^
  11 |   cacheLife({ expire: 3600 });
  12 |
  13 |   // Chamada de API direto no ...

Ecmascript file had an error

Import trace:
  Server Component:
    ./src/app/components/home-leaderboard.tsx
    ./src/app/page.tsx @ http://localhost:3000/_next/static/chunks/0kd0_next_dist_02e_ku3._.js:1945
[  989338ms] [ERROR] ./src/app/leaderboard/page.tsx:9:3
To use "use cache", please enable the feature flag `cacheComponents` in your Next.js config.
    
    Read more: https://nextjs.org/docs/canary/app/api-reference/directives/use-cache#usage
   7 |
   8 | export default async function ...
>  9 |   "use cache";
     |   ^^^^^^^^^^^
  10 |   cacheLife({ expire: 3600 });
  11 |
  12 |   const [leaderboardData, stat...

Ecmascript file had an error @ http://localhost:3000/_next/static/chunks/0kd0_next_dist_02e_ku3._.js:1945
[  989388ms] [ERROR] ./src/app/components/home-leaderboard.tsx:10:3
To use "use cache", please enable the feature flag `cacheComponents` in your Next.js config.
    
    Read more: https://nextjs.org/docs/canary/app/api-reference/directives/use-cache#usage
   8 |
   9 | export async function HomeLead...
> 10 |   "use cache";
     |   ^^^^^^^^^^^
  11 |   cacheLife({ expire: 3600 });
  12 |
  13 |   // Chamada de API direto no ...

Ecmascript file had an error

Import trace:
  Server Component:
    ./src/app/components/home-leaderboard.tsx
    ./src/app/page.tsx @ http://localhost:3000/_next/static/chunks/0kd0_next_dist_02e_ku3._.js:1945
[  989388ms] [ERROR] ./src/app/leaderboard/page.tsx:9:3
To use "use cache", please enable the feature flag `cacheComponents` in your Next.js config.
    
    Read more: https://nextjs.org/docs/canary/app/api-reference/directives/use-cache#usage
   7 |
   8 | export default async function ...
>  9 |   "use cache";
     |   ^^^^^^^^^^^
  10 |   cacheLife({ expire: 3600 });
  11 |
  12 |   const [leaderboardData, stat...

Ecmascript file had an error @ http://localhost:3000/_next/static/chunks/0kd0_next_dist_02e_ku3._.js:1945
[  989438ms] [ERROR] ./src/app/components/home-leaderboard.tsx:10:3
To use "use cache", please enable the feature flag `cacheComponents` in your Next.js config.
    
    Read more: https://nextjs.org/docs/canary/app/api-reference/directives/use-cache#usage
   8 |
   9 | export async function HomeLead...
> 10 |   "use cache";
     |   ^^^^^^^^^^^
  11 |   cacheLife({ expire: 3600 });
  12 |
  13 |   // Chamada de API direto no ...

Ecmascript file had an error

Import trace:
  Server Component:
    ./src/app/components/home-leaderboard.tsx
    ./src/app/page.tsx @ http://localhost:3000/_next/static/chunks/0kd0_next_dist_02e_ku3._.js:1945
[  989438ms] [ERROR] ./src/app/leaderboard/page.tsx:9:3
To use "use cache", please enable the feature flag `cacheComponents` in your Next.js config.
    
    Read more: https://nextjs.org/docs/canary/app/api-reference/directives/use-cache#usage
   7 |
   8 | export default async function ...
>  9 |   "use cache";
     |   ^^^^^^^^^^^
  10 |   cacheLife({ expire: 3600 });
  11 |
  12 |   const [leaderboardData, stat...

Ecmascript file had an error @ http://localhost:3000/_next/static/chunks/0kd0_next_dist_02e_ku3._.js:1945
[  989487ms] [ERROR] ./src/app/components/home-leaderboard.tsx:10:3
To use "use cache", please enable the feature flag `cacheComponents` in your Next.js config.
    
    Read more: https://nextjs.org/docs/canary/app/api-reference/directives/use-cache#usage
   8 |
   9 | export async function HomeLead...
> 10 |   "use cache";
     |   ^^^^^^^^^^^
  11 |   cacheLife({ expire: 3600 });
  12 |
  13 |   // Chamada de API direto no ...

Ecmascript file had an error

Import trace:
  Server Component:
    ./src/app/components/home-leaderboard.tsx
    ./src/app/page.tsx @ http://localhost:3000/_next/static/chunks/0kd0_next_dist_02e_ku3._.js:1945
[  989487ms] [ERROR] ./src/app/leaderboard/page.tsx:9:3
To use "use cache", please enable the feature flag `cacheComponents` in your Next.js config.
    
    Read more: https://nextjs.org/docs/canary/app/api-reference/directives/use-cache#usage
   7 |
   8 | export default async function ...
>  9 |   "use cache";
     |   ^^^^^^^^^^^
  10 |   cacheLife({ expire: 3600 });
  11 |
  12 |   const [leaderboardData, stat...

Ecmascript file had an error @ http://localhost:3000/_next/static/chunks/0kd0_next_dist_02e_ku3._.js:1945
[  989536ms] [ERROR] ./src/app/components/home-leaderboard.tsx:10:3
To use "use cache", please enable the feature flag `cacheComponents` in your Next.js config.
    
    Read more: https://nextjs.org/docs/canary/app/api-reference/directives/use-cache#usage
   8 |
   9 | export async function HomeLead...
> 10 |   "use cache";
     |   ^^^^^^^^^^^
  11 |   cacheLife({ expire: 3600 });
  12 |
  13 |   // Chamada de API direto no ...

Ecmascript file had an error

Import trace:
  Server Component:
    ./src/app/components/home-leaderboard.tsx
    ./src/app/page.tsx @ http://localhost:3000/_next/static/chunks/0kd0_next_dist_02e_ku3._.js:1945
[  989536ms] [ERROR] ./src/app/leaderboard/page.tsx:9:3
To use "use cache", please enable the feature flag `cacheComponents` in your Next.js config.
    
    Read more: https://nextjs.org/docs/canary/app/api-reference/directives/use-cache#usage
   7 |
   8 | export default async function ...
>  9 |   "use cache";
     |   ^^^^^^^^^^^
  10 |   cacheLife({ expire: 3600 });
  11 |
  12 |   const [leaderboardData, stat...

Ecmascript file had an error @ http://localhost:3000/_next/static/chunks/0kd0_next_dist_02e_ku3._.js:1945
[  989585ms] [ERROR] ./src/app/components/home-leaderboard.tsx:10:3
To use "use cache", please enable the feature flag `cacheComponents` in your Next.js config.
    
    Read more: https://nextjs.org/docs/canary/app/api-reference/directives/use-cache#usage
   8 |
   9 | export async function HomeLead...
> 10 |   "use cache";
     |   ^^^^^^^^^^^
  11 |   cacheLife({ expire: 3600 });
  12 |
  13 |   // Chamada de API direto no ...

Ecmascript file had an error

Import trace:
  Server Component:
    ./src/app/components/home-leaderboard.tsx
    ./src/app/page.tsx @ http://localhost:3000/_next/static/chunks/0kd0_next_dist_02e_ku3._.js:1945
[  989585ms] [ERROR] ./src/app/leaderboard/page.tsx:9:3
To use "use cache", please enable the feature flag `cacheComponents` in your Next.js config.
    
    Read more: https://nextjs.org/docs/canary/app/api-reference/directives/use-cache#usage
   7 |
   8 | export default async function ...
>  9 |   "use cache";
     |   ^^^^^^^^^^^
  10 |   cacheLife({ expire: 3600 });
  11 |
  12 |   const [leaderboardData, stat...

Ecmascript file had an error @ http://localhost:3000/_next/static/chunks/0kd0_next_dist_02e_ku3._.js:1945
[  989636ms] [ERROR] ./src/app/components/home-leaderboard.tsx:10:3
To use "use cache", please enable the feature flag `cacheComponents` in your Next.js config.
    
    Read more: https://nextjs.org/docs/canary/app/api-reference/directives/use-cache#usage
   8 |
   9 | export async function HomeLead...
> 10 |   "use cache";
     |   ^^^^^^^^^^^
  11 |   cacheLife({ expire: 3600 });
  12 |
  13 |   // Chamada de API direto no ...

Ecmascript file had an error

Import trace:
  Server Component:
    ./src/app/components/home-leaderboard.tsx
    ./src/app/page.tsx @ http://localhost:3000/_next/static/chunks/0kd0_next_dist_02e_ku3._.js:1945
[  989636ms] [ERROR] ./src/app/leaderboard/page.tsx:9:3
To use "use cache", please enable the feature flag `cacheComponents` in your Next.js config.
    
    Read more: https://nextjs.org/docs/canary/app/api-reference/directives/use-cache#usage
   7 |
   8 | export default async function ...
>  9 |   "use cache";
     |   ^^^^^^^^^^^
  10 |   cacheLife({ expire: 3600 });
  11 |
  12 |   const [leaderboardData, stat...

Ecmascript file had an error @ http://localhost:3000/_next/static/chunks/0kd0_next_dist_02e_ku3._.js:1945
[  989687ms] [ERROR] ./src/app/components/home-leaderboard.tsx:10:3
To use "use cache", please enable the feature flag `cacheComponents` in your Next.js config.
    
    Read more: https://nextjs.org/docs/canary/app/api-reference/directives/use-cache#usage
   8 |
   9 | export async function HomeLead...
> 10 |   "use cache";
     |   ^^^^^^^^^^^
  11 |   cacheLife({ expire: 3600 });
  12 |
  13 |   // Chamada de API direto no ...

Ecmascript file had an error

Import trace:
  Server Component:
    ./src/app/components/home-leaderboard.tsx
    ./src/app/page.tsx @ http://localhost:3000/_next/static/chunks/0kd0_next_dist_02e_ku3._.js:1945
[  989687ms] [ERROR] ./src/app/leaderboard/page.tsx:9:3
To use "use cache", please enable the feature flag `cacheComponents` in your Next.js config.
    
    Read more: https://nextjs.org/docs/canary/app/api-reference/directives/use-cache#usage
   7 |
   8 | export default async function ...
>  9 |   "use cache";
     |   ^^^^^^^^^^^
  10 |   cacheLife({ expire: 3600 });
  11 |
  12 |   const [leaderboardData, stat...

Ecmascript file had an error @ http://localhost:3000/_next/static/chunks/0kd0_next_dist_02e_ku3._.js:1945
[  989737ms] [ERROR] ./src/app/components/home-leaderboard.tsx:10:3
To use "use cache", please enable the feature flag `cacheComponents` in your Next.js config.
    
    Read more: https://nextjs.org/docs/canary/app/api-reference/directives/use-cache#usage
   8 |
   9 | export async function HomeLead...
> 10 |   "use cache";
     |   ^^^^^^^^^^^
  11 |   cacheLife({ expire: 3600 });
  12 |
  13 |   // Chamada de API direto no ...

Ecmascript file had an error

Import trace:
  Server Component:
    ./src/app/components/home-leaderboard.tsx
    ./src/app/page.tsx @ http://localhost:3000/_next/static/chunks/0kd0_next_dist_02e_ku3._.js:1945
[  989737ms] [ERROR] ./src/app/leaderboard/page.tsx:9:3
To use "use cache", please enable the feature flag `cacheComponents` in your Next.js config.
    
    Read more: https://nextjs.org/docs/canary/app/api-reference/directives/use-cache#usage
   7 |
   8 | export default async function ...
>  9 |   "use cache";
     |   ^^^^^^^^^^^
  10 |   cacheLife({ expire: 3600 });
  11 |
  12 |   const [leaderboardData, stat...

Ecmascript file had an error @ http://localhost:3000/_next/static/chunks/0kd0_next_dist_02e_ku3._.js:1945
[  989787ms] [ERROR] ./src/app/components/home-leaderboard.tsx:10:3
To use "use cache", please enable the feature flag `cacheComponents` in your Next.js config.
    
    Read more: https://nextjs.org/docs/canary/app/api-reference/directives/use-cache#usage
   8 |
   9 | export async function HomeLead...
> 10 |   "use cache";
     |   ^^^^^^^^^^^
  11 |   cacheLife({ expire: 3600 });
  12 |
  13 |   // Chamada de API direto no ...

Ecmascript file had an error

Import trace:
  Server Component:
    ./src/app/components/home-leaderboard.tsx
    ./src/app/page.tsx @ http://localhost:3000/_next/static/chunks/0kd0_next_dist_02e_ku3._.js:1945
[  989787ms] [ERROR] ./src/app/leaderboard/page.tsx:9:3
To use "use cache", please enable the feature flag `cacheComponents` in your Next.js config.
    
    Read more: https://nextjs.org/docs/canary/app/api-reference/directives/use-cache#usage
   7 |
   8 | export default async function ...
>  9 |   "use cache";
     |   ^^^^^^^^^^^
  10 |   cacheLife({ expire: 3600 });
  11 |
  12 |   const [leaderboardData, stat...

Ecmascript file had an error @ http://localhost:3000/_next/static/chunks/0kd0_next_dist_02e_ku3._.js:1945
[  989831ms] [ERROR] ./src/app/components/home-leaderboard.tsx:10:3
To use "use cache", please enable the feature flag `cacheComponents` in your Next.js config.
    
    Read more: https://nextjs.org/docs/canary/app/api-reference/directives/use-cache#usage
   8 |
   9 | export async function HomeLead...
> 10 |   "use cache";
     |   ^^^^^^^^^^^
  11 |   cacheLife({ expire: 3600 });
  12 |
  13 |   // Chamada de API direto no ...

Ecmascript file had an error

Import trace:
  Server Component:
    ./src/app/components/home-leaderboard.tsx
    ./src/app/page.tsx @ http://localhost:3000/_next/static/chunks/0kd0_next_dist_02e_ku3._.js:1945
[  989831ms] [ERROR] ./src/app/leaderboard/page.tsx:9:3
To use "use cache", please enable the feature flag `cacheComponents` in your Next.js config.
    
    Read more: https://nextjs.org/docs/canary/app/api-reference/directives/use-cache#usage
   7 |
   8 | export default async function ...
>  9 |   "use cache";
     |   ^^^^^^^^^^^
  10 |   cacheLife({ expire: 3600 });
  11 |
  12 |   const [leaderboardData, stat...

Ecmascript file had an error @ http://localhost:3000/_next/static/chunks/0kd0_next_dist_02e_ku3._.js:1945
[  989880ms] [ERROR] ./src/app/components/home-leaderboard.tsx:10:3
To use "use cache", please enable the feature flag `cacheComponents` in your Next.js config.
    
    Read more: https://nextjs.org/docs/canary/app/api-reference/directives/use-cache#usage
   8 |
   9 | export async function HomeLead...
> 10 |   "use cache";
     |   ^^^^^^^^^^^
  11 |   cacheLife({ expire: 3600 });
  12 |
  13 |   // Chamada de API direto no ...

Ecmascript file had an error

Import trace:
  Server Component:
    ./src/app/components/home-leaderboard.tsx
    ./src/app/page.tsx @ http://localhost:3000/_next/static/chunks/0kd0_next_dist_02e_ku3._.js:1945
[  989880ms] [ERROR] ./src/app/leaderboard/page.tsx:9:3
To use "use cache", please enable the feature flag `cacheComponents` in your Next.js config.
    
    Read more: https://nextjs.org/docs/canary/app/api-reference/directives/use-cache#usage
   7 |
   8 | export default async function ...
>  9 |   "use cache";
     |   ^^^^^^^^^^^
  10 |   cacheLife({ expire: 3600 });
  11 |
  12 |   const [leaderboardData, stat...

Ecmascript file had an error @ http://localhost:3000/_next/static/chunks/0kd0_next_dist_02e_ku3._.js:1945
[  989928ms] [ERROR] ./src/app/components/home-leaderboard.tsx:10:3
To use "use cache", please enable the feature flag `cacheComponents` in your Next.js config.
    
    Read more: https://nextjs.org/docs/canary/app/api-reference/directives/use-cache#usage
   8 |
   9 | export async function HomeLead...
> 10 |   "use cache";
     |   ^^^^^^^^^^^
  11 |   cacheLife({ expire: 3600 });
  12 |
  13 |   // Chamada de API direto no ...

Ecmascript file had an error

Import trace:
  Server Component:
    ./src/app/components/home-leaderboard.tsx
    ./src/app/page.tsx @ http://localhost:3000/_next/static/chunks/0kd0_next_dist_02e_ku3._.js:1945
[  989928ms] [ERROR] ./src/app/leaderboard/page.tsx:9:3
To use "use cache", please enable the feature flag `cacheComponents` in your Next.js config.
    
    Read more: https://nextjs.org/docs/canary/app/api-reference/directives/use-cache#usage
   7 |
   8 | export default async function ...
>  9 |   "use cache";
     |   ^^^^^^^^^^^
  10 |   cacheLife({ expire: 3600 });
  11 |
  12 |   const [leaderboardData, stat...

Ecmascript file had an error @ http://localhost:3000/_next/static/chunks/0kd0_next_dist_02e_ku3._.js:1945
[  989980ms] [ERROR] ./src/app/components/home-leaderboard.tsx:10:3
To use "use cache", please enable the feature flag `cacheComponents` in your Next.js config.
    
    Read more: https://nextjs.org/docs/canary/app/api-reference/directives/use-cache#usage
   8 |
   9 | export async function HomeLead...
> 10 |   "use cache";
     |   ^^^^^^^^^^^
  11 |   cacheLife({ expire: 3600 });
  12 |
  13 |   // Chamada de API direto no ...

Ecmascript file had an error

Import trace:
  Server Component:
    ./src/app/components/home-leaderboard.tsx
    ./src/app/page.tsx @ http://localhost:3000/_next/static/chunks/0kd0_next_dist_02e_ku3._.js:1945
[  989980ms] [ERROR] ./src/app/leaderboard/page.tsx:9:3
To use "use cache", please enable the feature flag `cacheComponents` in your Next.js config.
    
    Read more: https://nextjs.org/docs/canary/app/api-reference/directives/use-cache#usage
   7 |
   8 | export default async function ...
>  9 |   "use cache";
     |   ^^^^^^^^^^^
  10 |   cacheLife({ expire: 3600 });
  11 |
  12 |   const [leaderboardData, stat...

Ecmascript file had an error @ http://localhost:3000/_next/static/chunks/0kd0_next_dist_02e_ku3._.js:1945
[  990029ms] [ERROR] ./src/app/components/home-leaderboard.tsx:10:3
To use "use cache", please enable the feature flag `cacheComponents` in your Next.js config.
    
    Read more: https://nextjs.org/docs/canary/app/api-reference/directives/use-cache#usage
   8 |
   9 | export async function HomeLead...
> 10 |   "use cache";
     |   ^^^^^^^^^^^
  11 |   cacheLife({ expire: 3600 });
  12 |
  13 |   // Chamada de API direto no ...

Ecmascript file had an error

Import trace:
  Server Component:
    ./src/app/components/home-leaderboard.tsx
    ./src/app/page.tsx @ http://localhost:3000/_next/static/chunks/0kd0_next_dist_02e_ku3._.js:1945
[  990029ms] [ERROR] ./src/app/leaderboard/page.tsx:9:3
To use "use cache", please enable the feature flag `cacheComponents` in your Next.js config.
    
    Read more: https://nextjs.org/docs/canary/app/api-reference/directives/use-cache#usage
   7 |
   8 | export default async function ...
>  9 |   "use cache";
     |   ^^^^^^^^^^^
  10 |   cacheLife({ expire: 3600 });
  11 |
  12 |   const [leaderboardData, stat...

Ecmascript file had an error @ http://localhost:3000/_next/static/chunks/0kd0_next_dist_02e_ku3._.js:1945
[  990080ms] [ERROR] ./src/app/components/home-leaderboard.tsx:10:3
To use "use cache", please enable the feature flag `cacheComponents` in your Next.js config.
    
    Read more: https://nextjs.org/docs/canary/app/api-reference/directives/use-cache#usage
   8 |
   9 | export async function HomeLead...
> 10 |   "use cache";
     |   ^^^^^^^^^^^
  11 |   cacheLife({ expire: 3600 });
  12 |
  13 |   // Chamada de API direto no ...

Ecmascript file had an error

Import trace:
  Server Component:
    ./src/app/components/home-leaderboard.tsx
    ./src/app/page.tsx @ http://localhost:3000/_next/static/chunks/0kd0_next_dist_02e_ku3._.js:1945
[  990080ms] [ERROR] ./src/app/leaderboard/page.tsx:9:3
To use "use cache", please enable the feature flag `cacheComponents` in your Next.js config.
    
    Read more: https://nextjs.org/docs/canary/app/api-reference/directives/use-cache#usage
   7 |
   8 | export default async function ...
>  9 |   "use cache";
     |   ^^^^^^^^^^^
  10 |   cacheLife({ expire: 3600 });
  11 |
  12 |   const [leaderboardData, stat...

Ecmascript file had an error @ http://localhost:3000/_next/static/chunks/0kd0_next_dist_02e_ku3._.js:1945
[  990133ms] [ERROR] ./src/app/components/home-leaderboard.tsx:10:3
To use "use cache", please enable the feature flag `cacheComponents` in your Next.js config.
    
    Read more: https://nextjs.org/docs/canary/app/api-reference/directives/use-cache#usage
   8 |
   9 | export async function HomeLead...
> 10 |   "use cache";
     |   ^^^^^^^^^^^
  11 |   cacheLife({ expire: 3600 });
  12 |
  13 |   // Chamada de API direto no ...

Ecmascript file had an error

Import trace:
  Server Component:
    ./src/app/components/home-leaderboard.tsx
    ./src/app/page.tsx @ http://localhost:3000/_next/static/chunks/0kd0_next_dist_02e_ku3._.js:1945
[  990133ms] [ERROR] ./src/app/leaderboard/page.tsx:9:3
To use "use cache", please enable the feature flag `cacheComponents` in your Next.js config.
    
    Read more: https://nextjs.org/docs/canary/app/api-reference/directives/use-cache#usage
   7 |
   8 | export default async function ...
>  9 |   "use cache";
     |   ^^^^^^^^^^^
  10 |   cacheLife({ expire: 3600 });
  11 |
  12 |   const [leaderboardData, stat...

Ecmascript file had an error @ http://localhost:3000/_next/static/chunks/0kd0_next_dist_02e_ku3._.js:1945
[  990176ms] [ERROR] ./src/app/components/home-leaderboard.tsx:10:3
To use "use cache", please enable the feature flag `cacheComponents` in your Next.js config.
    
    Read more: https://nextjs.org/docs/canary/app/api-reference/directives/use-cache#usage
   8 |
   9 | export async function HomeLead...
> 10 |   "use cache";
     |   ^^^^^^^^^^^
  11 |   cacheLife({ expire: 3600 });
  12 |
  13 |   // Chamada de API direto no ...

Ecmascript file had an error

Import trace:
  Server Component:
    ./src/app/components/home-leaderboard.tsx
    ./src/app/page.tsx @ http://localhost:3000/_next/static/chunks/0kd0_next_dist_02e_ku3._.js:1945
[  990176ms] [ERROR] ./src/app/leaderboard/page.tsx:9:3
To use "use cache", please enable the feature flag `cacheComponents` in your Next.js config.
    
    Read more: https://nextjs.org/docs/canary/app/api-reference/directives/use-cache#usage
   7 |
   8 | export default async function ...
>  9 |   "use cache";
     |   ^^^^^^^^^^^
  10 |   cacheLife({ expire: 3600 });
  11 |
  12 |   const [leaderboardData, stat...

Ecmascript file had an error @ http://localhost:3000/_next/static/chunks/0kd0_next_dist_02e_ku3._.js:1945
[  990228ms] [ERROR] ./src/app/components/home-leaderboard.tsx:10:3
To use "use cache", please enable the feature flag `cacheComponents` in your Next.js config.
    
    Read more: https://nextjs.org/docs/canary/app/api-reference/directives/use-cache#usage
   8 |
   9 | export async function HomeLead...
> 10 |   "use cache";
     |   ^^^^^^^^^^^
  11 |   cacheLife({ expire: 3600 });
  12 |
  13 |   // Chamada de API direto no ...

Ecmascript file had an error

Import trace:
  Server Component:
    ./src/app/components/home-leaderboard.tsx
    ./src/app/page.tsx @ http://localhost:3000/_next/static/chunks/0kd0_next_dist_02e_ku3._.js:1945
[  990228ms] [ERROR] ./src/app/leaderboard/page.tsx:9:3
To use "use cache", please enable the feature flag `cacheComponents` in your Next.js config.
    
    Read more: https://nextjs.org/docs/canary/app/api-reference/directives/use-cache#usage
   7 |
   8 | export default async function ...
>  9 |   "use cache";
     |   ^^^^^^^^^^^
  10 |   cacheLife({ expire: 3600 });
  11 |
  12 |   const [leaderboardData, stat...

Ecmascript file had an error @ http://localhost:3000/_next/static/chunks/0kd0_next_dist_02e_ku3._.js:1945
[  990279ms] [ERROR] ./src/app/components/home-leaderboard.tsx:10:3
To use "use cache", please enable the feature flag `cacheComponents` in your Next.js config.
    
    Read more: https://nextjs.org/docs/canary/app/api-reference/directives/use-cache#usage
   8 |
   9 | export async function HomeLead...
> 10 |   "use cache";
     |   ^^^^^^^^^^^
  11 |   cacheLife({ expire: 3600 });
  12 |
  13 |   // Chamada de API direto no ...

Ecmascript file had an error

Import trace:
  Server Component:
    ./src/app/components/home-leaderboard.tsx
    ./src/app/page.tsx @ http://localhost:3000/_next/static/chunks/0kd0_next_dist_02e_ku3._.js:1945
[  990279ms] [ERROR] ./src/app/leaderboard/page.tsx:9:3
To use "use cache", please enable the feature flag `cacheComponents` in your Next.js config.
    
    Read more: https://nextjs.org/docs/canary/app/api-reference/directives/use-cache#usage
   7 |
   8 | export default async function ...
>  9 |   "use cache";
     |   ^^^^^^^^^^^
  10 |   cacheLife({ expire: 3600 });
  11 |
  12 |   const [leaderboardData, stat...

Ecmascript file had an error @ http://localhost:3000/_next/static/chunks/0kd0_next_dist_02e_ku3._.js:1945
[  990330ms] [ERROR] ./src/app/components/home-leaderboard.tsx:10:3
To use "use cache", please enable the feature flag `cacheComponents` in your Next.js config.
    
    Read more: https://nextjs.org/docs/canary/app/api-reference/directives/use-cache#usage
   8 |
   9 | export async function HomeLead...
> 10 |   "use cache";
     |   ^^^^^^^^^^^
  11 |   cacheLife({ expire: 3600 });
  12 |
  13 |   // Chamada de API direto no ...

Ecmascript file had an error

Import trace:
  Server Component:
    ./src/app/components/home-leaderboard.tsx
    ./src/app/page.tsx @ http://localhost:3000/_next/static/chunks/0kd0_next_dist_02e_ku3._.js:1945
[  990330ms] [ERROR] ./src/app/leaderboard/page.tsx:9:3
To use "use cache", please enable the feature flag `cacheComponents` in your Next.js config.
    
    Read more: https://nextjs.org/docs/canary/app/api-reference/directives/use-cache#usage
   7 |
   8 | export default async function ...
>  9 |   "use cache";
     |   ^^^^^^^^^^^
  10 |   cacheLife({ expire: 3600 });
  11 |
  12 |   const [leaderboardData, stat...

Ecmascript file had an error @ http://localhost:3000/_next/static/chunks/0kd0_next_dist_02e_ku3._.js:1945
[  990381ms] [ERROR] ./src/app/components/home-leaderboard.tsx:10:3
To use "use cache", please enable the feature flag `cacheComponents` in your Next.js config.
    
    Read more: https://nextjs.org/docs/canary/app/api-reference/directives/use-cache#usage
   8 |
   9 | export async function HomeLead...
> 10 |   "use cache";
     |   ^^^^^^^^^^^
  11 |   cacheLife({ expire: 3600 });
  12 |
  13 |   // Chamada de API direto no ...

Ecmascript file had an error

Import trace:
  Server Component:
    ./src/app/components/home-leaderboard.tsx
    ./src/app/page.tsx @ http://localhost:3000/_next/static/chunks/0kd0_next_dist_02e_ku3._.js:1945
[  990381ms] [ERROR] ./src/app/leaderboard/page.tsx:9:3
To use "use cache", please enable the feature flag `cacheComponents` in your Next.js config.
    
    Read more: https://nextjs.org/docs/canary/app/api-reference/directives/use-cache#usage
   7 |
   8 | export default async function ...
>  9 |   "use cache";
     |   ^^^^^^^^^^^
  10 |   cacheLife({ expire: 3600 });
  11 |
  12 |   const [leaderboardData, stat...

Ecmascript file had an error @ http://localhost:3000/_next/static/chunks/0kd0_next_dist_02e_ku3._.js:1945
[  990432ms] [ERROR] ./src/app/components/home-leaderboard.tsx:10:3
To use "use cache", please enable the feature flag `cacheComponents` in your Next.js config.
    
    Read more: https://nextjs.org/docs/canary/app/api-reference/directives/use-cache#usage
   8 |
   9 | export async function HomeLead...
> 10 |   "use cache";
     |   ^^^^^^^^^^^
  11 |   cacheLife({ expire: 3600 });
  12 |
  13 |   // Chamada de API direto no ...

Ecmascript file had an error

Import trace:
  Server Component:
    ./src/app/components/home-leaderboard.tsx
    ./src/app/page.tsx @ http://localhost:3000/_next/static/chunks/0kd0_next_dist_02e_ku3._.js:1945
[  990432ms] [ERROR] ./src/app/leaderboard/page.tsx:9:3
To use "use cache", please enable the feature flag `cacheComponents` in your Next.js config.
    
    Read more: https://nextjs.org/docs/canary/app/api-reference/directives/use-cache#usage
   7 |
   8 | export default async function ...
>  9 |   "use cache";
     |   ^^^^^^^^^^^
  10 |   cacheLife({ expire: 3600 });
  11 |
  12 |   const [leaderboardData, stat...

Ecmascript file had an error @ http://localhost:3000/_next/static/chunks/0kd0_next_dist_02e_ku3._.js:1945
[  990483ms] [ERROR] ./src/app/components/home-leaderboard.tsx:10:3
To use "use cache", please enable the feature flag `cacheComponents` in your Next.js config.
    
    Read more: https://nextjs.org/docs/canary/app/api-reference/directives/use-cache#usage
   8 |
   9 | export async function HomeLead...
> 10 |   "use cache";
     |   ^^^^^^^^^^^
  11 |   cacheLife({ expire: 3600 });
  12 |
  13 |   // Chamada de API direto no ...

Ecmascript file had an error

Import trace:
  Server Component:
    ./src/app/components/home-leaderboard.tsx
    ./src/app/page.tsx @ http://localhost:3000/_next/static/chunks/0kd0_next_dist_02e_ku3._.js:1945
[  990483ms] [ERROR] ./src/app/leaderboard/page.tsx:9:3
To use "use cache", please enable the feature flag `cacheComponents` in your Next.js config.
    
    Read more: https://nextjs.org/docs/canary/app/api-reference/directives/use-cache#usage
   7 |
   8 | export default async function ...
>  9 |   "use cache";
     |   ^^^^^^^^^^^
  10 |   cacheLife({ expire: 3600 });
  11 |
  12 |   const [leaderboardData, stat...

Ecmascript file had an error @ http://localhost:3000/_next/static/chunks/0kd0_next_dist_02e_ku3._.js:1945
[  990533ms] [ERROR] ./src/app/components/home-leaderboard.tsx:10:3
To use "use cache", please enable the feature flag `cacheComponents` in your Next.js config.
    
    Read more: https://nextjs.org/docs/canary/app/api-reference/directives/use-cache#usage
   8 |
   9 | export async function HomeLead...
> 10 |   "use cache";
     |   ^^^^^^^^^^^
  11 |   cacheLife({ expire: 3600 });
  12 |
  13 |   // Chamada de API direto no ...

Ecmascript file had an error

Import trace:
  Server Component:
    ./src/app/components/home-leaderboard.tsx
    ./src/app/page.tsx @ http://localhost:3000/_next/static/chunks/0kd0_next_dist_02e_ku3._.js:1945
[  990533ms] [ERROR] ./src/app/leaderboard/page.tsx:9:3
To use "use cache", please enable the feature flag `cacheComponents` in your Next.js config.
    
    Read more: https://nextjs.org/docs/canary/app/api-reference/directives/use-cache#usage
   7 |
   8 | export default async function ...
>  9 |   "use cache";
     |   ^^^^^^^^^^^
  10 |   cacheLife({ expire: 3600 });
  11 |
  12 |   const [leaderboardData, stat...

Ecmascript file had an error @ http://localhost:3000/_next/static/chunks/0kd0_next_dist_02e_ku3._.js:1945
[  990580ms] [ERROR] ./src/app/components/home-leaderboard.tsx:10:3
To use "use cache", please enable the feature flag `cacheComponents` in your Next.js config.
    
    Read more: https://nextjs.org/docs/canary/app/api-reference/directives/use-cache#usage
   8 |
   9 | export async function HomeLead...
> 10 |   "use cache";
     |   ^^^^^^^^^^^
  11 |   cacheLife({ expire: 3600 });
  12 |
  13 |   // Chamada de API direto no ...

Ecmascript file had an error

Import trace:
  Server Component:
    ./src/app/components/home-leaderboard.tsx
    ./src/app/page.tsx @ http://localhost:3000/_next/static/chunks/0kd0_next_dist_02e_ku3._.js:1945
[  990580ms] [ERROR] ./src/app/leaderboard/page.tsx:9:3
To use "use cache", please enable the feature flag `cacheComponents` in your Next.js config.
    
    Read more: https://nextjs.org/docs/canary/app/api-reference/directives/use-cache#usage
   7 |
   8 | export default async function ...
>  9 |   "use cache";
     |   ^^^^^^^^^^^
  10 |   cacheLife({ expire: 3600 });
  11 |
  12 |   const [leaderboardData, stat...

Ecmascript file had an error @ http://localhost:3000/_next/static/chunks/0kd0_next_dist_02e_ku3._.js:1945
[  990630ms] [ERROR] ./src/app/components/home-leaderboard.tsx:10:3
To use "use cache", please enable the feature flag `cacheComponents` in your Next.js config.
    
    Read more: https://nextjs.org/docs/canary/app/api-reference/directives/use-cache#usage
   8 |
   9 | export async function HomeLead...
> 10 |   "use cache";
     |   ^^^^^^^^^^^
  11 |   cacheLife({ expire: 3600 });
  12 |
  13 |   // Chamada de API direto no ...

Ecmascript file had an error

Import trace:
  Server Component:
    ./src/app/components/home-leaderboard.tsx
    ./src/app/page.tsx @ http://localhost:3000/_next/static/chunks/0kd0_next_dist_02e_ku3._.js:1945
[  990630ms] [ERROR] ./src/app/leaderboard/page.tsx:9:3
To use "use cache", please enable the feature flag `cacheComponents` in your Next.js config.
    
    Read more: https://nextjs.org/docs/canary/app/api-reference/directives/use-cache#usage
   7 |
   8 | export default async function ...
>  9 |   "use cache";
     |   ^^^^^^^^^^^
  10 |   cacheLife({ expire: 3600 });
  11 |
  12 |   const [leaderboardData, stat...

Ecmascript file had an error @ http://localhost:3000/_next/static/chunks/0kd0_next_dist_02e_ku3._.js:1945
[  990680ms] [ERROR] ./src/app/components/home-leaderboard.tsx:10:3
To use "use cache", please enable the feature flag `cacheComponents` in your Next.js config.
    
    Read more: https://nextjs.org/docs/canary/app/api-reference/directives/use-cache#usage
   8 |
   9 | export async function HomeLead...
> 10 |   "use cache";
     |   ^^^^^^^^^^^
  11 |   cacheLife({ expire: 3600 });
  12 |
  13 |   // Chamada de API direto no ...

Ecmascript file had an error

Import trace:
  Server Component:
    ./src/app/components/home-leaderboard.tsx
    ./src/app/page.tsx @ http://localhost:3000/_next/static/chunks/0kd0_next_dist_02e_ku3._.js:1945
[  990680ms] [ERROR] ./src/app/leaderboard/page.tsx:9:3
To use "use cache", please enable the feature flag `cacheComponents` in your Next.js config.
    
    Read more: https://nextjs.org/docs/canary/app/api-reference/directives/use-cache#usage
   7 |
   8 | export default async function ...
>  9 |   "use cache";
     |   ^^^^^^^^^^^
  10 |   cacheLife({ expire: 3600 });
  11 |
  12 |   const [leaderboardData, stat...

Ecmascript file had an error @ http://localhost:3000/_next/static/chunks/0kd0_next_dist_02e_ku3._.js:1945
[  990731ms] [ERROR] ./src/app/components/home-leaderboard.tsx:10:3
To use "use cache", please enable the feature flag `cacheComponents` in your Next.js config.
    
    Read more: https://nextjs.org/docs/canary/app/api-reference/directives/use-cache#usage
   8 |
   9 | export async function HomeLead...
> 10 |   "use cache";
     |   ^^^^^^^^^^^
  11 |   cacheLife({ expire: 3600 });
  12 |
  13 |   // Chamada de API direto no ...

Ecmascript file had an error

Import trace:
  Server Component:
    ./src/app/components/home-leaderboard.tsx
    ./src/app/page.tsx @ http://localhost:3000/_next/static/chunks/0kd0_next_dist_02e_ku3._.js:1945
[  990731ms] [ERROR] ./src/app/leaderboard/page.tsx:9:3
To use "use cache", please enable the feature flag `cacheComponents` in your Next.js config.
    
    Read more: https://nextjs.org/docs/canary/app/api-reference/directives/use-cache#usage
   7 |
   8 | export default async function ...
>  9 |   "use cache";
     |   ^^^^^^^^^^^
  10 |   cacheLife({ expire: 3600 });
  11 |
  12 |   const [leaderboardData, stat...

Ecmascript file had an error @ http://localhost:3000/_next/static/chunks/0kd0_next_dist_02e_ku3._.js:1945
[  990782ms] [ERROR] ./src/app/components/home-leaderboard.tsx:10:3
To use "use cache", please enable the feature flag `cacheComponents` in your Next.js config.
    
    Read more: https://nextjs.org/docs/canary/app/api-reference/directives/use-cache#usage
   8 |
   9 | export async function HomeLead...
> 10 |   "use cache";
     |   ^^^^^^^^^^^
  11 |   cacheLife({ expire: 3600 });
  12 |
  13 |   // Chamada de API direto no ...

Ecmascript file had an error

Import trace:
  Server Component:
    ./src/app/components/home-leaderboard.tsx
    ./src/app/page.tsx @ http://localhost:3000/_next/static/chunks/0kd0_next_dist_02e_ku3._.js:1945
[  990782ms] [ERROR] ./src/app/leaderboard/page.tsx:9:3
To use "use cache", please enable the feature flag `cacheComponents` in your Next.js config.
    
    Read more: https://nextjs.org/docs/canary/app/api-reference/directives/use-cache#usage
   7 |
   8 | export default async function ...
>  9 |   "use cache";
     |   ^^^^^^^^^^^
  10 |   cacheLife({ expire: 3600 });
  11 |
  12 |   const [leaderboardData, stat...

Ecmascript file had an error @ http://localhost:3000/_next/static/chunks/0kd0_next_dist_02e_ku3._.js:1945
[  990830ms] [ERROR] ./src/app/components/home-leaderboard.tsx:10:3
To use "use cache", please enable the feature flag `cacheComponents` in your Next.js config.
    
    Read more: https://nextjs.org/docs/canary/app/api-reference/directives/use-cache#usage
   8 |
   9 | export async function HomeLead...
> 10 |   "use cache";
     |   ^^^^^^^^^^^
  11 |   cacheLife({ expire: 3600 });
  12 |
  13 |   // Chamada de API direto no ...

Ecmascript file had an error

Import trace:
  Server Component:
    ./src/app/components/home-leaderboard.tsx
    ./src/app/page.tsx @ http://localhost:3000/_next/static/chunks/0kd0_next_dist_02e_ku3._.js:1945
[  990830ms] [ERROR] ./src/app/leaderboard/page.tsx:9:3
To use "use cache", please enable the feature flag `cacheComponents` in your Next.js config.
    
    Read more: https://nextjs.org/docs/canary/app/api-reference/directives/use-cache#usage
   7 |
   8 | export default async function ...
>  9 |   "use cache";
     |   ^^^^^^^^^^^
  10 |   cacheLife({ expire: 3600 });
  11 |
  12 |   const [leaderboardData, stat...

Ecmascript file had an error @ http://localhost:3000/_next/static/chunks/0kd0_next_dist_02e_ku3._.js:1945
[  990878ms] [ERROR] ./src/app/components/home-leaderboard.tsx:10:3
To use "use cache", please enable the feature flag `cacheComponents` in your Next.js config.
    
    Read more: https://nextjs.org/docs/canary/app/api-reference/directives/use-cache#usage
   8 |
   9 | export async function HomeLead...
> 10 |   "use cache";
     |   ^^^^^^^^^^^
  11 |   cacheLife({ expire: 3600 });
  12 |
  13 |   // Chamada de API direto no ...

Ecmascript file had an error

Import trace:
  Server Component:
    ./src/app/components/home-leaderboard.tsx
    ./src/app/page.tsx @ http://localhost:3000/_next/static/chunks/0kd0_next_dist_02e_ku3._.js:1945
[  990878ms] [ERROR] ./src/app/leaderboard/page.tsx:9:3
To use "use cache", please enable the feature flag `cacheComponents` in your Next.js config.
    
    Read more: https://nextjs.org/docs/canary/app/api-reference/directives/use-cache#usage
   7 |
   8 | export default async function ...
>  9 |   "use cache";
     |   ^^^^^^^^^^^
  10 |   cacheLife({ expire: 3600 });
  11 |
  12 |   const [leaderboardData, stat...

Ecmascript file had an error @ http://localhost:3000/_next/static/chunks/0kd0_next_dist_02e_ku3._.js:1945
[  990927ms] [ERROR] ./src/app/components/home-leaderboard.tsx:10:3
To use "use cache", please enable the feature flag `cacheComponents` in your Next.js config.
    
    Read more: https://nextjs.org/docs/canary/app/api-reference/directives/use-cache#usage
   8 |
   9 | export async function HomeLead...
> 10 |   "use cache";
     |   ^^^^^^^^^^^
  11 |   cacheLife({ expire: 3600 });
  12 |
  13 |   // Chamada de API direto no ...

Ecmascript file had an error

Import trace:
  Server Component:
    ./src/app/components/home-leaderboard.tsx
    ./src/app/page.tsx @ http://localhost:3000/_next/static/chunks/0kd0_next_dist_02e_ku3._.js:1945
[  990927ms] [ERROR] ./src/app/leaderboard/page.tsx:9:3
To use "use cache", please enable the feature flag `cacheComponents` in your Next.js config.
    
    Read more: https://nextjs.org/docs/canary/app/api-reference/directives/use-cache#usage
   7 |
   8 | export default async function ...
>  9 |   "use cache";
     |   ^^^^^^^^^^^
  10 |   cacheLife({ expire: 3600 });
  11 |
  12 |   const [leaderboardData, stat...

Ecmascript file had an error @ http://localhost:3000/_next/static/chunks/0kd0_next_dist_02e_ku3._.js:1945
[  990975ms] [ERROR] ./src/app/components/home-leaderboard.tsx:10:3
To use "use cache", please enable the feature flag `cacheComponents` in your Next.js config.
    
    Read more: https://nextjs.org/docs/canary/app/api-reference/directives/use-cache#usage
   8 |
   9 | export async function HomeLead...
> 10 |   "use cache";
     |   ^^^^^^^^^^^
  11 |   cacheLife({ expire: 3600 });
  12 |
  13 |   // Chamada de API direto no ...

Ecmascript file had an error

Import trace:
  Server Component:
    ./src/app/components/home-leaderboard.tsx
    ./src/app/page.tsx @ http://localhost:3000/_next/static/chunks/0kd0_next_dist_02e_ku3._.js:1945
[  990975ms] [ERROR] ./src/app/leaderboard/page.tsx:9:3
To use "use cache", please enable the feature flag `cacheComponents` in your Next.js config.
    
    Read more: https://nextjs.org/docs/canary/app/api-reference/directives/use-cache#usage
   7 |
   8 | export default async function ...
>  9 |   "use cache";
     |   ^^^^^^^^^^^
  10 |   cacheLife({ expire: 3600 });
  11 |
  12 |   const [leaderboardData, stat...

Ecmascript file had an error @ http://localhost:3000/_next/static/chunks/0kd0_next_dist_02e_ku3._.js:1945
[  991024ms] [ERROR] ./src/app/components/home-leaderboard.tsx:10:3
To use "use cache", please enable the feature flag `cacheComponents` in your Next.js config.
    
    Read more: https://nextjs.org/docs/canary/app/api-reference/directives/use-cache#usage
   8 |
   9 | export async function HomeLead...
> 10 |   "use cache";
     |   ^^^^^^^^^^^
  11 |   cacheLife({ expire: 3600 });
  12 |
  13 |   // Chamada de API direto no ...

Ecmascript file had an error

Import trace:
  Server Component:
    ./src/app/components/home-leaderboard.tsx
    ./src/app/page.tsx @ http://localhost:3000/_next/static/chunks/0kd0_next_dist_02e_ku3._.js:1945
[  991024ms] [ERROR] ./src/app/leaderboard/page.tsx:9:3
To use "use cache", please enable the feature flag `cacheComponents` in your Next.js config.
    
    Read more: https://nextjs.org/docs/canary/app/api-reference/directives/use-cache#usage
   7 |
   8 | export default async function ...
>  9 |   "use cache";
     |   ^^^^^^^^^^^
  10 |   cacheLife({ expire: 3600 });
  11 |
  12 |   const [leaderboardData, stat...

Ecmascript file had an error @ http://localhost:3000/_next/static/chunks/0kd0_next_dist_02e_ku3._.js:1945
[  991071ms] [ERROR] ./src/app/components/home-leaderboard.tsx:10:3
To use "use cache", please enable the feature flag `cacheComponents` in your Next.js config.
    
    Read more: https://nextjs.org/docs/canary/app/api-reference/directives/use-cache#usage
   8 |
   9 | export async function HomeLead...
> 10 |   "use cache";
     |   ^^^^^^^^^^^
  11 |   cacheLife({ expire: 3600 });
  12 |
  13 |   // Chamada de API direto no ...

Ecmascript file had an error

Import trace:
  Server Component:
    ./src/app/components/home-leaderboard.tsx
    ./src/app/page.tsx @ http://localhost:3000/_next/static/chunks/0kd0_next_dist_02e_ku3._.js:1945
[  991071ms] [ERROR] ./src/app/leaderboard/page.tsx:9:3
To use "use cache", please enable the feature flag `cacheComponents` in your Next.js config.
    
    Read more: https://nextjs.org/docs/canary/app/api-reference/directives/use-cache#usage
   7 |
   8 | export default async function ...
>  9 |   "use cache";
     |   ^^^^^^^^^^^
  10 |   cacheLife({ expire: 3600 });
  11 |
  12 |   const [leaderboardData, stat...

Ecmascript file had an error @ http://localhost:3000/_next/static/chunks/0kd0_next_dist_02e_ku3._.js:1945
[  991121ms] [ERROR] ./src/app/components/home-leaderboard.tsx:10:3
To use "use cache", please enable the feature flag `cacheComponents` in your Next.js config.
    
    Read more: https://nextjs.org/docs/canary/app/api-reference/directives/use-cache#usage
   8 |
   9 | export async function HomeLead...
> 10 |   "use cache";
     |   ^^^^^^^^^^^
  11 |   cacheLife({ expire: 3600 });
  12 |
  13 |   // Chamada de API direto no ...

Ecmascript file had an error

Import trace:
  Server Component:
    ./src/app/components/home-leaderboard.tsx
    ./src/app/page.tsx @ http://localhost:3000/_next/static/chunks/0kd0_next_dist_02e_ku3._.js:1945
[  991121ms] [ERROR] ./src/app/leaderboard/page.tsx:9:3
To use "use cache", please enable the feature flag `cacheComponents` in your Next.js config.
    
    Read more: https://nextjs.org/docs/canary/app/api-reference/directives/use-cache#usage
   7 |
   8 | export default async function ...
>  9 |   "use cache";
     |   ^^^^^^^^^^^
  10 |   cacheLife({ expire: 3600 });
  11 |
  12 |   const [leaderboardData, stat...

Ecmascript file had an error @ http://localhost:3000/_next/static/chunks/0kd0_next_dist_02e_ku3._.js:1945
[  991172ms] [ERROR] ./src/app/components/home-leaderboard.tsx:10:3
To use "use cache", please enable the feature flag `cacheComponents` in your Next.js config.
    
    Read more: https://nextjs.org/docs/canary/app/api-reference/directives/use-cache#usage
   8 |
   9 | export async function HomeLead...
> 10 |   "use cache";
     |   ^^^^^^^^^^^
  11 |   cacheLife({ expire: 3600 });
  12 |
  13 |   // Chamada de API direto no ...

Ecmascript file had an error

Import trace:
  Server Component:
    ./src/app/components/home-leaderboard.tsx
    ./src/app/page.tsx @ http://localhost:3000/_next/static/chunks/0kd0_next_dist_02e_ku3._.js:1945
[  991172ms] [ERROR] ./src/app/leaderboard/page.tsx:9:3
To use "use cache", please enable the feature flag `cacheComponents` in your Next.js config.
    
    Read more: https://nextjs.org/docs/canary/app/api-reference/directives/use-cache#usage
   7 |
   8 | export default async function ...
>  9 |   "use cache";
     |   ^^^^^^^^^^^
  10 |   cacheLife({ expire: 3600 });
  11 |
  12 |   const [leaderboardData, stat...

Ecmascript file had an error @ http://localhost:3000/_next/static/chunks/0kd0_next_dist_02e_ku3._.js:1945
[  991224ms] [ERROR] ./src/app/components/home-leaderboard.tsx:10:3
To use "use cache", please enable the feature flag `cacheComponents` in your Next.js config.
    
    Read more: https://nextjs.org/docs/canary/app/api-reference/directives/use-cache#usage
   8 |
   9 | export async function HomeLead...
> 10 |   "use cache";
     |   ^^^^^^^^^^^
  11 |   cacheLife({ expire: 3600 });
  12 |
  13 |   // Chamada de API direto no ...

Ecmascript file had an error

Import trace:
  Server Component:
    ./src/app/components/home-leaderboard.tsx
    ./src/app/page.tsx @ http://localhost:3000/_next/static/chunks/0kd0_next_dist_02e_ku3._.js:1945
[  991224ms] [ERROR] ./src/app/leaderboard/page.tsx:9:3
To use "use cache", please enable the feature flag `cacheComponents` in your Next.js config.
    
    Read more: https://nextjs.org/docs/canary/app/api-reference/directives/use-cache#usage
   7 |
   8 | export default async function ...
>  9 |   "use cache";
     |   ^^^^^^^^^^^
  10 |   cacheLife({ expire: 3600 });
  11 |
  12 |   const [leaderboardData, stat...

Ecmascript file had an error @ http://localhost:3000/_next/static/chunks/0kd0_next_dist_02e_ku3._.js:1945
[  991274ms] [ERROR] ./src/app/components/home-leaderboard.tsx:10:3
To use "use cache", please enable the feature flag `cacheComponents` in your Next.js config.
    
    Read more: https://nextjs.org/docs/canary/app/api-reference/directives/use-cache#usage
   8 |
   9 | export async function HomeLead...
> 10 |   "use cache";
     |   ^^^^^^^^^^^
  11 |   cacheLife({ expire: 3600 });
  12 |
  13 |   // Chamada de API direto no ...

Ecmascript file had an error

Import trace:
  Server Component:
    ./src/app/components/home-leaderboard.tsx
    ./src/app/page.tsx @ http://localhost:3000/_next/static/chunks/0kd0_next_dist_02e_ku3._.js:1945
[  991274ms] [ERROR] ./src/app/leaderboard/page.tsx:9:3
To use "use cache", please enable the feature flag `cacheComponents` in your Next.js config.
    
    Read more: https://nextjs.org/docs/canary/app/api-reference/directives/use-cache#usage
   7 |
   8 | export default async function ...
>  9 |   "use cache";
     |   ^^^^^^^^^^^
  10 |   cacheLife({ expire: 3600 });
  11 |
  12 |   const [leaderboardData, stat...

Ecmascript file had an error @ http://localhost:3000/_next/static/chunks/0kd0_next_dist_02e_ku3._.js:1945
[  991325ms] [ERROR] ./src/app/components/home-leaderboard.tsx:10:3
To use "use cache", please enable the feature flag `cacheComponents` in your Next.js config.
    
    Read more: https://nextjs.org/docs/canary/app/api-reference/directives/use-cache#usage
   8 |
   9 | export async function HomeLead...
> 10 |   "use cache";
     |   ^^^^^^^^^^^
  11 |   cacheLife({ expire: 3600 });
  12 |
  13 |   // Chamada de API direto no ...

Ecmascript file had an error

Import trace:
  Server Component:
    ./src/app/components/home-leaderboard.tsx
    ./src/app/page.tsx @ http://localhost:3000/_next/static/chunks/0kd0_next_dist_02e_ku3._.js:1945
[  991325ms] [ERROR] ./src/app/leaderboard/page.tsx:9:3
To use "use cache", please enable the feature flag `cacheComponents` in your Next.js config.
    
    Read more: https://nextjs.org/docs/canary/app/api-reference/directives/use-cache#usage
   7 |
   8 | export default async function ...
>  9 |   "use cache";
     |   ^^^^^^^^^^^
  10 |   cacheLife({ expire: 3600 });
  11 |
  12 |   const [leaderboardData, stat...

Ecmascript file had an error @ http://localhost:3000/_next/static/chunks/0kd0_next_dist_02e_ku3._.js:1945
[  991375ms] [ERROR] ./src/app/components/home-leaderboard.tsx:10:3
To use "use cache", please enable the feature flag `cacheComponents` in your Next.js config.
    
    Read more: https://nextjs.org/docs/canary/app/api-reference/directives/use-cache#usage
   8 |
   9 | export async function HomeLead...
> 10 |   "use cache";
     |   ^^^^^^^^^^^
  11 |   cacheLife({ expire: 3600 });
  12 |
  13 |   // Chamada de API direto no ...

Ecmascript file had an error

Import trace:
  Server Component:
    ./src/app/components/home-leaderboard.tsx
    ./src/app/page.tsx @ http://localhost:3000/_next/static/chunks/0kd0_next_dist_02e_ku3._.js:1945
[  991375ms] [ERROR] ./src/app/leaderboard/page.tsx:9:3
To use "use cache", please enable the feature flag `cacheComponents` in your Next.js config.
    
    Read more: https://nextjs.org/docs/canary/app/api-reference/directives/use-cache#usage
   7 |
   8 | export default async function ...
>  9 |   "use cache";
     |   ^^^^^^^^^^^
  10 |   cacheLife({ expire: 3600 });
  11 |
  12 |   const [leaderboardData, stat...

Ecmascript file had an error @ http://localhost:3000/_next/static/chunks/0kd0_next_dist_02e_ku3._.js:1945
[  991425ms] [ERROR] ./src/app/components/home-leaderboard.tsx:10:3
To use "use cache", please enable the feature flag `cacheComponents` in your Next.js config.
    
    Read more: https://nextjs.org/docs/canary/app/api-reference/directives/use-cache#usage
   8 |
   9 | export async function HomeLead...
> 10 |   "use cache";
     |   ^^^^^^^^^^^
  11 |   cacheLife({ expire: 3600 });
  12 |
  13 |   // Chamada de API direto no ...

Ecmascript file had an error

Import trace:
  Server Component:
    ./src/app/components/home-leaderboard.tsx
    ./src/app/page.tsx @ http://localhost:3000/_next/static/chunks/0kd0_next_dist_02e_ku3._.js:1945
[  991425ms] [ERROR] ./src/app/leaderboard/page.tsx:9:3
To use "use cache", please enable the feature flag `cacheComponents` in your Next.js config.
    
    Read more: https://nextjs.org/docs/canary/app/api-reference/directives/use-cache#usage
   7 |
   8 | export default async function ...
>  9 |   "use cache";
     |   ^^^^^^^^^^^
  10 |   cacheLife({ expire: 3600 });
  11 |
  12 |   const [leaderboardData, stat...

Ecmascript file had an error @ http://localhost:3000/_next/static/chunks/0kd0_next_dist_02e_ku3._.js:1945
[  991475ms] [ERROR] ./src/app/components/home-leaderboard.tsx:10:3
To use "use cache", please enable the feature flag `cacheComponents` in your Next.js config.
    
    Read more: https://nextjs.org/docs/canary/app/api-reference/directives/use-cache#usage
   8 |
   9 | export async function HomeLead...
> 10 |   "use cache";
     |   ^^^^^^^^^^^
  11 |   cacheLife({ expire: 3600 });
  12 |
  13 |   // Chamada de API direto no ...

Ecmascript file had an error

Import trace:
  Server Component:
    ./src/app/components/home-leaderboard.tsx
    ./src/app/page.tsx @ http://localhost:3000/_next/static/chunks/0kd0_next_dist_02e_ku3._.js:1945
[  991475ms] [ERROR] ./src/app/leaderboard/page.tsx:9:3
To use "use cache", please enable the feature flag `cacheComponents` in your Next.js config.
    
    Read more: https://nextjs.org/docs/canary/app/api-reference/directives/use-cache#usage
   7 |
   8 | export default async function ...
>  9 |   "use cache";
     |   ^^^^^^^^^^^
  10 |   cacheLife({ expire: 3600 });
  11 |
  12 |   const [leaderboardData, stat...

Ecmascript file had an error @ http://localhost:3000/_next/static/chunks/0kd0_next_dist_02e_ku3._.js:1945
[  991524ms] [ERROR] ./src/app/components/home-leaderboard.tsx:10:3
To use "use cache", please enable the feature flag `cacheComponents` in your Next.js config.
    
    Read more: https://nextjs.org/docs/canary/app/api-reference/directives/use-cache#usage
   8 |
   9 | export async function HomeLead...
> 10 |   "use cache";
     |   ^^^^^^^^^^^
  11 |   cacheLife({ expire: 3600 });
  12 |
  13 |   // Chamada de API direto no ...

Ecmascript file had an error

Import trace:
  Server Component:
    ./src/app/components/home-leaderboard.tsx
    ./src/app/page.tsx @ http://localhost:3000/_next/static/chunks/0kd0_next_dist_02e_ku3._.js:1945
[  991524ms] [ERROR] ./src/app/leaderboard/page.tsx:9:3
To use "use cache", please enable the feature flag `cacheComponents` in your Next.js config.
    
    Read more: https://nextjs.org/docs/canary/app/api-reference/directives/use-cache#usage
   7 |
   8 | export default async function ...
>  9 |   "use cache";
     |   ^^^^^^^^^^^
  10 |   cacheLife({ expire: 3600 });
  11 |
  12 |   const [leaderboardData, stat...

Ecmascript file had an error @ http://localhost:3000/_next/static/chunks/0kd0_next_dist_02e_ku3._.js:1945
[  991575ms] [ERROR] ./src/app/components/home-leaderboard.tsx:10:3
To use "use cache", please enable the feature flag `cacheComponents` in your Next.js config.
    
    Read more: https://nextjs.org/docs/canary/app/api-reference/directives/use-cache#usage
   8 |
   9 | export async function HomeLead...
> 10 |   "use cache";
     |   ^^^^^^^^^^^
  11 |   cacheLife({ expire: 3600 });
  12 |
  13 |   // Chamada de API direto no ...

Ecmascript file had an error

Import trace:
  Server Component:
    ./src/app/components/home-leaderboard.tsx
    ./src/app/page.tsx @ http://localhost:3000/_next/static/chunks/0kd0_next_dist_02e_ku3._.js:1945
[  991575ms] [ERROR] ./src/app/leaderboard/page.tsx:9:3
To use "use cache", please enable the feature flag `cacheComponents` in your Next.js config.
    
    Read more: https://nextjs.org/docs/canary/app/api-reference/directives/use-cache#usage
   7 |
   8 | export default async function ...
>  9 |   "use cache";
     |   ^^^^^^^^^^^
  10 |   cacheLife({ expire: 3600 });
  11 |
  12 |   const [leaderboardData, stat...

Ecmascript file had an error @ http://localhost:3000/_next/static/chunks/0kd0_next_dist_02e_ku3._.js:1945
[  991625ms] [ERROR] ./src/app/components/home-leaderboard.tsx:10:3
To use "use cache", please enable the feature flag `cacheComponents` in your Next.js config.
    
    Read more: https://nextjs.org/docs/canary/app/api-reference/directives/use-cache#usage
   8 |
   9 | export async function HomeLead...
> 10 |   "use cache";
     |   ^^^^^^^^^^^
  11 |   cacheLife({ expire: 3600 });
  12 |
  13 |   // Chamada de API direto no ...

Ecmascript file had an error

Import trace:
  Server Component:
    ./src/app/components/home-leaderboard.tsx
    ./src/app/page.tsx @ http://localhost:3000/_next/static/chunks/0kd0_next_dist_02e_ku3._.js:1945
[  991625ms] [ERROR] ./src/app/leaderboard/page.tsx:9:3
To use "use cache", please enable the feature flag `cacheComponents` in your Next.js config.
    
    Read more: https://nextjs.org/docs/canary/app/api-reference/directives/use-cache#usage
   7 |
   8 | export default async function ...
>  9 |   "use cache";
     |   ^^^^^^^^^^^
  10 |   cacheLife({ expire: 3600 });
  11 |
  12 |   const [leaderboardData, stat...

Ecmascript file had an error @ http://localhost:3000/_next/static/chunks/0kd0_next_dist_02e_ku3._.js:1945
[  991677ms] [ERROR] ./src/app/components/home-leaderboard.tsx:10:3
To use "use cache", please enable the feature flag `cacheComponents` in your Next.js config.
    
    Read more: https://nextjs.org/docs/canary/app/api-reference/directives/use-cache#usage
   8 |
   9 | export async function HomeLead...
> 10 |   "use cache";
     |   ^^^^^^^^^^^
  11 |   cacheLife({ expire: 3600 });
  12 |
  13 |   // Chamada de API direto no ...

Ecmascript file had an error

Import trace:
  Server Component:
    ./src/app/components/home-leaderboard.tsx
    ./src/app/page.tsx @ http://localhost:3000/_next/static/chunks/0kd0_next_dist_02e_ku3._.js:1945
[  991677ms] [ERROR] ./src/app/leaderboard/page.tsx:9:3
To use "use cache", please enable the feature flag `cacheComponents` in your Next.js config.
    
    Read more: https://nextjs.org/docs/canary/app/api-reference/directives/use-cache#usage
   7 |
   8 | export default async function ...
>  9 |   "use cache";
     |   ^^^^^^^^^^^
  10 |   cacheLife({ expire: 3600 });
  11 |
  12 |   const [leaderboardData, stat...

Ecmascript file had an error @ http://localhost:3000/_next/static/chunks/0kd0_next_dist_02e_ku3._.js:1945
[  991726ms] [ERROR] ./src/app/components/home-leaderboard.tsx:10:3
To use "use cache", please enable the feature flag `cacheComponents` in your Next.js config.
    
    Read more: https://nextjs.org/docs/canary/app/api-reference/directives/use-cache#usage
   8 |
   9 | export async function HomeLead...
> 10 |   "use cache";
     |   ^^^^^^^^^^^
  11 |   cacheLife({ expire: 3600 });
  12 |
  13 |   // Chamada de API direto no ...

Ecmascript file had an error

Import trace:
  Server Component:
    ./src/app/components/home-leaderboard.tsx
    ./src/app/page.tsx @ http://localhost:3000/_next/static/chunks/0kd0_next_dist_02e_ku3._.js:1945
[  991726ms] [ERROR] ./src/app/leaderboard/page.tsx:9:3
To use "use cache", please enable the feature flag `cacheComponents` in your Next.js config.
    
    Read more: https://nextjs.org/docs/canary/app/api-reference/directives/use-cache#usage
   7 |
   8 | export default async function ...
>  9 |   "use cache";
     |   ^^^^^^^^^^^
  10 |   cacheLife({ expire: 3600 });
  11 |
  12 |   const [leaderboardData, stat...

Ecmascript file had an error @ http://localhost:3000/_next/static/chunks/0kd0_next_dist_02e_ku3._.js:1945
[  991775ms] [ERROR] ./src/app/components/home-leaderboard.tsx:10:3
To use "use cache", please enable the feature flag `cacheComponents` in your Next.js config.
    
    Read more: https://nextjs.org/docs/canary/app/api-reference/directives/use-cache#usage
   8 |
   9 | export async function HomeLead...
> 10 |   "use cache";
     |   ^^^^^^^^^^^
  11 |   cacheLife({ expire: 3600 });
  12 |
  13 |   // Chamada de API direto no ...

Ecmascript file had an error

Import trace:
  Server Component:
    ./src/app/components/home-leaderboard.tsx
    ./src/app/page.tsx @ http://localhost:3000/_next/static/chunks/0kd0_next_dist_02e_ku3._.js:1945
[  991775ms] [ERROR] ./src/app/leaderboard/page.tsx:9:3
To use "use cache", please enable the feature flag `cacheComponents` in your Next.js config.
    
    Read more: https://nextjs.org/docs/canary/app/api-reference/directives/use-cache#usage
   7 |
   8 | export default async function ...
>  9 |   "use cache";
     |   ^^^^^^^^^^^
  10 |   cacheLife({ expire: 3600 });
  11 |
  12 |   const [leaderboardData, stat...

Ecmascript file had an error @ http://localhost:3000/_next/static/chunks/0kd0_next_dist_02e_ku3._.js:1945
[  991826ms] [ERROR] ./src/app/components/home-leaderboard.tsx:10:3
To use "use cache", please enable the feature flag `cacheComponents` in your Next.js config.
    
    Read more: https://nextjs.org/docs/canary/app/api-reference/directives/use-cache#usage
   8 |
   9 | export async function HomeLead...
> 10 |   "use cache";
     |   ^^^^^^^^^^^
  11 |   cacheLife({ expire: 3600 });
  12 |
  13 |   // Chamada de API direto no ...

Ecmascript file had an error

Import trace:
  Server Component:
    ./src/app/components/home-leaderboard.tsx
    ./src/app/page.tsx @ http://localhost:3000/_next/static/chunks/0kd0_next_dist_02e_ku3._.js:1945
[  991826ms] [ERROR] ./src/app/leaderboard/page.tsx:9:3
To use "use cache", please enable the feature flag `cacheComponents` in your Next.js config.
    
    Read more: https://nextjs.org/docs/canary/app/api-reference/directives/use-cache#usage
   7 |
   8 | export default async function ...
>  9 |   "use cache";
     |   ^^^^^^^^^^^
  10 |   cacheLife({ expire: 3600 });
  11 |
  12 |   const [leaderboardData, stat...

Ecmascript file had an error @ http://localhost:3000/_next/static/chunks/0kd0_next_dist_02e_ku3._.js:1945
[  991877ms] [ERROR] ./src/app/components/home-leaderboard.tsx:10:3
To use "use cache", please enable the feature flag `cacheComponents` in your Next.js config.
    
    Read more: https://nextjs.org/docs/canary/app/api-reference/directives/use-cache#usage
   8 |
   9 | export async function HomeLead...
> 10 |   "use cache";
     |   ^^^^^^^^^^^
  11 |   cacheLife({ expire: 3600 });
  12 |
  13 |   // Chamada de API direto no ...

Ecmascript file had an error

Import trace:
  Server Component:
    ./src/app/components/home-leaderboard.tsx
    ./src/app/page.tsx @ http://localhost:3000/_next/static/chunks/0kd0_next_dist_02e_ku3._.js:1945
[  991877ms] [ERROR] ./src/app/leaderboard/page.tsx:9:3
To use "use cache", please enable the feature flag `cacheComponents` in your Next.js config.
    
    Read more: https://nextjs.org/docs/canary/app/api-reference/directives/use-cache#usage
   7 |
   8 | export default async function ...
>  9 |   "use cache";
     |   ^^^^^^^^^^^
  10 |   cacheLife({ expire: 3600 });
  11 |
  12 |   const [leaderboardData, stat...

Ecmascript file had an error @ http://localhost:3000/_next/static/chunks/0kd0_next_dist_02e_ku3._.js:1945
[  991927ms] [ERROR] ./src/app/components/home-leaderboard.tsx:10:3
To use "use cache", please enable the feature flag `cacheComponents` in your Next.js config.
    
    Read more: https://nextjs.org/docs/canary/app/api-reference/directives/use-cache#usage
   8 |
   9 | export async function HomeLead...
> 10 |   "use cache";
     |   ^^^^^^^^^^^
  11 |   cacheLife({ expire: 3600 });
  12 |
  13 |   // Chamada de API direto no ...

Ecmascript file had an error

Import trace:
  Server Component:
    ./src/app/components/home-leaderboard.tsx
    ./src/app/page.tsx @ http://localhost:3000/_next/static/chunks/0kd0_next_dist_02e_ku3._.js:1945
[  991927ms] [ERROR] ./src/app/leaderboard/page.tsx:9:3
To use "use cache", please enable the feature flag `cacheComponents` in your Next.js config.
    
    Read more: https://nextjs.org/docs/canary/app/api-reference/directives/use-cache#usage
   7 |
   8 | export default async function ...
>  9 |   "use cache";
     |   ^^^^^^^^^^^
  10 |   cacheLife({ expire: 3600 });
  11 |
  12 |   const [leaderboardData, stat...

Ecmascript file had an error @ http://localhost:3000/_next/static/chunks/0kd0_next_dist_02e_ku3._.js:1945
[  991975ms] [ERROR] ./src/app/components/home-leaderboard.tsx:10:3
To use "use cache", please enable the feature flag `cacheComponents` in your Next.js config.
    
    Read more: https://nextjs.org/docs/canary/app/api-reference/directives/use-cache#usage
   8 |
   9 | export async function HomeLead...
> 10 |   "use cache";
     |   ^^^^^^^^^^^
  11 |   cacheLife({ expire: 3600 });
  12 |
  13 |   // Chamada de API direto no ...

Ecmascript file had an error

Import trace:
  Server Component:
    ./src/app/components/home-leaderboard.tsx
    ./src/app/page.tsx @ http://localhost:3000/_next/static/chunks/0kd0_next_dist_02e_ku3._.js:1945
[  991975ms] [ERROR] ./src/app/leaderboard/page.tsx:9:3
To use "use cache", please enable the feature flag `cacheComponents` in your Next.js config.
    
    Read more: https://nextjs.org/docs/canary/app/api-reference/directives/use-cache#usage
   7 |
   8 | export default async function ...
>  9 |   "use cache";
     |   ^^^^^^^^^^^
  10 |   cacheLife({ expire: 3600 });
  11 |
  12 |   const [leaderboardData, stat...

Ecmascript file had an error @ http://localhost:3000/_next/static/chunks/0kd0_next_dist_02e_ku3._.js:1945
[  992017ms] [ERROR] ./src/app/components/home-leaderboard.tsx:10:3
To use "use cache", please enable the feature flag `cacheComponents` in your Next.js config.
    
    Read more: https://nextjs.org/docs/canary/app/api-reference/directives/use-cache#usage
   8 |
   9 | export async function HomeLead...
> 10 |   "use cache";
     |   ^^^^^^^^^^^
  11 |   cacheLife({ expire: 3600 });
  12 |
  13 |   // Chamada de API direto no ...

Ecmascript file had an error

Import trace:
  Server Component:
    ./src/app/components/home-leaderboard.tsx
    ./src/app/page.tsx @ http://localhost:3000/_next/static/chunks/0kd0_next_dist_02e_ku3._.js:1945
[  992017ms] [ERROR] ./src/app/leaderboard/page.tsx:9:3
To use "use cache", please enable the feature flag `cacheComponents` in your Next.js config.
    
    Read more: https://nextjs.org/docs/canary/app/api-reference/directives/use-cache#usage
   7 |
   8 | export default async function ...
>  9 |   "use cache";
     |   ^^^^^^^^^^^
  10 |   cacheLife({ expire: 3600 });
  11 |
  12 |   const [leaderboardData, stat...

Ecmascript file had an error @ http://localhost:3000/_next/static/chunks/0kd0_next_dist_02e_ku3._.js:1945
[  992064ms] [ERROR] ./src/app/components/home-leaderboard.tsx:10:3
To use "use cache", please enable the feature flag `cacheComponents` in your Next.js config.
    
    Read more: https://nextjs.org/docs/canary/app/api-reference/directives/use-cache#usage
   8 |
   9 | export async function HomeLead...
> 10 |   "use cache";
     |   ^^^^^^^^^^^
  11 |   cacheLife({ expire: 3600 });
  12 |
  13 |   // Chamada de API direto no ...

Ecmascript file had an error

Import trace:
  Server Component:
    ./src/app/components/home-leaderboard.tsx
    ./src/app/page.tsx @ http://localhost:3000/_next/static/chunks/0kd0_next_dist_02e_ku3._.js:1945
[  992064ms] [ERROR] ./src/app/leaderboard/page.tsx:9:3
To use "use cache", please enable the feature flag `cacheComponents` in your Next.js config.
    
    Read more: https://nextjs.org/docs/canary/app/api-reference/directives/use-cache#usage
   7 |
   8 | export default async function ...
>  9 |   "use cache";
     |   ^^^^^^^^^^^
  10 |   cacheLife({ expire: 3600 });
  11 |
  12 |   const [leaderboardData, stat...

Ecmascript file had an error @ http://localhost:3000/_next/static/chunks/0kd0_next_dist_02e_ku3._.js:1945
[  992106ms] [ERROR] ./src/app/components/home-leaderboard.tsx:10:3
To use "use cache", please enable the feature flag `cacheComponents` in your Next.js config.
    
    Read more: https://nextjs.org/docs/canary/app/api-reference/directives/use-cache#usage
   8 |
   9 | export async function HomeLead...
> 10 |   "use cache";
     |   ^^^^^^^^^^^
  11 |   cacheLife({ expire: 3600 });
  12 |
  13 |   // Chamada de API direto no ...

Ecmascript file had an error

Import trace:
  Server Component:
    ./src/app/components/home-leaderboard.tsx
    ./src/app/page.tsx @ http://localhost:3000/_next/static/chunks/0kd0_next_dist_02e_ku3._.js:1945
[  992106ms] [ERROR] ./src/app/leaderboard/page.tsx:9:3
To use "use cache", please enable the feature flag `cacheComponents` in your Next.js config.
    
    Read more: https://nextjs.org/docs/canary/app/api-reference/directives/use-cache#usage
   7 |
   8 | export default async function ...
>  9 |   "use cache";
     |   ^^^^^^^^^^^
  10 |   cacheLife({ expire: 3600 });
  11 |
  12 |   const [leaderboardData, stat...

Ecmascript file had an error @ http://localhost:3000/_next/static/chunks/0kd0_next_dist_02e_ku3._.js:1945
[  992157ms] [ERROR] ./src/app/components/home-leaderboard.tsx:10:3
To use "use cache", please enable the feature flag `cacheComponents` in your Next.js config.
    
    Read more: https://nextjs.org/docs/canary/app/api-reference/directives/use-cache#usage
   8 |
   9 | export async function HomeLead...
> 10 |   "use cache";
     |   ^^^^^^^^^^^
  11 |   cacheLife({ expire: 3600 });
  12 |
  13 |   // Chamada de API direto no ...

Ecmascript file had an error

Import trace:
  Server Component:
    ./src/app/components/home-leaderboard.tsx
    ./src/app/page.tsx @ http://localhost:3000/_next/static/chunks/0kd0_next_dist_02e_ku3._.js:1945
[  992157ms] [ERROR] ./src/app/leaderboard/page.tsx:9:3
To use "use cache", please enable the feature flag `cacheComponents` in your Next.js config.
    
    Read more: https://nextjs.org/docs/canary/app/api-reference/directives/use-cache#usage
   7 |
   8 | export default async function ...
>  9 |   "use cache";
     |   ^^^^^^^^^^^
  10 |   cacheLife({ expire: 3600 });
  11 |
  12 |   const [leaderboardData, stat...

Ecmascript file had an error @ http://localhost:3000/_next/static/chunks/0kd0_next_dist_02e_ku3._.js:1945
[  992207ms] [ERROR] ./src/app/components/home-leaderboard.tsx:10:3
To use "use cache", please enable the feature flag `cacheComponents` in your Next.js config.
    
    Read more: https://nextjs.org/docs/canary/app/api-reference/directives/use-cache#usage
   8 |
   9 | export async function HomeLead...
> 10 |   "use cache";
     |   ^^^^^^^^^^^
  11 |   cacheLife({ expire: 3600 });
  12 |
  13 |   // Chamada de API direto no ...

Ecmascript file had an error

Import trace:
  Server Component:
    ./src/app/components/home-leaderboard.tsx
    ./src/app/page.tsx @ http://localhost:3000/_next/static/chunks/0kd0_next_dist_02e_ku3._.js:1945
[  992207ms] [ERROR] ./src/app/leaderboard/page.tsx:9:3
To use "use cache", please enable the feature flag `cacheComponents` in your Next.js config.
    
    Read more: https://nextjs.org/docs/canary/app/api-reference/directives/use-cache#usage
   7 |
   8 | export default async function ...
>  9 |   "use cache";
     |   ^^^^^^^^^^^
  10 |   cacheLife({ expire: 3600 });
  11 |
  12 |   const [leaderboardData, stat...

Ecmascript file had an error @ http://localhost:3000/_next/static/chunks/0kd0_next_dist_02e_ku3._.js:1945
[  992250ms] [ERROR] ./src/app/components/home-leaderboard.tsx:10:3
To use "use cache", please enable the feature flag `cacheComponents` in your Next.js config.
    
    Read more: https://nextjs.org/docs/canary/app/api-reference/directives/use-cache#usage
   8 |
   9 | export async function HomeLead...
> 10 |   "use cache";
     |   ^^^^^^^^^^^
  11 |   cacheLife({ expire: 3600 });
  12 |
  13 |   // Chamada de API direto no ...

Ecmascript file had an error

Import trace:
  Server Component:
    ./src/app/components/home-leaderboard.tsx
    ./src/app/page.tsx @ http://localhost:3000/_next/static/chunks/0kd0_next_dist_02e_ku3._.js:1945
[  992250ms] [ERROR] ./src/app/leaderboard/page.tsx:9:3
To use "use cache", please enable the feature flag `cacheComponents` in your Next.js config.
    
    Read more: https://nextjs.org/docs/canary/app/api-reference/directives/use-cache#usage
   7 |
   8 | export default async function ...
>  9 |   "use cache";
     |   ^^^^^^^^^^^
  10 |   cacheLife({ expire: 3600 });
  11 |
  12 |   const [leaderboardData, stat...

Ecmascript file had an error @ http://localhost:3000/_next/static/chunks/0kd0_next_dist_02e_ku3._.js:1945
[  992302ms] [ERROR] ./src/app/components/home-leaderboard.tsx:10:3
To use "use cache", please enable the feature flag `cacheComponents` in your Next.js config.
    
    Read more: https://nextjs.org/docs/canary/app/api-reference/directives/use-cache#usage
   8 |
   9 | export async function HomeLead...
> 10 |   "use cache";
     |   ^^^^^^^^^^^
  11 |   cacheLife({ expire: 3600 });
  12 |
  13 |   // Chamada de API direto no ...

Ecmascript file had an error

Import trace:
  Server Component:
    ./src/app/components/home-leaderboard.tsx
    ./src/app/page.tsx @ http://localhost:3000/_next/static/chunks/0kd0_next_dist_02e_ku3._.js:1945
[  992302ms] [ERROR] ./src/app/leaderboard/page.tsx:9:3
To use "use cache", please enable the feature flag `cacheComponents` in your Next.js config.
    
    Read more: https://nextjs.org/docs/canary/app/api-reference/directives/use-cache#usage
   7 |
   8 | export default async function ...
>  9 |   "use cache";
     |   ^^^^^^^^^^^
  10 |   cacheLife({ expire: 3600 });
  11 |
  12 |   const [leaderboardData, stat...

Ecmascript file had an error @ http://localhost:3000/_next/static/chunks/0kd0_next_dist_02e_ku3._.js:1945
[  992352ms] [ERROR] ./src/app/components/home-leaderboard.tsx:10:3
To use "use cache", please enable the feature flag `cacheComponents` in your Next.js config.
    
    Read more: https://nextjs.org/docs/canary/app/api-reference/directives/use-cache#usage
   8 |
   9 | export async function HomeLead...
> 10 |   "use cache";
     |   ^^^^^^^^^^^
  11 |   cacheLife({ expire: 3600 });
  12 |
  13 |   // Chamada de API direto no ...

Ecmascript file had an error

Import trace:
  Server Component:
    ./src/app/components/home-leaderboard.tsx
    ./src/app/page.tsx @ http://localhost:3000/_next/static/chunks/0kd0_next_dist_02e_ku3._.js:1945
[  992352ms] [ERROR] ./src/app/leaderboard/page.tsx:9:3
To use "use cache", please enable the feature flag `cacheComponents` in your Next.js config.
    
    Read more: https://nextjs.org/docs/canary/app/api-reference/directives/use-cache#usage
   7 |
   8 | export default async function ...
>  9 |   "use cache";
     |   ^^^^^^^^^^^
  10 |   cacheLife({ expire: 3600 });
  11 |
  12 |   const [leaderboardData, stat...

Ecmascript file had an error @ http://localhost:3000/_next/static/chunks/0kd0_next_dist_02e_ku3._.js:1945
[  992401ms] [ERROR] ./src/app/components/home-leaderboard.tsx:10:3
To use "use cache", please enable the feature flag `cacheComponents` in your Next.js config.
    
    Read more: https://nextjs.org/docs/canary/app/api-reference/directives/use-cache#usage
   8 |
   9 | export async function HomeLead...
> 10 |   "use cache";
     |   ^^^^^^^^^^^
  11 |   cacheLife({ expire: 3600 });
  12 |
  13 |   // Chamada de API direto no ...

Ecmascript file had an error

Import trace:
  Server Component:
    ./src/app/components/home-leaderboard.tsx
    ./src/app/page.tsx @ http://localhost:3000/_next/static/chunks/0kd0_next_dist_02e_ku3._.js:1945
[  992401ms] [ERROR] ./src/app/leaderboard/page.tsx:9:3
To use "use cache", please enable the feature flag `cacheComponents` in your Next.js config.
    
    Read more: https://nextjs.org/docs/canary/app/api-reference/directives/use-cache#usage
   7 |
   8 | export default async function ...
>  9 |   "use cache";
     |   ^^^^^^^^^^^
  10 |   cacheLife({ expire: 3600 });
  11 |
  12 |   const [leaderboardData, stat...

Ecmascript file had an error @ http://localhost:3000/_next/static/chunks/0kd0_next_dist_02e_ku3._.js:1945
[  992442ms] [ERROR] ./src/app/components/home-leaderboard.tsx:10:3
To use "use cache", please enable the feature flag `cacheComponents` in your Next.js config.
    
    Read more: https://nextjs.org/docs/canary/app/api-reference/directives/use-cache#usage
   8 |
   9 | export async function HomeLead...
> 10 |   "use cache";
     |   ^^^^^^^^^^^
  11 |   cacheLife({ expire: 3600 });
  12 |
  13 |   // Chamada de API direto no ...

Ecmascript file had an error

Import trace:
  Server Component:
    ./src/app/components/home-leaderboard.tsx
    ./src/app/page.tsx @ http://localhost:3000/_next/static/chunks/0kd0_next_dist_02e_ku3._.js:1945
[  992442ms] [ERROR] ./src/app/leaderboard/page.tsx:9:3
To use "use cache", please enable the feature flag `cacheComponents` in your Next.js config.
    
    Read more: https://nextjs.org/docs/canary/app/api-reference/directives/use-cache#usage
   7 |
   8 | export default async function ...
>  9 |   "use cache";
     |   ^^^^^^^^^^^
  10 |   cacheLife({ expire: 3600 });
  11 |
  12 |   const [leaderboardData, stat...

Ecmascript file had an error @ http://localhost:3000/_next/static/chunks/0kd0_next_dist_02e_ku3._.js:1945
[  992491ms] [ERROR] ./src/app/components/home-leaderboard.tsx:10:3
To use "use cache", please enable the feature flag `cacheComponents` in your Next.js config.
    
    Read more: https://nextjs.org/docs/canary/app/api-reference/directives/use-cache#usage
   8 |
   9 | export async function HomeLead...
> 10 |   "use cache";
     |   ^^^^^^^^^^^
  11 |   cacheLife({ expire: 3600 });
  12 |
  13 |   // Chamada de API direto no ...

Ecmascript file had an error

Import trace:
  Server Component:
    ./src/app/components/home-leaderboard.tsx
    ./src/app/page.tsx @ http://localhost:3000/_next/static/chunks/0kd0_next_dist_02e_ku3._.js:1945
[  992491ms] [ERROR] ./src/app/leaderboard/page.tsx:9:3
To use "use cache", please enable the feature flag `cacheComponents` in your Next.js config.
    
    Read more: https://nextjs.org/docs/canary/app/api-reference/directives/use-cache#usage
   7 |
   8 | export default async function ...
>  9 |   "use cache";
     |   ^^^^^^^^^^^
  10 |   cacheLife({ expire: 3600 });
  11 |
  12 |   const [leaderboardData, stat...

Ecmascript file had an error @ http://localhost:3000/_next/static/chunks/0kd0_next_dist_02e_ku3._.js:1945
[  992542ms] [ERROR] ./src/app/components/home-leaderboard.tsx:10:3
To use "use cache", please enable the feature flag `cacheComponents` in your Next.js config.
    
    Read more: https://nextjs.org/docs/canary/app/api-reference/directives/use-cache#usage
   8 |
   9 | export async function HomeLead...
> 10 |   "use cache";
     |   ^^^^^^^^^^^
  11 |   cacheLife({ expire: 3600 });
  12 |
  13 |   // Chamada de API direto no ...

Ecmascript file had an error

Import trace:
  Server Component:
    ./src/app/components/home-leaderboard.tsx
    ./src/app/page.tsx @ http://localhost:3000/_next/static/chunks/0kd0_next_dist_02e_ku3._.js:1945
[  992542ms] [ERROR] ./src/app/leaderboard/page.tsx:9:3
To use "use cache", please enable the feature flag `cacheComponents` in your Next.js config.
    
    Read more: https://nextjs.org/docs/canary/app/api-reference/directives/use-cache#usage
   7 |
   8 | export default async function ...
>  9 |   "use cache";
     |   ^^^^^^^^^^^
  10 |   cacheLife({ expire: 3600 });
  11 |
  12 |   const [leaderboardData, stat...

Ecmascript file had an error @ http://localhost:3000/_next/static/chunks/0kd0_next_dist_02e_ku3._.js:1945
[  992592ms] [ERROR] ./src/app/components/home-leaderboard.tsx:10:3
To use "use cache", please enable the feature flag `cacheComponents` in your Next.js config.
    
    Read more: https://nextjs.org/docs/canary/app/api-reference/directives/use-cache#usage
   8 |
   9 | export async function HomeLead...
> 10 |   "use cache";
     |   ^^^^^^^^^^^
  11 |   cacheLife({ expire: 3600 });
  12 |
  13 |   // Chamada de API direto no ...

Ecmascript file had an error

Import trace:
  Server Component:
    ./src/app/components/home-leaderboard.tsx
    ./src/app/page.tsx @ http://localhost:3000/_next/static/chunks/0kd0_next_dist_02e_ku3._.js:1945
[  992593ms] [ERROR] ./src/app/leaderboard/page.tsx:9:3
To use "use cache", please enable the feature flag `cacheComponents` in your Next.js config.
    
    Read more: https://nextjs.org/docs/canary/app/api-reference/directives/use-cache#usage
   7 |
   8 | export default async function ...
>  9 |   "use cache";
     |   ^^^^^^^^^^^
  10 |   cacheLife({ expire: 3600 });
  11 |
  12 |   const [leaderboardData, stat...

Ecmascript file had an error @ http://localhost:3000/_next/static/chunks/0kd0_next_dist_02e_ku3._.js:1945
[  992643ms] [ERROR] ./src/app/components/home-leaderboard.tsx:10:3
To use "use cache", please enable the feature flag `cacheComponents` in your Next.js config.
    
    Read more: https://nextjs.org/docs/canary/app/api-reference/directives/use-cache#usage
   8 |
   9 | export async function HomeLead...
> 10 |   "use cache";
     |   ^^^^^^^^^^^
  11 |   cacheLife({ expire: 3600 });
  12 |
  13 |   // Chamada de API direto no ...

Ecmascript file had an error

Import trace:
  Server Component:
    ./src/app/components/home-leaderboard.tsx
    ./src/app/page.tsx @ http://localhost:3000/_next/static/chunks/0kd0_next_dist_02e_ku3._.js:1945
[  992643ms] [ERROR] ./src/app/leaderboard/page.tsx:9:3
To use "use cache", please enable the feature flag `cacheComponents` in your Next.js config.
    
    Read more: https://nextjs.org/docs/canary/app/api-reference/directives/use-cache#usage
   7 |
   8 | export default async function ...
>  9 |   "use cache";
     |   ^^^^^^^^^^^
  10 |   cacheLife({ expire: 3600 });
  11 |
  12 |   const [leaderboardData, stat...

Ecmascript file had an error @ http://localhost:3000/_next/static/chunks/0kd0_next_dist_02e_ku3._.js:1945
[  992693ms] [ERROR] ./src/app/components/home-leaderboard.tsx:10:3
To use "use cache", please enable the feature flag `cacheComponents` in your Next.js config.
    
    Read more: https://nextjs.org/docs/canary/app/api-reference/directives/use-cache#usage
   8 |
   9 | export async function HomeLead...
> 10 |   "use cache";
     |   ^^^^^^^^^^^
  11 |   cacheLife({ expire: 3600 });
  12 |
  13 |   // Chamada de API direto no ...

Ecmascript file had an error

Import trace:
  Server Component:
    ./src/app/components/home-leaderboard.tsx
    ./src/app/page.tsx @ http://localhost:3000/_next/static/chunks/0kd0_next_dist_02e_ku3._.js:1945
[  992693ms] [ERROR] ./src/app/leaderboard/page.tsx:9:3
To use "use cache", please enable the feature flag `cacheComponents` in your Next.js config.
    
    Read more: https://nextjs.org/docs/canary/app/api-reference/directives/use-cache#usage
   7 |
   8 | export default async function ...
>  9 |   "use cache";
     |   ^^^^^^^^^^^
  10 |   cacheLife({ expire: 3600 });
  11 |
  12 |   const [leaderboardData, stat...

Ecmascript file had an error @ http://localhost:3000/_next/static/chunks/0kd0_next_dist_02e_ku3._.js:1945
[  992741ms] [ERROR] ./src/app/components/home-leaderboard.tsx:10:3
To use "use cache", please enable the feature flag `cacheComponents` in your Next.js config.
    
    Read more: https://nextjs.org/docs/canary/app/api-reference/directives/use-cache#usage
   8 |
   9 | export async function HomeLead...
> 10 |   "use cache";
     |   ^^^^^^^^^^^
  11 |   cacheLife({ expire: 3600 });
  12 |
  13 |   // Chamada de API direto no ...

Ecmascript file had an error

Import trace:
  Server Component:
    ./src/app/components/home-leaderboard.tsx
    ./src/app/page.tsx @ http://localhost:3000/_next/static/chunks/0kd0_next_dist_02e_ku3._.js:1945
[  992741ms] [ERROR] ./src/app/leaderboard/page.tsx:9:3
To use "use cache", please enable the feature flag `cacheComponents` in your Next.js config.
    
    Read more: https://nextjs.org/docs/canary/app/api-reference/directives/use-cache#usage
   7 |
   8 | export default async function ...
>  9 |   "use cache";
     |   ^^^^^^^^^^^
  10 |   cacheLife({ expire: 3600 });
  11 |
  12 |   const [leaderboardData, stat...

Ecmascript file had an error @ http://localhost:3000/_next/static/chunks/0kd0_next_dist_02e_ku3._.js:1945
[  992789ms] [ERROR] ./src/app/components/home-leaderboard.tsx:10:3
To use "use cache", please enable the feature flag `cacheComponents` in your Next.js config.
    
    Read more: https://nextjs.org/docs/canary/app/api-reference/directives/use-cache#usage
   8 |
   9 | export async function HomeLead...
> 10 |   "use cache";
     |   ^^^^^^^^^^^
  11 |   cacheLife({ expire: 3600 });
  12 |
  13 |   // Chamada de API direto no ...

Ecmascript file had an error

Import trace:
  Server Component:
    ./src/app/components/home-leaderboard.tsx
    ./src/app/page.tsx @ http://localhost:3000/_next/static/chunks/0kd0_next_dist_02e_ku3._.js:1945
[  992789ms] [ERROR] ./src/app/leaderboard/page.tsx:9:3
To use "use cache", please enable the feature flag `cacheComponents` in your Next.js config.
    
    Read more: https://nextjs.org/docs/canary/app/api-reference/directives/use-cache#usage
   7 |
   8 | export default async function ...
>  9 |   "use cache";
     |   ^^^^^^^^^^^
  10 |   cacheLife({ expire: 3600 });
  11 |
  12 |   const [leaderboardData, stat...

Ecmascript file had an error @ http://localhost:3000/_next/static/chunks/0kd0_next_dist_02e_ku3._.js:1945
[  992838ms] [ERROR] ./src/app/components/home-leaderboard.tsx:10:3
To use "use cache", please enable the feature flag `cacheComponents` in your Next.js config.
    
    Read more: https://nextjs.org/docs/canary/app/api-reference/directives/use-cache#usage
   8 |
   9 | export async function HomeLead...
> 10 |   "use cache";
     |   ^^^^^^^^^^^
  11 |   cacheLife({ expire: 3600 });
  12 |
  13 |   // Chamada de API direto no ...

Ecmascript file had an error

Import trace:
  Server Component:
    ./src/app/components/home-leaderboard.tsx
    ./src/app/page.tsx @ http://localhost:3000/_next/static/chunks/0kd0_next_dist_02e_ku3._.js:1945
[  992838ms] [ERROR] ./src/app/leaderboard/page.tsx:9:3
To use "use cache", please enable the feature flag `cacheComponents` in your Next.js config.
    
    Read more: https://nextjs.org/docs/canary/app/api-reference/directives/use-cache#usage
   7 |
   8 | export default async function ...
>  9 |   "use cache";
     |   ^^^^^^^^^^^
  10 |   cacheLife({ expire: 3600 });
  11 |
  12 |   const [leaderboardData, stat...

Ecmascript file had an error @ http://localhost:3000/_next/static/chunks/0kd0_next_dist_02e_ku3._.js:1945
[  992887ms] [ERROR] ./src/app/components/home-leaderboard.tsx:10:3
To use "use cache", please enable the feature flag `cacheComponents` in your Next.js config.
    
    Read more: https://nextjs.org/docs/canary/app/api-reference/directives/use-cache#usage
   8 |
   9 | export async function HomeLead...
> 10 |   "use cache";
     |   ^^^^^^^^^^^
  11 |   cacheLife({ expire: 3600 });
  12 |
  13 |   // Chamada de API direto no ...

Ecmascript file had an error

Import trace:
  Server Component:
    ./src/app/components/home-leaderboard.tsx
    ./src/app/page.tsx @ http://localhost:3000/_next/static/chunks/0kd0_next_dist_02e_ku3._.js:1945
[  992887ms] [ERROR] ./src/app/leaderboard/page.tsx:9:3
To use "use cache", please enable the feature flag `cacheComponents` in your Next.js config.
    
    Read more: https://nextjs.org/docs/canary/app/api-reference/directives/use-cache#usage
   7 |
   8 | export default async function ...
>  9 |   "use cache";
     |   ^^^^^^^^^^^
  10 |   cacheLife({ expire: 3600 });
  11 |
  12 |   const [leaderboardData, stat...

Ecmascript file had an error @ http://localhost:3000/_next/static/chunks/0kd0_next_dist_02e_ku3._.js:1945
[  992938ms] [ERROR] ./src/app/components/home-leaderboard.tsx:10:3
To use "use cache", please enable the feature flag `cacheComponents` in your Next.js config.
    
    Read more: https://nextjs.org/docs/canary/app/api-reference/directives/use-cache#usage
   8 |
   9 | export async function HomeLead...
> 10 |   "use cache";
     |   ^^^^^^^^^^^
  11 |   cacheLife({ expire: 3600 });
  12 |
  13 |   // Chamada de API direto no ...

Ecmascript file had an error

Import trace:
  Server Component:
    ./src/app/components/home-leaderboard.tsx
    ./src/app/page.tsx @ http://localhost:3000/_next/static/chunks/0kd0_next_dist_02e_ku3._.js:1945
[  992938ms] [ERROR] ./src/app/leaderboard/page.tsx:9:3
To use "use cache", please enable the feature flag `cacheComponents` in your Next.js config.
    
    Read more: https://nextjs.org/docs/canary/app/api-reference/directives/use-cache#usage
   7 |
   8 | export default async function ...
>  9 |   "use cache";
     |   ^^^^^^^^^^^
  10 |   cacheLife({ expire: 3600 });
  11 |
  12 |   const [leaderboardData, stat...

Ecmascript file had an error @ http://localhost:3000/_next/static/chunks/0kd0_next_dist_02e_ku3._.js:1945
[  992988ms] [ERROR] ./src/app/components/home-leaderboard.tsx:10:3
To use "use cache", please enable the feature flag `cacheComponents` in your Next.js config.
    
    Read more: https://nextjs.org/docs/canary/app/api-reference/directives/use-cache#usage
   8 |
   9 | export async function HomeLead...
> 10 |   "use cache";
     |   ^^^^^^^^^^^
  11 |   cacheLife({ expire: 3600 });
  12 |
  13 |   // Chamada de API direto no ...

Ecmascript file had an error

Import trace:
  Server Component:
    ./src/app/components/home-leaderboard.tsx
    ./src/app/page.tsx @ http://localhost:3000/_next/static/chunks/0kd0_next_dist_02e_ku3._.js:1945
[  992988ms] [ERROR] ./src/app/leaderboard/page.tsx:9:3
To use "use cache", please enable the feature flag `cacheComponents` in your Next.js config.
    
    Read more: https://nextjs.org/docs/canary/app/api-reference/directives/use-cache#usage
   7 |
   8 | export default async function ...
>  9 |   "use cache";
     |   ^^^^^^^^^^^
  10 |   cacheLife({ expire: 3600 });
  11 |
  12 |   const [leaderboardData, stat...

Ecmascript file had an error @ http://localhost:3000/_next/static/chunks/0kd0_next_dist_02e_ku3._.js:1945
[  993039ms] [ERROR] ./src/app/components/home-leaderboard.tsx:10:3
To use "use cache", please enable the feature flag `cacheComponents` in your Next.js config.
    
    Read more: https://nextjs.org/docs/canary/app/api-reference/directives/use-cache#usage
   8 |
   9 | export async function HomeLead...
> 10 |   "use cache";
     |   ^^^^^^^^^^^
  11 |   cacheLife({ expire: 3600 });
  12 |
  13 |   // Chamada de API direto no ...

Ecmascript file had an error

Import trace:
  Server Component:
    ./src/app/components/home-leaderboard.tsx
    ./src/app/page.tsx @ http://localhost:3000/_next/static/chunks/0kd0_next_dist_02e_ku3._.js:1945
[  993039ms] [ERROR] ./src/app/leaderboard/page.tsx:9:3
To use "use cache", please enable the feature flag `cacheComponents` in your Next.js config.
    
    Read more: https://nextjs.org/docs/canary/app/api-reference/directives/use-cache#usage
   7 |
   8 | export default async function ...
>  9 |   "use cache";
     |   ^^^^^^^^^^^
  10 |   cacheLife({ expire: 3600 });
  11 |
  12 |   const [leaderboardData, stat...

Ecmascript file had an error @ http://localhost:3000/_next/static/chunks/0kd0_next_dist_02e_ku3._.js:1945
[  993090ms] [ERROR] ./src/app/components/home-leaderboard.tsx:10:3
To use "use cache", please enable the feature flag `cacheComponents` in your Next.js config.
    
    Read more: https://nextjs.org/docs/canary/app/api-reference/directives/use-cache#usage
   8 |
   9 | export async function HomeLead...
> 10 |   "use cache";
     |   ^^^^^^^^^^^
  11 |   cacheLife({ expire: 3600 });
  12 |
  13 |   // Chamada de API direto no ...

Ecmascript file had an error

Import trace:
  Server Component:
    ./src/app/components/home-leaderboard.tsx
    ./src/app/page.tsx @ http://localhost:3000/_next/static/chunks/0kd0_next_dist_02e_ku3._.js:1945
[  993090ms] [ERROR] ./src/app/leaderboard/page.tsx:9:3
To use "use cache", please enable the feature flag `cacheComponents` in your Next.js config.
    
    Read more: https://nextjs.org/docs/canary/app/api-reference/directives/use-cache#usage
   7 |
   8 | export default async function ...
>  9 |   "use cache";
     |   ^^^^^^^^^^^
  10 |   cacheLife({ expire: 3600 });
  11 |
  12 |   const [leaderboardData, stat...

Ecmascript file had an error @ http://localhost:3000/_next/static/chunks/0kd0_next_dist_02e_ku3._.js:1945
[  993140ms] [ERROR] ./src/app/components/home-leaderboard.tsx:10:3
To use "use cache", please enable the feature flag `cacheComponents` in your Next.js config.
    
    Read more: https://nextjs.org/docs/canary/app/api-reference/directives/use-cache#usage
   8 |
   9 | export async function HomeLead...
> 10 |   "use cache";
     |   ^^^^^^^^^^^
  11 |   cacheLife({ expire: 3600 });
  12 |
  13 |   // Chamada de API direto no ...

Ecmascript file had an error

Import trace:
  Server Component:
    ./src/app/components/home-leaderboard.tsx
    ./src/app/page.tsx @ http://localhost:3000/_next/static/chunks/0kd0_next_dist_02e_ku3._.js:1945
[  993140ms] [ERROR] ./src/app/leaderboard/page.tsx:9:3
To use "use cache", please enable the feature flag `cacheComponents` in your Next.js config.
    
    Read more: https://nextjs.org/docs/canary/app/api-reference/directives/use-cache#usage
   7 |
   8 | export default async function ...
>  9 |   "use cache";
     |   ^^^^^^^^^^^
  10 |   cacheLife({ expire: 3600 });
  11 |
  12 |   const [leaderboardData, stat...

Ecmascript file had an error @ http://localhost:3000/_next/static/chunks/0kd0_next_dist_02e_ku3._.js:1945
[  993190ms] [ERROR] ./src/app/components/home-leaderboard.tsx:10:3
To use "use cache", please enable the feature flag `cacheComponents` in your Next.js config.
    
    Read more: https://nextjs.org/docs/canary/app/api-reference/directives/use-cache#usage
   8 |
   9 | export async function HomeLead...
> 10 |   "use cache";
     |   ^^^^^^^^^^^
  11 |   cacheLife({ expire: 3600 });
  12 |
  13 |   // Chamada de API direto no ...

Ecmascript file had an error

Import trace:
  Server Component:
    ./src/app/components/home-leaderboard.tsx
    ./src/app/page.tsx @ http://localhost:3000/_next/static/chunks/0kd0_next_dist_02e_ku3._.js:1945
[  993190ms] [ERROR] ./src/app/leaderboard/page.tsx:9:3
To use "use cache", please enable the feature flag `cacheComponents` in your Next.js config.
    
    Read more: https://nextjs.org/docs/canary/app/api-reference/directives/use-cache#usage
   7 |
   8 | export default async function ...
>  9 |   "use cache";
     |   ^^^^^^^^^^^
  10 |   cacheLife({ expire: 3600 });
  11 |
  12 |   const [leaderboardData, stat...

Ecmascript file had an error @ http://localhost:3000/_next/static/chunks/0kd0_next_dist_02e_ku3._.js:1945
[  993241ms] [ERROR] ./src/app/components/home-leaderboard.tsx:10:3
To use "use cache", please enable the feature flag `cacheComponents` in your Next.js config.
    
    Read more: https://nextjs.org/docs/canary/app/api-reference/directives/use-cache#usage
   8 |
   9 | export async function HomeLead...
> 10 |   "use cache";
     |   ^^^^^^^^^^^
  11 |   cacheLife({ expire: 3600 });
  12 |
  13 |   // Chamada de API direto no ...

Ecmascript file had an error

Import trace:
  Server Component:
    ./src/app/components/home-leaderboard.tsx
    ./src/app/page.tsx @ http://localhost:3000/_next/static/chunks/0kd0_next_dist_02e_ku3._.js:1945
[  993241ms] [ERROR] ./src/app/leaderboard/page.tsx:9:3
To use "use cache", please enable the feature flag `cacheComponents` in your Next.js config.
    
    Read more: https://nextjs.org/docs/canary/app/api-reference/directives/use-cache#usage
   7 |
   8 | export default async function ...
>  9 |   "use cache";
     |   ^^^^^^^^^^^
  10 |   cacheLife({ expire: 3600 });
  11 |
  12 |   const [leaderboardData, stat...

Ecmascript file had an error @ http://localhost:3000/_next/static/chunks/0kd0_next_dist_02e_ku3._.js:1945
[  993292ms] [ERROR] ./src/app/components/home-leaderboard.tsx:10:3
To use "use cache", please enable the feature flag `cacheComponents` in your Next.js config.
    
    Read more: https://nextjs.org/docs/canary/app/api-reference/directives/use-cache#usage
   8 |
   9 | export async function HomeLead...
> 10 |   "use cache";
     |   ^^^^^^^^^^^
  11 |   cacheLife({ expire: 3600 });
  12 |
  13 |   // Chamada de API direto no ...

Ecmascript file had an error

Import trace:
  Server Component:
    ./src/app/components/home-leaderboard.tsx
    ./src/app/page.tsx @ http://localhost:3000/_next/static/chunks/0kd0_next_dist_02e_ku3._.js:1945
[  993292ms] [ERROR] ./src/app/leaderboard/page.tsx:9:3
To use "use cache", please enable the feature flag `cacheComponents` in your Next.js config.
    
    Read more: https://nextjs.org/docs/canary/app/api-reference/directives/use-cache#usage
   7 |
   8 | export default async function ...
>  9 |   "use cache";
     |   ^^^^^^^^^^^
  10 |   cacheLife({ expire: 3600 });
  11 |
  12 |   const [leaderboardData, stat...

Ecmascript file had an error @ http://localhost:3000/_next/static/chunks/0kd0_next_dist_02e_ku3._.js:1945
[  993342ms] [ERROR] ./src/app/components/home-leaderboard.tsx:10:3
To use "use cache", please enable the feature flag `cacheComponents` in your Next.js config.
    
    Read more: https://nextjs.org/docs/canary/app/api-reference/directives/use-cache#usage
   8 |
   9 | export async function HomeLead...
> 10 |   "use cache";
     |   ^^^^^^^^^^^
  11 |   cacheLife({ expire: 3600 });
  12 |
  13 |   // Chamada de API direto no ...

Ecmascript file had an error

Import trace:
  Server Component:
    ./src/app/components/home-leaderboard.tsx
    ./src/app/page.tsx @ http://localhost:3000/_next/static/chunks/0kd0_next_dist_02e_ku3._.js:1945
[  993342ms] [ERROR] ./src/app/leaderboard/page.tsx:9:3
To use "use cache", please enable the feature flag `cacheComponents` in your Next.js config.
    
    Read more: https://nextjs.org/docs/canary/app/api-reference/directives/use-cache#usage
   7 |
   8 | export default async function ...
>  9 |   "use cache";
     |   ^^^^^^^^^^^
  10 |   cacheLife({ expire: 3600 });
  11 |
  12 |   const [leaderboardData, stat...

Ecmascript file had an error @ http://localhost:3000/_next/static/chunks/0kd0_next_dist_02e_ku3._.js:1945
[  993391ms] [ERROR] ./src/app/components/home-leaderboard.tsx:10:3
To use "use cache", please enable the feature flag `cacheComponents` in your Next.js config.
    
    Read more: https://nextjs.org/docs/canary/app/api-reference/directives/use-cache#usage
   8 |
   9 | export async function HomeLead...
> 10 |   "use cache";
     |   ^^^^^^^^^^^
  11 |   cacheLife({ expire: 3600 });
  12 |
  13 |   // Chamada de API direto no ...

Ecmascript file had an error

Import trace:
  Server Component:
    ./src/app/components/home-leaderboard.tsx
    ./src/app/page.tsx @ http://localhost:3000/_next/static/chunks/0kd0_next_dist_02e_ku3._.js:1945
[  993391ms] [ERROR] ./src/app/leaderboard/page.tsx:9:3
To use "use cache", please enable the feature flag `cacheComponents` in your Next.js config.
    
    Read more: https://nextjs.org/docs/canary/app/api-reference/directives/use-cache#usage
   7 |
   8 | export default async function ...
>  9 |   "use cache";
     |   ^^^^^^^^^^^
  10 |   cacheLife({ expire: 3600 });
  11 |
  12 |   const [leaderboardData, stat...

Ecmascript file had an error @ http://localhost:3000/_next/static/chunks/0kd0_next_dist_02e_ku3._.js:1945
[  993440ms] [ERROR] ./src/app/components/home-leaderboard.tsx:10:3
To use "use cache", please enable the feature flag `cacheComponents` in your Next.js config.
    
    Read more: https://nextjs.org/docs/canary/app/api-reference/directives/use-cache#usage
   8 |
   9 | export async function HomeLead...
> 10 |   "use cache";
     |   ^^^^^^^^^^^
  11 |   cacheLife({ expire: 3600 });
  12 |
  13 |   // Chamada de API direto no ...

Ecmascript file had an error

Import trace:
  Server Component:
    ./src/app/components/home-leaderboard.tsx
    ./src/app/page.tsx @ http://localhost:3000/_next/static/chunks/0kd0_next_dist_02e_ku3._.js:1945
[  993441ms] [ERROR] ./src/app/leaderboard/page.tsx:9:3
To use "use cache", please enable the feature flag `cacheComponents` in your Next.js config.
    
    Read more: https://nextjs.org/docs/canary/app/api-reference/directives/use-cache#usage
   7 |
   8 | export default async function ...
>  9 |   "use cache";
     |   ^^^^^^^^^^^
  10 |   cacheLife({ expire: 3600 });
  11 |
  12 |   const [leaderboardData, stat...

Ecmascript file had an error @ http://localhost:3000/_next/static/chunks/0kd0_next_dist_02e_ku3._.js:1945
[  993490ms] [ERROR] ./src/app/components/home-leaderboard.tsx:10:3
To use "use cache", please enable the feature flag `cacheComponents` in your Next.js config.
    
    Read more: https://nextjs.org/docs/canary/app/api-reference/directives/use-cache#usage
   8 |
   9 | export async function HomeLead...
> 10 |   "use cache";
     |   ^^^^^^^^^^^
  11 |   cacheLife({ expire: 3600 });
  12 |
  13 |   // Chamada de API direto no ...

Ecmascript file had an error

Import trace:
  Server Component:
    ./src/app/components/home-leaderboard.tsx
    ./src/app/page.tsx @ http://localhost:3000/_next/static/chunks/0kd0_next_dist_02e_ku3._.js:1945
[  993490ms] [ERROR] ./src/app/leaderboard/page.tsx:9:3
To use "use cache", please enable the feature flag `cacheComponents` in your Next.js config.
    
    Read more: https://nextjs.org/docs/canary/app/api-reference/directives/use-cache#usage
   7 |
   8 | export default async function ...
>  9 |   "use cache";
     |   ^^^^^^^^^^^
  10 |   cacheLife({ expire: 3600 });
  11 |
  12 |   const [leaderboardData, stat...

Ecmascript file had an error @ http://localhost:3000/_next/static/chunks/0kd0_next_dist_02e_ku3._.js:1945
[  993541ms] [ERROR] ./src/app/components/home-leaderboard.tsx:10:3
To use "use cache", please enable the feature flag `cacheComponents` in your Next.js config.
    
    Read more: https://nextjs.org/docs/canary/app/api-reference/directives/use-cache#usage
   8 |
   9 | export async function HomeLead...
> 10 |   "use cache";
     |   ^^^^^^^^^^^
  11 |   cacheLife({ expire: 3600 });
  12 |
  13 |   // Chamada de API direto no ...

Ecmascript file had an error

Import trace:
  Server Component:
    ./src/app/components/home-leaderboard.tsx
    ./src/app/page.tsx @ http://localhost:3000/_next/static/chunks/0kd0_next_dist_02e_ku3._.js:1945
[  993541ms] [ERROR] ./src/app/leaderboard/page.tsx:9:3
To use "use cache", please enable the feature flag `cacheComponents` in your Next.js config.
    
    Read more: https://nextjs.org/docs/canary/app/api-reference/directives/use-cache#usage
   7 |
   8 | export default async function ...
>  9 |   "use cache";
     |   ^^^^^^^^^^^
  10 |   cacheLife({ expire: 3600 });
  11 |
  12 |   const [leaderboardData, stat...

Ecmascript file had an error @ http://localhost:3000/_next/static/chunks/0kd0_next_dist_02e_ku3._.js:1945
[  993592ms] [ERROR] ./src/app/components/home-leaderboard.tsx:10:3
To use "use cache", please enable the feature flag `cacheComponents` in your Next.js config.
    
    Read more: https://nextjs.org/docs/canary/app/api-reference/directives/use-cache#usage
   8 |
   9 | export async function HomeLead...
> 10 |   "use cache";
     |   ^^^^^^^^^^^
  11 |   cacheLife({ expire: 3600 });
  12 |
  13 |   // Chamada de API direto no ...

Ecmascript file had an error

Import trace:
  Server Component:
    ./src/app/components/home-leaderboard.tsx
    ./src/app/page.tsx @ http://localhost:3000/_next/static/chunks/0kd0_next_dist_02e_ku3._.js:1945
[  993592ms] [ERROR] ./src/app/leaderboard/page.tsx:9:3
To use "use cache", please enable the feature flag `cacheComponents` in your Next.js config.
    
    Read more: https://nextjs.org/docs/canary/app/api-reference/directives/use-cache#usage
   7 |
   8 | export default async function ...
>  9 |   "use cache";
     |   ^^^^^^^^^^^
  10 |   cacheLife({ expire: 3600 });
  11 |
  12 |   const [leaderboardData, stat...

Ecmascript file had an error @ http://localhost:3000/_next/static/chunks/0kd0_next_dist_02e_ku3._.js:1945
[  993644ms] [ERROR] ./src/app/components/home-leaderboard.tsx:10:3
To use "use cache", please enable the feature flag `cacheComponents` in your Next.js config.
    
    Read more: https://nextjs.org/docs/canary/app/api-reference/directives/use-cache#usage
   8 |
   9 | export async function HomeLead...
> 10 |   "use cache";
     |   ^^^^^^^^^^^
  11 |   cacheLife({ expire: 3600 });
  12 |
  13 |   // Chamada de API direto no ...

Ecmascript file had an error

Import trace:
  Server Component:
    ./src/app/components/home-leaderboard.tsx
    ./src/app/page.tsx @ http://localhost:3000/_next/static/chunks/0kd0_next_dist_02e_ku3._.js:1945
[  993644ms] [ERROR] ./src/app/leaderboard/page.tsx:9:3
To use "use cache", please enable the feature flag `cacheComponents` in your Next.js config.
    
    Read more: https://nextjs.org/docs/canary/app/api-reference/directives/use-cache#usage
   7 |
   8 | export default async function ...
>  9 |   "use cache";
     |   ^^^^^^^^^^^
  10 |   cacheLife({ expire: 3600 });
  11 |
  12 |   const [leaderboardData, stat...

Ecmascript file had an error @ http://localhost:3000/_next/static/chunks/0kd0_next_dist_02e_ku3._.js:1945
[  993695ms] [ERROR] ./src/app/components/home-leaderboard.tsx:10:3
To use "use cache", please enable the feature flag `cacheComponents` in your Next.js config.
    
    Read more: https://nextjs.org/docs/canary/app/api-reference/directives/use-cache#usage
   8 |
   9 | export async function HomeLead...
> 10 |   "use cache";
     |   ^^^^^^^^^^^
  11 |   cacheLife({ expire: 3600 });
  12 |
  13 |   // Chamada de API direto no ...

Ecmascript file had an error

Import trace:
  Server Component:
    ./src/app/components/home-leaderboard.tsx
    ./src/app/page.tsx @ http://localhost:3000/_next/static/chunks/0kd0_next_dist_02e_ku3._.js:1945
[  993695ms] [ERROR] ./src/app/leaderboard/page.tsx:9:3
To use "use cache", please enable the feature flag `cacheComponents` in your Next.js config.
    
    Read more: https://nextjs.org/docs/canary/app/api-reference/directives/use-cache#usage
   7 |
   8 | export default async function ...
>  9 |   "use cache";
     |   ^^^^^^^^^^^
  10 |   cacheLife({ expire: 3600 });
  11 |
  12 |   const [leaderboardData, stat...

Ecmascript file had an error @ http://localhost:3000/_next/static/chunks/0kd0_next_dist_02e_ku3._.js:1945
[  993746ms] [ERROR] ./src/app/components/home-leaderboard.tsx:10:3
To use "use cache", please enable the feature flag `cacheComponents` in your Next.js config.
    
    Read more: https://nextjs.org/docs/canary/app/api-reference/directives/use-cache#usage
   8 |
   9 | export async function HomeLead...
> 10 |   "use cache";
     |   ^^^^^^^^^^^
  11 |   cacheLife({ expire: 3600 });
  12 |
  13 |   // Chamada de API direto no ...

Ecmascript file had an error

Import trace:
  Server Component:
    ./src/app/components/home-leaderboard.tsx
    ./src/app/page.tsx @ http://localhost:3000/_next/static/chunks/0kd0_next_dist_02e_ku3._.js:1945
[  993746ms] [ERROR] ./src/app/leaderboard/page.tsx:9:3
To use "use cache", please enable the feature flag `cacheComponents` in your Next.js config.
    
    Read more: https://nextjs.org/docs/canary/app/api-reference/directives/use-cache#usage
   7 |
   8 | export default async function ...
>  9 |   "use cache";
     |   ^^^^^^^^^^^
  10 |   cacheLife({ expire: 3600 });
  11 |
  12 |   const [leaderboardData, stat...

Ecmascript file had an error @ http://localhost:3000/_next/static/chunks/0kd0_next_dist_02e_ku3._.js:1945
[  993797ms] [ERROR] ./src/app/components/home-leaderboard.tsx:10:3
To use "use cache", please enable the feature flag `cacheComponents` in your Next.js config.
    
    Read more: https://nextjs.org/docs/canary/app/api-reference/directives/use-cache#usage
   8 |
   9 | export async function HomeLead...
> 10 |   "use cache";
     |   ^^^^^^^^^^^
  11 |   cacheLife({ expire: 3600 });
  12 |
  13 |   // Chamada de API direto no ...

Ecmascript file had an error

Import trace:
  Server Component:
    ./src/app/components/home-leaderboard.tsx
    ./src/app/page.tsx @ http://localhost:3000/_next/static/chunks/0kd0_next_dist_02e_ku3._.js:1945
[  993797ms] [ERROR] ./src/app/leaderboard/page.tsx:9:3
To use "use cache", please enable the feature flag `cacheComponents` in your Next.js config.
    
    Read more: https://nextjs.org/docs/canary/app/api-reference/directives/use-cache#usage
   7 |
   8 | export default async function ...
>  9 |   "use cache";
     |   ^^^^^^^^^^^
  10 |   cacheLife({ expire: 3600 });
  11 |
  12 |   const [leaderboardData, stat...

Ecmascript file had an error @ http://localhost:3000/_next/static/chunks/0kd0_next_dist_02e_ku3._.js:1945
[  993847ms] [ERROR] ./src/app/components/home-leaderboard.tsx:10:3
To use "use cache", please enable the feature flag `cacheComponents` in your Next.js config.
    
    Read more: https://nextjs.org/docs/canary/app/api-reference/directives/use-cache#usage
   8 |
   9 | export async function HomeLead...
> 10 |   "use cache";
     |   ^^^^^^^^^^^
  11 |   cacheLife({ expire: 3600 });
  12 |
  13 |   // Chamada de API direto no ...

Ecmascript file had an error

Import trace:
  Server Component:
    ./src/app/components/home-leaderboard.tsx
    ./src/app/page.tsx @ http://localhost:3000/_next/static/chunks/0kd0_next_dist_02e_ku3._.js:1945
[  993847ms] [ERROR] ./src/app/leaderboard/page.tsx:9:3
To use "use cache", please enable the feature flag `cacheComponents` in your Next.js config.
    
    Read more: https://nextjs.org/docs/canary/app/api-reference/directives/use-cache#usage
   7 |
   8 | export default async function ...
>  9 |   "use cache";
     |   ^^^^^^^^^^^
  10 |   cacheLife({ expire: 3600 });
  11 |
  12 |   const [leaderboardData, stat...

Ecmascript file had an error @ http://localhost:3000/_next/static/chunks/0kd0_next_dist_02e_ku3._.js:1945
[  993894ms] [ERROR] ./src/app/components/home-leaderboard.tsx:10:3
To use "use cache", please enable the feature flag `cacheComponents` in your Next.js config.
    
    Read more: https://nextjs.org/docs/canary/app/api-reference/directives/use-cache#usage
   8 |
   9 | export async function HomeLead...
> 10 |   "use cache";
     |   ^^^^^^^^^^^
  11 |   cacheLife({ expire: 3600 });
  12 |
  13 |   // Chamada de API direto no ...

Ecmascript file had an error

Import trace:
  Server Component:
    ./src/app/components/home-leaderboard.tsx
    ./src/app/page.tsx @ http://localhost:3000/_next/static/chunks/0kd0_next_dist_02e_ku3._.js:1945
[  993894ms] [ERROR] ./src/app/leaderboard/page.tsx:9:3
To use "use cache", please enable the feature flag `cacheComponents` in your Next.js config.
    
    Read more: https://nextjs.org/docs/canary/app/api-reference/directives/use-cache#usage
   7 |
   8 | export default async function ...
>  9 |   "use cache";
     |   ^^^^^^^^^^^
  10 |   cacheLife({ expire: 3600 });
  11 |
  12 |   const [leaderboardData, stat...

Ecmascript file had an error @ http://localhost:3000/_next/static/chunks/0kd0_next_dist_02e_ku3._.js:1945
[  993942ms] [ERROR] ./src/app/components/home-leaderboard.tsx:10:3
To use "use cache", please enable the feature flag `cacheComponents` in your Next.js config.
    
    Read more: https://nextjs.org/docs/canary/app/api-reference/directives/use-cache#usage
   8 |
   9 | export async function HomeLead...
> 10 |   "use cache";
     |   ^^^^^^^^^^^
  11 |   cacheLife({ expire: 3600 });
  12 |
  13 |   // Chamada de API direto no ...

Ecmascript file had an error

Import trace:
  Server Component:
    ./src/app/components/home-leaderboard.tsx
    ./src/app/page.tsx @ http://localhost:3000/_next/static/chunks/0kd0_next_dist_02e_ku3._.js:1945
[  993942ms] [ERROR] ./src/app/leaderboard/page.tsx:9:3
To use "use cache", please enable the feature flag `cacheComponents` in your Next.js config.
    
    Read more: https://nextjs.org/docs/canary/app/api-reference/directives/use-cache#usage
   7 |
   8 | export default async function ...
>  9 |   "use cache";
     |   ^^^^^^^^^^^
  10 |   cacheLife({ expire: 3600 });
  11 |
  12 |   const [leaderboardData, stat...

Ecmascript file had an error @ http://localhost:3000/_next/static/chunks/0kd0_next_dist_02e_ku3._.js:1945
[  993989ms] [ERROR] ./src/app/components/home-leaderboard.tsx:10:3
To use "use cache", please enable the feature flag `cacheComponents` in your Next.js config.
    
    Read more: https://nextjs.org/docs/canary/app/api-reference/directives/use-cache#usage
   8 |
   9 | export async function HomeLead...
> 10 |   "use cache";
     |   ^^^^^^^^^^^
  11 |   cacheLife({ expire: 3600 });
  12 |
  13 |   // Chamada de API direto no ...

Ecmascript file had an error

Import trace:
  Server Component:
    ./src/app/components/home-leaderboard.tsx
    ./src/app/page.tsx @ http://localhost:3000/_next/static/chunks/0kd0_next_dist_02e_ku3._.js:1945
[  993989ms] [ERROR] ./src/app/leaderboard/page.tsx:9:3
To use "use cache", please enable the feature flag `cacheComponents` in your Next.js config.
    
    Read more: https://nextjs.org/docs/canary/app/api-reference/directives/use-cache#usage
   7 |
   8 | export default async function ...
>  9 |   "use cache";
     |   ^^^^^^^^^^^
  10 |   cacheLife({ expire: 3600 });
  11 |
  12 |   const [leaderboardData, stat...

Ecmascript file had an error @ http://localhost:3000/_next/static/chunks/0kd0_next_dist_02e_ku3._.js:1945
[  994034ms] [ERROR] ./src/app/components/home-leaderboard.tsx:10:3
To use "use cache", please enable the feature flag `cacheComponents` in your Next.js config.
    
    Read more: https://nextjs.org/docs/canary/app/api-reference/directives/use-cache#usage
   8 |
   9 | export async function HomeLead...
> 10 |   "use cache";
     |   ^^^^^^^^^^^
  11 |   cacheLife({ expire: 3600 });
  12 |
  13 |   // Chamada de API direto no ...

Ecmascript file had an error

Import trace:
  Server Component:
    ./src/app/components/home-leaderboard.tsx
    ./src/app/page.tsx @ http://localhost:3000/_next/static/chunks/0kd0_next_dist_02e_ku3._.js:1945
[  994034ms] [ERROR] ./src/app/leaderboard/page.tsx:9:3
To use "use cache", please enable the feature flag `cacheComponents` in your Next.js config.
    
    Read more: https://nextjs.org/docs/canary/app/api-reference/directives/use-cache#usage
   7 |
   8 | export default async function ...
>  9 |   "use cache";
     |   ^^^^^^^^^^^
  10 |   cacheLife({ expire: 3600 });
  11 |
  12 |   const [leaderboardData, stat...

Ecmascript file had an error @ http://localhost:3000/_next/static/chunks/0kd0_next_dist_02e_ku3._.js:1945
[  994084ms] [ERROR] ./src/app/components/home-leaderboard.tsx:10:3
To use "use cache", please enable the feature flag `cacheComponents` in your Next.js config.
    
    Read more: https://nextjs.org/docs/canary/app/api-reference/directives/use-cache#usage
   8 |
   9 | export async function HomeLead...
> 10 |   "use cache";
     |   ^^^^^^^^^^^
  11 |   cacheLife({ expire: 3600 });
  12 |
  13 |   // Chamada de API direto no ...

Ecmascript file had an error

Import trace:
  Server Component:
    ./src/app/components/home-leaderboard.tsx
    ./src/app/page.tsx @ http://localhost:3000/_next/static/chunks/0kd0_next_dist_02e_ku3._.js:1945
[  994084ms] [ERROR] ./src/app/leaderboard/page.tsx:9:3
To use "use cache", please enable the feature flag `cacheComponents` in your Next.js config.
    
    Read more: https://nextjs.org/docs/canary/app/api-reference/directives/use-cache#usage
   7 |
   8 | export default async function ...
>  9 |   "use cache";
     |   ^^^^^^^^^^^
  10 |   cacheLife({ expire: 3600 });
  11 |
  12 |   const [leaderboardData, stat...

Ecmascript file had an error @ http://localhost:3000/_next/static/chunks/0kd0_next_dist_02e_ku3._.js:1945
[  994136ms] [ERROR] ./src/app/components/home-leaderboard.tsx:10:3
To use "use cache", please enable the feature flag `cacheComponents` in your Next.js config.
    
    Read more: https://nextjs.org/docs/canary/app/api-reference/directives/use-cache#usage
   8 |
   9 | export async function HomeLead...
> 10 |   "use cache";
     |   ^^^^^^^^^^^
  11 |   cacheLife({ expire: 3600 });
  12 |
  13 |   // Chamada de API direto no ...

Ecmascript file had an error

Import trace:
  Server Component:
    ./src/app/components/home-leaderboard.tsx
    ./src/app/page.tsx @ http://localhost:3000/_next/static/chunks/0kd0_next_dist_02e_ku3._.js:1945
[  994136ms] [ERROR] ./src/app/leaderboard/page.tsx:9:3
To use "use cache", please enable the feature flag `cacheComponents` in your Next.js config.
    
    Read more: https://nextjs.org/docs/canary/app/api-reference/directives/use-cache#usage
   7 |
   8 | export default async function ...
>  9 |   "use cache";
     |   ^^^^^^^^^^^
  10 |   cacheLife({ expire: 3600 });
  11 |
  12 |   const [leaderboardData, stat...

Ecmascript file had an error @ http://localhost:3000/_next/static/chunks/0kd0_next_dist_02e_ku3._.js:1945
[  994187ms] [ERROR] ./src/app/components/home-leaderboard.tsx:10:3
To use "use cache", please enable the feature flag `cacheComponents` in your Next.js config.
    
    Read more: https://nextjs.org/docs/canary/app/api-reference/directives/use-cache#usage
   8 |
   9 | export async function HomeLead...
> 10 |   "use cache";
     |   ^^^^^^^^^^^
  11 |   cacheLife({ expire: 3600 });
  12 |
  13 |   // Chamada de API direto no ...

Ecmascript file had an error

Import trace:
  Server Component:
    ./src/app/components/home-leaderboard.tsx
    ./src/app/page.tsx @ http://localhost:3000/_next/static/chunks/0kd0_next_dist_02e_ku3._.js:1945
[  994187ms] [ERROR] ./src/app/leaderboard/page.tsx:9:3
To use "use cache", please enable the feature flag `cacheComponents` in your Next.js config.
    
    Read more: https://nextjs.org/docs/canary/app/api-reference/directives/use-cache#usage
   7 |
   8 | export default async function ...
>  9 |   "use cache";
     |   ^^^^^^^^^^^
  10 |   cacheLife({ expire: 3600 });
  11 |
  12 |   const [leaderboardData, stat...

Ecmascript file had an error @ http://localhost:3000/_next/static/chunks/0kd0_next_dist_02e_ku3._.js:1945
[  994239ms] [ERROR] ./src/app/components/home-leaderboard.tsx:10:3
To use "use cache", please enable the feature flag `cacheComponents` in your Next.js config.
    
    Read more: https://nextjs.org/docs/canary/app/api-reference/directives/use-cache#usage
   8 |
   9 | export async function HomeLead...
> 10 |   "use cache";
     |   ^^^^^^^^^^^
  11 |   cacheLife({ expire: 3600 });
  12 |
  13 |   // Chamada de API direto no ...

Ecmascript file had an error

Import trace:
  Server Component:
    ./src/app/components/home-leaderboard.tsx
    ./src/app/page.tsx @ http://localhost:3000/_next/static/chunks/0kd0_next_dist_02e_ku3._.js:1945
[  994239ms] [ERROR] ./src/app/leaderboard/page.tsx:9:3
To use "use cache", please enable the feature flag `cacheComponents` in your Next.js config.
    
    Read more: https://nextjs.org/docs/canary/app/api-reference/directives/use-cache#usage
   7 |
   8 | export default async function ...
>  9 |   "use cache";
     |   ^^^^^^^^^^^
  10 |   cacheLife({ expire: 3600 });
  11 |
  12 |   const [leaderboardData, stat...

Ecmascript file had an error @ http://localhost:3000/_next/static/chunks/0kd0_next_dist_02e_ku3._.js:1945
[  994290ms] [ERROR] ./src/app/components/home-leaderboard.tsx:10:3
To use "use cache", please enable the feature flag `cacheComponents` in your Next.js config.
    
    Read more: https://nextjs.org/docs/canary/app/api-reference/directives/use-cache#usage
   8 |
   9 | export async function HomeLead...
> 10 |   "use cache";
     |   ^^^^^^^^^^^
  11 |   cacheLife({ expire: 3600 });
  12 |
  13 |   // Chamada de API direto no ...

Ecmascript file had an error

Import trace:
  Server Component:
    ./src/app/components/home-leaderboard.tsx
    ./src/app/page.tsx @ http://localhost:3000/_next/static/chunks/0kd0_next_dist_02e_ku3._.js:1945
[  994291ms] [ERROR] ./src/app/leaderboard/page.tsx:9:3
To use "use cache", please enable the feature flag `cacheComponents` in your Next.js config.
    
    Read more: https://nextjs.org/docs/canary/app/api-reference/directives/use-cache#usage
   7 |
   8 | export default async function ...
>  9 |   "use cache";
     |   ^^^^^^^^^^^
  10 |   cacheLife({ expire: 3600 });
  11 |
  12 |   const [leaderboardData, stat...

Ecmascript file had an error @ http://localhost:3000/_next/static/chunks/0kd0_next_dist_02e_ku3._.js:1945
[  994341ms] [ERROR] ./src/app/components/home-leaderboard.tsx:10:3
To use "use cache", please enable the feature flag `cacheComponents` in your Next.js config.
    
    Read more: https://nextjs.org/docs/canary/app/api-reference/directives/use-cache#usage
   8 |
   9 | export async function HomeLead...
> 10 |   "use cache";
     |   ^^^^^^^^^^^
  11 |   cacheLife({ expire: 3600 });
  12 |
  13 |   // Chamada de API direto no ...

Ecmascript file had an error

Import trace:
  Server Component:
    ./src/app/components/home-leaderboard.tsx
    ./src/app/page.tsx @ http://localhost:3000/_next/static/chunks/0kd0_next_dist_02e_ku3._.js:1945
[  994341ms] [ERROR] ./src/app/leaderboard/page.tsx:9:3
To use "use cache", please enable the feature flag `cacheComponents` in your Next.js config.
    
    Read more: https://nextjs.org/docs/canary/app/api-reference/directives/use-cache#usage
   7 |
   8 | export default async function ...
>  9 |   "use cache";
     |   ^^^^^^^^^^^
  10 |   cacheLife({ expire: 3600 });
  11 |
  12 |   const [leaderboardData, stat...

Ecmascript file had an error @ http://localhost:3000/_next/static/chunks/0kd0_next_dist_02e_ku3._.js:1945
[  994390ms] [ERROR] ./src/app/components/home-leaderboard.tsx:10:3
To use "use cache", please enable the feature flag `cacheComponents` in your Next.js config.
    
    Read more: https://nextjs.org/docs/canary/app/api-reference/directives/use-cache#usage
   8 |
   9 | export async function HomeLead...
> 10 |   "use cache";
     |   ^^^^^^^^^^^
  11 |   cacheLife({ expire: 3600 });
  12 |
  13 |   // Chamada de API direto no ...

Ecmascript file had an error

Import trace:
  Server Component:
    ./src/app/components/home-leaderboard.tsx
    ./src/app/page.tsx @ http://localhost:3000/_next/static/chunks/0kd0_next_dist_02e_ku3._.js:1945
[  994390ms] [ERROR] ./src/app/leaderboard/page.tsx:9:3
To use "use cache", please enable the feature flag `cacheComponents` in your Next.js config.
    
    Read more: https://nextjs.org/docs/canary/app/api-reference/directives/use-cache#usage
   7 |
   8 | export default async function ...
>  9 |   "use cache";
     |   ^^^^^^^^^^^
  10 |   cacheLife({ expire: 3600 });
  11 |
  12 |   const [leaderboardData, stat...

Ecmascript file had an error @ http://localhost:3000/_next/static/chunks/0kd0_next_dist_02e_ku3._.js:1945
[  994438ms] [ERROR] ./src/app/components/home-leaderboard.tsx:10:3
To use "use cache", please enable the feature flag `cacheComponents` in your Next.js config.
    
    Read more: https://nextjs.org/docs/canary/app/api-reference/directives/use-cache#usage
   8 |
   9 | export async function HomeLead...
> 10 |   "use cache";
     |   ^^^^^^^^^^^
  11 |   cacheLife({ expire: 3600 });
  12 |
  13 |   // Chamada de API direto no ...

Ecmascript file had an error

Import trace:
  Server Component:
    ./src/app/components/home-leaderboard.tsx
    ./src/app/page.tsx @ http://localhost:3000/_next/static/chunks/0kd0_next_dist_02e_ku3._.js:1945
[  994438ms] [ERROR] ./src/app/leaderboard/page.tsx:9:3
To use "use cache", please enable the feature flag `cacheComponents` in your Next.js config.
    
    Read more: https://nextjs.org/docs/canary/app/api-reference/directives/use-cache#usage
   7 |
   8 | export default async function ...
>  9 |   "use cache";
     |   ^^^^^^^^^^^
  10 |   cacheLife({ expire: 3600 });
  11 |
  12 |   const [leaderboardData, stat...

Ecmascript file had an error @ http://localhost:3000/_next/static/chunks/0kd0_next_dist_02e_ku3._.js:1945
[  994488ms] [ERROR] ./src/app/components/home-leaderboard.tsx:10:3
To use "use cache", please enable the feature flag `cacheComponents` in your Next.js config.
    
    Read more: https://nextjs.org/docs/canary/app/api-reference/directives/use-cache#usage
   8 |
   9 | export async function HomeLead...
> 10 |   "use cache";
     |   ^^^^^^^^^^^
  11 |   cacheLife({ expire: 3600 });
  12 |
  13 |   // Chamada de API direto no ...

Ecmascript file had an error

Import trace:
  Server Component:
    ./src/app/components/home-leaderboard.tsx
    ./src/app/page.tsx @ http://localhost:3000/_next/static/chunks/0kd0_next_dist_02e_ku3._.js:1945
[  994488ms] [ERROR] ./src/app/leaderboard/page.tsx:9:3
To use "use cache", please enable the feature flag `cacheComponents` in your Next.js config.
    
    Read more: https://nextjs.org/docs/canary/app/api-reference/directives/use-cache#usage
   7 |
   8 | export default async function ...
>  9 |   "use cache";
     |   ^^^^^^^^^^^
  10 |   cacheLife({ expire: 3600 });
  11 |
  12 |   const [leaderboardData, stat...

Ecmascript file had an error @ http://localhost:3000/_next/static/chunks/0kd0_next_dist_02e_ku3._.js:1945
[  994538ms] [ERROR] ./src/app/components/home-leaderboard.tsx:10:3
To use "use cache", please enable the feature flag `cacheComponents` in your Next.js config.
    
    Read more: https://nextjs.org/docs/canary/app/api-reference/directives/use-cache#usage
   8 |
   9 | export async function HomeLead...
> 10 |   "use cache";
     |   ^^^^^^^^^^^
  11 |   cacheLife({ expire: 3600 });
  12 |
  13 |   // Chamada de API direto no ...

Ecmascript file had an error

Import trace:
  Server Component:
    ./src/app/components/home-leaderboard.tsx
    ./src/app/page.tsx @ http://localhost:3000/_next/static/chunks/0kd0_next_dist_02e_ku3._.js:1945
[  994538ms] [ERROR] ./src/app/leaderboard/page.tsx:9:3
To use "use cache", please enable the feature flag `cacheComponents` in your Next.js config.
    
    Read more: https://nextjs.org/docs/canary/app/api-reference/directives/use-cache#usage
   7 |
   8 | export default async function ...
>  9 |   "use cache";
     |   ^^^^^^^^^^^
  10 |   cacheLife({ expire: 3600 });
  11 |
  12 |   const [leaderboardData, stat...

Ecmascript file had an error @ http://localhost:3000/_next/static/chunks/0kd0_next_dist_02e_ku3._.js:1945
[  994587ms] [ERROR] ./src/app/components/home-leaderboard.tsx:10:3
To use "use cache", please enable the feature flag `cacheComponents` in your Next.js config.
    
    Read more: https://nextjs.org/docs/canary/app/api-reference/directives/use-cache#usage
   8 |
   9 | export async function HomeLead...
> 10 |   "use cache";
     |   ^^^^^^^^^^^
  11 |   cacheLife({ expire: 3600 });
  12 |
  13 |   // Chamada de API direto no ...

Ecmascript file had an error

Import trace:
  Server Component:
    ./src/app/components/home-leaderboard.tsx
    ./src/app/page.tsx @ http://localhost:3000/_next/static/chunks/0kd0_next_dist_02e_ku3._.js:1945
[  994588ms] [ERROR] ./src/app/leaderboard/page.tsx:9:3
To use "use cache", please enable the feature flag `cacheComponents` in your Next.js config.
    
    Read more: https://nextjs.org/docs/canary/app/api-reference/directives/use-cache#usage
   7 |
   8 | export default async function ...
>  9 |   "use cache";
     |   ^^^^^^^^^^^
  10 |   cacheLife({ expire: 3600 });
  11 |
  12 |   const [leaderboardData, stat...

Ecmascript file had an error @ http://localhost:3000/_next/static/chunks/0kd0_next_dist_02e_ku3._.js:1945
[  994640ms] [ERROR] ./src/app/components/home-leaderboard.tsx:10:3
To use "use cache", please enable the feature flag `cacheComponents` in your Next.js config.
    
    Read more: https://nextjs.org/docs/canary/app/api-reference/directives/use-cache#usage
   8 |
   9 | export async function HomeLead...
> 10 |   "use cache";
     |   ^^^^^^^^^^^
  11 |   cacheLife({ expire: 3600 });
  12 |
  13 |   // Chamada de API direto no ...

Ecmascript file had an error

Import trace:
  Server Component:
    ./src/app/components/home-leaderboard.tsx
    ./src/app/page.tsx @ http://localhost:3000/_next/static/chunks/0kd0_next_dist_02e_ku3._.js:1945
[  994640ms] [ERROR] ./src/app/leaderboard/page.tsx:9:3
To use "use cache", please enable the feature flag `cacheComponents` in your Next.js config.
    
    Read more: https://nextjs.org/docs/canary/app/api-reference/directives/use-cache#usage
   7 |
   8 | export default async function ...
>  9 |   "use cache";
     |   ^^^^^^^^^^^
  10 |   cacheLife({ expire: 3600 });
  11 |
  12 |   const [leaderboardData, stat...

Ecmascript file had an error @ http://localhost:3000/_next/static/chunks/0kd0_next_dist_02e_ku3._.js:1945
[  994692ms] [ERROR] ./src/app/components/home-leaderboard.tsx:10:3
To use "use cache", please enable the feature flag `cacheComponents` in your Next.js config.
    
    Read more: https://nextjs.org/docs/canary/app/api-reference/directives/use-cache#usage
   8 |
   9 | export async function HomeLead...
> 10 |   "use cache";
     |   ^^^^^^^^^^^
  11 |   cacheLife({ expire: 3600 });
  12 |
  13 |   // Chamada de API direto no ...

Ecmascript file had an error

Import trace:
  Server Component:
    ./src/app/components/home-leaderboard.tsx
    ./src/app/page.tsx @ http://localhost:3000/_next/static/chunks/0kd0_next_dist_02e_ku3._.js:1945
[  994693ms] [ERROR] ./src/app/leaderboard/page.tsx:9:3
To use "use cache", please enable the feature flag `cacheComponents` in your Next.js config.
    
    Read more: https://nextjs.org/docs/canary/app/api-reference/directives/use-cache#usage
   7 |
   8 | export default async function ...
>  9 |   "use cache";
     |   ^^^^^^^^^^^
  10 |   cacheLife({ expire: 3600 });
  11 |
  12 |   const [leaderboardData, stat...

Ecmascript file had an error @ http://localhost:3000/_next/static/chunks/0kd0_next_dist_02e_ku3._.js:1945
[  994743ms] [ERROR] ./src/app/components/home-leaderboard.tsx:10:3
To use "use cache", please enable the feature flag `cacheComponents` in your Next.js config.
    
    Read more: https://nextjs.org/docs/canary/app/api-reference/directives/use-cache#usage
   8 |
   9 | export async function HomeLead...
> 10 |   "use cache";
     |   ^^^^^^^^^^^
  11 |   cacheLife({ expire: 3600 });
  12 |
  13 |   // Chamada de API direto no ...

Ecmascript file had an error

Import trace:
  Server Component:
    ./src/app/components/home-leaderboard.tsx
    ./src/app/page.tsx @ http://localhost:3000/_next/static/chunks/0kd0_next_dist_02e_ku3._.js:1945
[  994743ms] [ERROR] ./src/app/leaderboard/page.tsx:9:3
To use "use cache", please enable the feature flag `cacheComponents` in your Next.js config.
    
    Read more: https://nextjs.org/docs/canary/app/api-reference/directives/use-cache#usage
   7 |
   8 | export default async function ...
>  9 |   "use cache";
     |   ^^^^^^^^^^^
  10 |   cacheLife({ expire: 3600 });
  11 |
  12 |   const [leaderboardData, stat...

Ecmascript file had an error @ http://localhost:3000/_next/static/chunks/0kd0_next_dist_02e_ku3._.js:1945
[  994794ms] [ERROR] ./src/app/components/home-leaderboard.tsx:10:3
To use "use cache", please enable the feature flag `cacheComponents` in your Next.js config.
    
    Read more: https://nextjs.org/docs/canary/app/api-reference/directives/use-cache#usage
   8 |
   9 | export async function HomeLead...
> 10 |   "use cache";
     |   ^^^^^^^^^^^
  11 |   cacheLife({ expire: 3600 });
  12 |
  13 |   // Chamada de API direto no ...

Ecmascript file had an error

Import trace:
  Server Component:
    ./src/app/components/home-leaderboard.tsx
    ./src/app/page.tsx @ http://localhost:3000/_next/static/chunks/0kd0_next_dist_02e_ku3._.js:1945
[  994794ms] [ERROR] ./src/app/leaderboard/page.tsx:9:3
To use "use cache", please enable the feature flag `cacheComponents` in your Next.js config.
    
    Read more: https://nextjs.org/docs/canary/app/api-reference/directives/use-cache#usage
   7 |
   8 | export default async function ...
>  9 |   "use cache";
     |   ^^^^^^^^^^^
  10 |   cacheLife({ expire: 3600 });
  11 |
  12 |   const [leaderboardData, stat...

Ecmascript file had an error @ http://localhost:3000/_next/static/chunks/0kd0_next_dist_02e_ku3._.js:1945
[  994845ms] [ERROR] ./src/app/components/home-leaderboard.tsx:10:3
To use "use cache", please enable the feature flag `cacheComponents` in your Next.js config.
    
    Read more: https://nextjs.org/docs/canary/app/api-reference/directives/use-cache#usage
   8 |
   9 | export async function HomeLead...
> 10 |   "use cache";
     |   ^^^^^^^^^^^
  11 |   cacheLife({ expire: 3600 });
  12 |
  13 |   // Chamada de API direto no ...

Ecmascript file had an error

Import trace:
  Server Component:
    ./src/app/components/home-leaderboard.tsx
    ./src/app/page.tsx @ http://localhost:3000/_next/static/chunks/0kd0_next_dist_02e_ku3._.js:1945
[  994845ms] [ERROR] ./src/app/leaderboard/page.tsx:9:3
To use "use cache", please enable the feature flag `cacheComponents` in your Next.js config.
    
    Read more: https://nextjs.org/docs/canary/app/api-reference/directives/use-cache#usage
   7 |
   8 | export default async function ...
>  9 |   "use cache";
     |   ^^^^^^^^^^^
  10 |   cacheLife({ expire: 3600 });
  11 |
  12 |   const [leaderboardData, stat...

Ecmascript file had an error @ http://localhost:3000/_next/static/chunks/0kd0_next_dist_02e_ku3._.js:1945
[  994894ms] [ERROR] ./src/app/components/home-leaderboard.tsx:10:3
To use "use cache", please enable the feature flag `cacheComponents` in your Next.js config.
    
    Read more: https://nextjs.org/docs/canary/app/api-reference/directives/use-cache#usage
   8 |
   9 | export async function HomeLead...
> 10 |   "use cache";
     |   ^^^^^^^^^^^
  11 |   cacheLife({ expire: 3600 });
  12 |
  13 |   // Chamada de API direto no ...

Ecmascript file had an error

Import trace:
  Server Component:
    ./src/app/components/home-leaderboard.tsx
    ./src/app/page.tsx @ http://localhost:3000/_next/static/chunks/0kd0_next_dist_02e_ku3._.js:1945
[  994894ms] [ERROR] ./src/app/leaderboard/page.tsx:9:3
To use "use cache", please enable the feature flag `cacheComponents` in your Next.js config.
    
    Read more: https://nextjs.org/docs/canary/app/api-reference/directives/use-cache#usage
   7 |
   8 | export default async function ...
>  9 |   "use cache";
     |   ^^^^^^^^^^^
  10 |   cacheLife({ expire: 3600 });
  11 |
  12 |   const [leaderboardData, stat...

Ecmascript file had an error @ http://localhost:3000/_next/static/chunks/0kd0_next_dist_02e_ku3._.js:1945
[  994944ms] [ERROR] ./src/app/components/home-leaderboard.tsx:10:3
To use "use cache", please enable the feature flag `cacheComponents` in your Next.js config.
    
    Read more: https://nextjs.org/docs/canary/app/api-reference/directives/use-cache#usage
   8 |
   9 | export async function HomeLead...
> 10 |   "use cache";
     |   ^^^^^^^^^^^
  11 |   cacheLife({ expire: 3600 });
  12 |
  13 |   // Chamada de API direto no ...

Ecmascript file had an error

Import trace:
  Server Component:
    ./src/app/components/home-leaderboard.tsx
    ./src/app/page.tsx @ http://localhost:3000/_next/static/chunks/0kd0_next_dist_02e_ku3._.js:1945
[  994944ms] [ERROR] ./src/app/leaderboard/page.tsx:9:3
To use "use cache", please enable the feature flag `cacheComponents` in your Next.js config.
    
    Read more: https://nextjs.org/docs/canary/app/api-reference/directives/use-cache#usage
   7 |
   8 | export default async function ...
>  9 |   "use cache";
     |   ^^^^^^^^^^^
  10 |   cacheLife({ expire: 3600 });
  11 |
  12 |   const [leaderboardData, stat...

Ecmascript file had an error @ http://localhost:3000/_next/static/chunks/0kd0_next_dist_02e_ku3._.js:1945
[  994994ms] [ERROR] ./src/app/components/home-leaderboard.tsx:10:3
To use "use cache", please enable the feature flag `cacheComponents` in your Next.js config.
    
    Read more: https://nextjs.org/docs/canary/app/api-reference/directives/use-cache#usage
   8 |
   9 | export async function HomeLead...
> 10 |   "use cache";
     |   ^^^^^^^^^^^
  11 |   cacheLife({ expire: 3600 });
  12 |
  13 |   // Chamada de API direto no ...

Ecmascript file had an error

Import trace:
  Server Component:
    ./src/app/components/home-leaderboard.tsx
    ./src/app/page.tsx @ http://localhost:3000/_next/static/chunks/0kd0_next_dist_02e_ku3._.js:1945
[  994994ms] [ERROR] ./src/app/leaderboard/page.tsx:9:3
To use "use cache", please enable the feature flag `cacheComponents` in your Next.js config.
    
    Read more: https://nextjs.org/docs/canary/app/api-reference/directives/use-cache#usage
   7 |
   8 | export default async function ...
>  9 |   "use cache";
     |   ^^^^^^^^^^^
  10 |   cacheLife({ expire: 3600 });
  11 |
  12 |   const [leaderboardData, stat...

Ecmascript file had an error @ http://localhost:3000/_next/static/chunks/0kd0_next_dist_02e_ku3._.js:1945
[  995047ms] [ERROR] ./src/app/components/home-leaderboard.tsx:10:3
To use "use cache", please enable the feature flag `cacheComponents` in your Next.js config.
    
    Read more: https://nextjs.org/docs/canary/app/api-reference/directives/use-cache#usage
   8 |
   9 | export async function HomeLead...
> 10 |   "use cache";
     |   ^^^^^^^^^^^
  11 |   cacheLife({ expire: 3600 });
  12 |
  13 |   // Chamada de API direto no ...

Ecmascript file had an error

Import trace:
  Server Component:
    ./src/app/components/home-leaderboard.tsx
    ./src/app/page.tsx @ http://localhost:3000/_next/static/chunks/0kd0_next_dist_02e_ku3._.js:1945
[  995047ms] [ERROR] ./src/app/leaderboard/page.tsx:9:3
To use "use cache", please enable the feature flag `cacheComponents` in your Next.js config.
    
    Read more: https://nextjs.org/docs/canary/app/api-reference/directives/use-cache#usage
   7 |
   8 | export default async function ...
>  9 |   "use cache";
     |   ^^^^^^^^^^^
  10 |   cacheLife({ expire: 3600 });
  11 |
  12 |   const [leaderboardData, stat...

Ecmascript file had an error @ http://localhost:3000/_next/static/chunks/0kd0_next_dist_02e_ku3._.js:1945
[  995099ms] [ERROR] ./src/app/components/home-leaderboard.tsx:10:3
To use "use cache", please enable the feature flag `cacheComponents` in your Next.js config.
    
    Read more: https://nextjs.org/docs/canary/app/api-reference/directives/use-cache#usage
   8 |
   9 | export async function HomeLead...
> 10 |   "use cache";
     |   ^^^^^^^^^^^
  11 |   cacheLife({ expire: 3600 });
  12 |
  13 |   // Chamada de API direto no ...

Ecmascript file had an error

Import trace:
  Server Component:
    ./src/app/components/home-leaderboard.tsx
    ./src/app/page.tsx @ http://localhost:3000/_next/static/chunks/0kd0_next_dist_02e_ku3._.js:1945
[  995099ms] [ERROR] ./src/app/leaderboard/page.tsx:9:3
To use "use cache", please enable the feature flag `cacheComponents` in your Next.js config.
    
    Read more: https://nextjs.org/docs/canary/app/api-reference/directives/use-cache#usage
   7 |
   8 | export default async function ...
>  9 |   "use cache";
     |   ^^^^^^^^^^^
  10 |   cacheLife({ expire: 3600 });
  11 |
  12 |   const [leaderboardData, stat...

Ecmascript file had an error @ http://localhost:3000/_next/static/chunks/0kd0_next_dist_02e_ku3._.js:1945
[  995150ms] [ERROR] ./src/app/components/home-leaderboard.tsx:10:3
To use "use cache", please enable the feature flag `cacheComponents` in your Next.js config.
    
    Read more: https://nextjs.org/docs/canary/app/api-reference/directives/use-cache#usage
   8 |
   9 | export async function HomeLead...
> 10 |   "use cache";
     |   ^^^^^^^^^^^
  11 |   cacheLife({ expire: 3600 });
  12 |
  13 |   // Chamada de API direto no ...

Ecmascript file had an error

Import trace:
  Server Component:
    ./src/app/components/home-leaderboard.tsx
    ./src/app/page.tsx @ http://localhost:3000/_next/static/chunks/0kd0_next_dist_02e_ku3._.js:1945
[  995150ms] [ERROR] ./src/app/leaderboard/page.tsx:9:3
To use "use cache", please enable the feature flag `cacheComponents` in your Next.js config.
    
    Read more: https://nextjs.org/docs/canary/app/api-reference/directives/use-cache#usage
   7 |
   8 | export default async function ...
>  9 |   "use cache";
     |   ^^^^^^^^^^^
  10 |   cacheLife({ expire: 3600 });
  11 |
  12 |   const [leaderboardData, stat...

Ecmascript file had an error @ http://localhost:3000/_next/static/chunks/0kd0_next_dist_02e_ku3._.js:1945
[  995202ms] [ERROR] ./src/app/components/home-leaderboard.tsx:10:3
To use "use cache", please enable the feature flag `cacheComponents` in your Next.js config.
    
    Read more: https://nextjs.org/docs/canary/app/api-reference/directives/use-cache#usage
   8 |
   9 | export async function HomeLead...
> 10 |   "use cache";
     |   ^^^^^^^^^^^
  11 |   cacheLife({ expire: 3600 });
  12 |
  13 |   // Chamada de API direto no ...

Ecmascript file had an error

Import trace:
  Server Component:
    ./src/app/components/home-leaderboard.tsx
    ./src/app/page.tsx @ http://localhost:3000/_next/static/chunks/0kd0_next_dist_02e_ku3._.js:1945
[  995202ms] [ERROR] ./src/app/leaderboard/page.tsx:9:3
To use "use cache", please enable the feature flag `cacheComponents` in your Next.js config.
    
    Read more: https://nextjs.org/docs/canary/app/api-reference/directives/use-cache#usage
   7 |
   8 | export default async function ...
>  9 |   "use cache";
     |   ^^^^^^^^^^^
  10 |   cacheLife({ expire: 3600 });
  11 |
  12 |   const [leaderboardData, stat...

Ecmascript file had an error @ http://localhost:3000/_next/static/chunks/0kd0_next_dist_02e_ku3._.js:1945
[  995254ms] [ERROR] ./src/app/components/home-leaderboard.tsx:10:3
To use "use cache", please enable the feature flag `cacheComponents` in your Next.js config.
    
    Read more: https://nextjs.org/docs/canary/app/api-reference/directives/use-cache#usage
   8 |
   9 | export async function HomeLead...
> 10 |   "use cache";
     |   ^^^^^^^^^^^
  11 |   cacheLife({ expire: 3600 });
  12 |
  13 |   // Chamada de API direto no ...

Ecmascript file had an error

Import trace:
  Server Component:
    ./src/app/components/home-leaderboard.tsx
    ./src/app/page.tsx @ http://localhost:3000/_next/static/chunks/0kd0_next_dist_02e_ku3._.js:1945
[  995254ms] [ERROR] ./src/app/leaderboard/page.tsx:9:3
To use "use cache", please enable the feature flag `cacheComponents` in your Next.js config.
    
    Read more: https://nextjs.org/docs/canary/app/api-reference/directives/use-cache#usage
   7 |
   8 | export default async function ...
>  9 |   "use cache";
     |   ^^^^^^^^^^^
  10 |   cacheLife({ expire: 3600 });
  11 |
  12 |   const [leaderboardData, stat...

Ecmascript file had an error @ http://localhost:3000/_next/static/chunks/0kd0_next_dist_02e_ku3._.js:1945
[  995305ms] [ERROR] ./src/app/components/home-leaderboard.tsx:10:3
To use "use cache", please enable the feature flag `cacheComponents` in your Next.js config.
    
    Read more: https://nextjs.org/docs/canary/app/api-reference/directives/use-cache#usage
   8 |
   9 | export async function HomeLead...
> 10 |   "use cache";
     |   ^^^^^^^^^^^
  11 |   cacheLife({ expire: 3600 });
  12 |
  13 |   // Chamada de API direto no ...

Ecmascript file had an error

Import trace:
  Server Component:
    ./src/app/components/home-leaderboard.tsx
    ./src/app/page.tsx @ http://localhost:3000/_next/static/chunks/0kd0_next_dist_02e_ku3._.js:1945
[  995305ms] [ERROR] ./src/app/leaderboard/page.tsx:9:3
To use "use cache", please enable the feature flag `cacheComponents` in your Next.js config.
    
    Read more: https://nextjs.org/docs/canary/app/api-reference/directives/use-cache#usage
   7 |
   8 | export default async function ...
>  9 |   "use cache";
     |   ^^^^^^^^^^^
  10 |   cacheLife({ expire: 3600 });
  11 |
  12 |   const [leaderboardData, stat...

Ecmascript file had an error @ http://localhost:3000/_next/static/chunks/0kd0_next_dist_02e_ku3._.js:1945
[  995355ms] [ERROR] ./src/app/components/home-leaderboard.tsx:10:3
To use "use cache", please enable the feature flag `cacheComponents` in your Next.js config.
    
    Read more: https://nextjs.org/docs/canary/app/api-reference/directives/use-cache#usage
   8 |
   9 | export async function HomeLead...
> 10 |   "use cache";
     |   ^^^^^^^^^^^
  11 |   cacheLife({ expire: 3600 });
  12 |
  13 |   // Chamada de API direto no ...

Ecmascript file had an error

Import trace:
  Server Component:
    ./src/app/components/home-leaderboard.tsx
    ./src/app/page.tsx @ http://localhost:3000/_next/static/chunks/0kd0_next_dist_02e_ku3._.js:1945
[  995356ms] [ERROR] ./src/app/leaderboard/page.tsx:9:3
To use "use cache", please enable the feature flag `cacheComponents` in your Next.js config.
    
    Read more: https://nextjs.org/docs/canary/app/api-reference/directives/use-cache#usage
   7 |
   8 | export default async function ...
>  9 |   "use cache";
     |   ^^^^^^^^^^^
  10 |   cacheLife({ expire: 3600 });
  11 |
  12 |   const [leaderboardData, stat...

Ecmascript file had an error @ http://localhost:3000/_next/static/chunks/0kd0_next_dist_02e_ku3._.js:1945
[  995407ms] [ERROR] ./src/app/components/home-leaderboard.tsx:10:3
To use "use cache", please enable the feature flag `cacheComponents` in your Next.js config.
    
    Read more: https://nextjs.org/docs/canary/app/api-reference/directives/use-cache#usage
   8 |
   9 | export async function HomeLead...
> 10 |   "use cache";
     |   ^^^^^^^^^^^
  11 |   cacheLife({ expire: 3600 });
  12 |
  13 |   // Chamada de API direto no ...

Ecmascript file had an error

Import trace:
  Server Component:
    ./src/app/components/home-leaderboard.tsx
    ./src/app/page.tsx @ http://localhost:3000/_next/static/chunks/0kd0_next_dist_02e_ku3._.js:1945
[  995407ms] [ERROR] ./src/app/leaderboard/page.tsx:9:3
To use "use cache", please enable the feature flag `cacheComponents` in your Next.js config.
    
    Read more: https://nextjs.org/docs/canary/app/api-reference/directives/use-cache#usage
   7 |
   8 | export default async function ...
>  9 |   "use cache";
     |   ^^^^^^^^^^^
  10 |   cacheLife({ expire: 3600 });
  11 |
  12 |   const [leaderboardData, stat...

Ecmascript file had an error @ http://localhost:3000/_next/static/chunks/0kd0_next_dist_02e_ku3._.js:1945
[  995457ms] [ERROR] ./src/app/components/home-leaderboard.tsx:10:3
To use "use cache", please enable the feature flag `cacheComponents` in your Next.js config.
    
    Read more: https://nextjs.org/docs/canary/app/api-reference/directives/use-cache#usage
   8 |
   9 | export async function HomeLead...
> 10 |   "use cache";
     |   ^^^^^^^^^^^
  11 |   cacheLife({ expire: 3600 });
  12 |
  13 |   // Chamada de API direto no ...

Ecmascript file had an error

Import trace:
  Server Component:
    ./src/app/components/home-leaderboard.tsx
    ./src/app/page.tsx @ http://localhost:3000/_next/static/chunks/0kd0_next_dist_02e_ku3._.js:1945
[  995457ms] [ERROR] ./src/app/leaderboard/page.tsx:9:3
To use "use cache", please enable the feature flag `cacheComponents` in your Next.js config.
    
    Read more: https://nextjs.org/docs/canary/app/api-reference/directives/use-cache#usage
   7 |
   8 | export default async function ...
>  9 |   "use cache";
     |   ^^^^^^^^^^^
  10 |   cacheLife({ expire: 3600 });
  11 |
  12 |   const [leaderboardData, stat...

Ecmascript file had an error @ http://localhost:3000/_next/static/chunks/0kd0_next_dist_02e_ku3._.js:1945
[  995508ms] [ERROR] ./src/app/components/home-leaderboard.tsx:10:3
To use "use cache", please enable the feature flag `cacheComponents` in your Next.js config.
    
    Read more: https://nextjs.org/docs/canary/app/api-reference/directives/use-cache#usage
   8 |
   9 | export async function HomeLead...
> 10 |   "use cache";
     |   ^^^^^^^^^^^
  11 |   cacheLife({ expire: 3600 });
  12 |
  13 |   // Chamada de API direto no ...

Ecmascript file had an error

Import trace:
  Server Component:
    ./src/app/components/home-leaderboard.tsx
    ./src/app/page.tsx @ http://localhost:3000/_next/static/chunks/0kd0_next_dist_02e_ku3._.js:1945
[  995508ms] [ERROR] ./src/app/leaderboard/page.tsx:9:3
To use "use cache", please enable the feature flag `cacheComponents` in your Next.js config.
    
    Read more: https://nextjs.org/docs/canary/app/api-reference/directives/use-cache#usage
   7 |
   8 | export default async function ...
>  9 |   "use cache";
     |   ^^^^^^^^^^^
  10 |   cacheLife({ expire: 3600 });
  11 |
  12 |   const [leaderboardData, stat...

Ecmascript file had an error @ http://localhost:3000/_next/static/chunks/0kd0_next_dist_02e_ku3._.js:1945
[  995558ms] [ERROR] ./src/app/components/home-leaderboard.tsx:10:3
To use "use cache", please enable the feature flag `cacheComponents` in your Next.js config.
    
    Read more: https://nextjs.org/docs/canary/app/api-reference/directives/use-cache#usage
   8 |
   9 | export async function HomeLead...
> 10 |   "use cache";
     |   ^^^^^^^^^^^
  11 |   cacheLife({ expire: 3600 });
  12 |
  13 |   // Chamada de API direto no ...

Ecmascript file had an error

Import trace:
  Server Component:
    ./src/app/components/home-leaderboard.tsx
    ./src/app/page.tsx @ http://localhost:3000/_next/static/chunks/0kd0_next_dist_02e_ku3._.js:1945
[  995558ms] [ERROR] ./src/app/leaderboard/page.tsx:9:3
To use "use cache", please enable the feature flag `cacheComponents` in your Next.js config.
    
    Read more: https://nextjs.org/docs/canary/app/api-reference/directives/use-cache#usage
   7 |
   8 | export default async function ...
>  9 |   "use cache";
     |   ^^^^^^^^^^^
  10 |   cacheLife({ expire: 3600 });
  11 |
  12 |   const [leaderboardData, stat...

Ecmascript file had an error @ http://localhost:3000/_next/static/chunks/0kd0_next_dist_02e_ku3._.js:1945
[  995608ms] [ERROR] ./src/app/components/home-leaderboard.tsx:10:3
To use "use cache", please enable the feature flag `cacheComponents` in your Next.js config.
    
    Read more: https://nextjs.org/docs/canary/app/api-reference/directives/use-cache#usage
   8 |
   9 | export async function HomeLead...
> 10 |   "use cache";
     |   ^^^^^^^^^^^
  11 |   cacheLife({ expire: 3600 });
  12 |
  13 |   // Chamada de API direto no ...

Ecmascript file had an error

Import trace:
  Server Component:
    ./src/app/components/home-leaderboard.tsx
    ./src/app/page.tsx @ http://localhost:3000/_next/static/chunks/0kd0_next_dist_02e_ku3._.js:1945
[  995608ms] [ERROR] ./src/app/leaderboard/page.tsx:9:3
To use "use cache", please enable the feature flag `cacheComponents` in your Next.js config.
    
    Read more: https://nextjs.org/docs/canary/app/api-reference/directives/use-cache#usage
   7 |
   8 | export default async function ...
>  9 |   "use cache";
     |   ^^^^^^^^^^^
  10 |   cacheLife({ expire: 3600 });
  11 |
  12 |   const [leaderboardData, stat...

Ecmascript file had an error @ http://localhost:3000/_next/static/chunks/0kd0_next_dist_02e_ku3._.js:1945
[  995659ms] [ERROR] ./src/app/components/home-leaderboard.tsx:10:3
To use "use cache", please enable the feature flag `cacheComponents` in your Next.js config.
    
    Read more: https://nextjs.org/docs/canary/app/api-reference/directives/use-cache#usage
   8 |
   9 | export async function HomeLead...
> 10 |   "use cache";
     |   ^^^^^^^^^^^
  11 |   cacheLife({ expire: 3600 });
  12 |
  13 |   // Chamada de API direto no ...

Ecmascript file had an error

Import trace:
  Server Component:
    ./src/app/components/home-leaderboard.tsx
    ./src/app/page.tsx @ http://localhost:3000/_next/static/chunks/0kd0_next_dist_02e_ku3._.js:1945
[  995660ms] [ERROR] ./src/app/leaderboard/page.tsx:9:3
To use "use cache", please enable the feature flag `cacheComponents` in your Next.js config.
    
    Read more: https://nextjs.org/docs/canary/app/api-reference/directives/use-cache#usage
   7 |
   8 | export default async function ...
>  9 |   "use cache";
     |   ^^^^^^^^^^^
  10 |   cacheLife({ expire: 3600 });
  11 |
  12 |   const [leaderboardData, stat...

Ecmascript file had an error @ http://localhost:3000/_next/static/chunks/0kd0_next_dist_02e_ku3._.js:1945
[  995711ms] [ERROR] ./src/app/components/home-leaderboard.tsx:10:3
To use "use cache", please enable the feature flag `cacheComponents` in your Next.js config.
    
    Read more: https://nextjs.org/docs/canary/app/api-reference/directives/use-cache#usage
   8 |
   9 | export async function HomeLead...
> 10 |   "use cache";
     |   ^^^^^^^^^^^
  11 |   cacheLife({ expire: 3600 });
  12 |
  13 |   // Chamada de API direto no ...

Ecmascript file had an error

Import trace:
  Server Component:
    ./src/app/components/home-leaderboard.tsx
    ./src/app/page.tsx @ http://localhost:3000/_next/static/chunks/0kd0_next_dist_02e_ku3._.js:1945
[  995711ms] [ERROR] ./src/app/leaderboard/page.tsx:9:3
To use "use cache", please enable the feature flag `cacheComponents` in your Next.js config.
    
    Read more: https://nextjs.org/docs/canary/app/api-reference/directives/use-cache#usage
   7 |
   8 | export default async function ...
>  9 |   "use cache";
     |   ^^^^^^^^^^^
  10 |   cacheLife({ expire: 3600 });
  11 |
  12 |   const [leaderboardData, stat...

Ecmascript file had an error @ http://localhost:3000/_next/static/chunks/0kd0_next_dist_02e_ku3._.js:1945
[  995760ms] [ERROR] ./src/app/components/home-leaderboard.tsx:10:3
To use "use cache", please enable the feature flag `cacheComponents` in your Next.js config.
    
    Read more: https://nextjs.org/docs/canary/app/api-reference/directives/use-cache#usage
   8 |
   9 | export async function HomeLead...
> 10 |   "use cache";
     |   ^^^^^^^^^^^
  11 |   cacheLife({ expire: 3600 });
  12 |
  13 |   // Chamada de API direto no ...

Ecmascript file had an error

Import trace:
  Server Component:
    ./src/app/components/home-leaderboard.tsx
    ./src/app/page.tsx @ http://localhost:3000/_next/static/chunks/0kd0_next_dist_02e_ku3._.js:1945
[  995760ms] [ERROR] ./src/app/leaderboard/page.tsx:9:3
To use "use cache", please enable the feature flag `cacheComponents` in your Next.js config.
    
    Read more: https://nextjs.org/docs/canary/app/api-reference/directives/use-cache#usage
   7 |
   8 | export default async function ...
>  9 |   "use cache";
     |   ^^^^^^^^^^^
  10 |   cacheLife({ expire: 3600 });
  11 |
  12 |   const [leaderboardData, stat...

Ecmascript file had an error @ http://localhost:3000/_next/static/chunks/0kd0_next_dist_02e_ku3._.js:1945
[  995809ms] [ERROR] ./src/app/components/home-leaderboard.tsx:10:3
To use "use cache", please enable the feature flag `cacheComponents` in your Next.js config.
    
    Read more: https://nextjs.org/docs/canary/app/api-reference/directives/use-cache#usage
   8 |
   9 | export async function HomeLead...
> 10 |   "use cache";
     |   ^^^^^^^^^^^
  11 |   cacheLife({ expire: 3600 });
  12 |
  13 |   // Chamada de API direto no ...

Ecmascript file had an error

Import trace:
  Server Component:
    ./src/app/components/home-leaderboard.tsx
    ./src/app/page.tsx @ http://localhost:3000/_next/static/chunks/0kd0_next_dist_02e_ku3._.js:1945
[  995809ms] [ERROR] ./src/app/leaderboard/page.tsx:9:3
To use "use cache", please enable the feature flag `cacheComponents` in your Next.js config.
    
    Read more: https://nextjs.org/docs/canary/app/api-reference/directives/use-cache#usage
   7 |
   8 | export default async function ...
>  9 |   "use cache";
     |   ^^^^^^^^^^^
  10 |   cacheLife({ expire: 3600 });
  11 |
  12 |   const [leaderboardData, stat...

Ecmascript file had an error @ http://localhost:3000/_next/static/chunks/0kd0_next_dist_02e_ku3._.js:1945
[  995858ms] [ERROR] ./src/app/components/home-leaderboard.tsx:10:3
To use "use cache", please enable the feature flag `cacheComponents` in your Next.js config.
    
    Read more: https://nextjs.org/docs/canary/app/api-reference/directives/use-cache#usage
   8 |
   9 | export async function HomeLead...
> 10 |   "use cache";
     |   ^^^^^^^^^^^
  11 |   cacheLife({ expire: 3600 });
  12 |
  13 |   // Chamada de API direto no ...

Ecmascript file had an error

Import trace:
  Server Component:
    ./src/app/components/home-leaderboard.tsx
    ./src/app/page.tsx @ http://localhost:3000/_next/static/chunks/0kd0_next_dist_02e_ku3._.js:1945
[  995858ms] [ERROR] ./src/app/leaderboard/page.tsx:9:3
To use "use cache", please enable the feature flag `cacheComponents` in your Next.js config.
    
    Read more: https://nextjs.org/docs/canary/app/api-reference/directives/use-cache#usage
   7 |
   8 | export default async function ...
>  9 |   "use cache";
     |   ^^^^^^^^^^^
  10 |   cacheLife({ expire: 3600 });
  11 |
  12 |   const [leaderboardData, stat...

Ecmascript file had an error @ http://localhost:3000/_next/static/chunks/0kd0_next_dist_02e_ku3._.js:1945
[  995907ms] [ERROR] ./src/app/components/home-leaderboard.tsx:10:3
To use "use cache", please enable the feature flag `cacheComponents` in your Next.js config.
    
    Read more: https://nextjs.org/docs/canary/app/api-reference/directives/use-cache#usage
   8 |
   9 | export async function HomeLead...
> 10 |   "use cache";
     |   ^^^^^^^^^^^
  11 |   cacheLife({ expire: 3600 });
  12 |
  13 |   // Chamada de API direto no ...

Ecmascript file had an error

Import trace:
  Server Component:
    ./src/app/components/home-leaderboard.tsx
    ./src/app/page.tsx @ http://localhost:3000/_next/static/chunks/0kd0_next_dist_02e_ku3._.js:1945
[  995907ms] [ERROR] ./src/app/leaderboard/page.tsx:9:3
To use "use cache", please enable the feature flag `cacheComponents` in your Next.js config.
    
    Read more: https://nextjs.org/docs/canary/app/api-reference/directives/use-cache#usage
   7 |
   8 | export default async function ...
>  9 |   "use cache";
     |   ^^^^^^^^^^^
  10 |   cacheLife({ expire: 3600 });
  11 |
  12 |   const [leaderboardData, stat...

Ecmascript file had an error @ http://localhost:3000/_next/static/chunks/0kd0_next_dist_02e_ku3._.js:1945
[  995958ms] [ERROR] ./src/app/components/home-leaderboard.tsx:10:3
To use "use cache", please enable the feature flag `cacheComponents` in your Next.js config.
    
    Read more: https://nextjs.org/docs/canary/app/api-reference/directives/use-cache#usage
   8 |
   9 | export async function HomeLead...
> 10 |   "use cache";
     |   ^^^^^^^^^^^
  11 |   cacheLife({ expire: 3600 });
  12 |
  13 |   // Chamada de API direto no ...

Ecmascript file had an error

Import trace:
  Server Component:
    ./src/app/components/home-leaderboard.tsx
    ./src/app/page.tsx @ http://localhost:3000/_next/static/chunks/0kd0_next_dist_02e_ku3._.js:1945
[  995958ms] [ERROR] ./src/app/leaderboard/page.tsx:9:3
To use "use cache", please enable the feature flag `cacheComponents` in your Next.js config.
    
    Read more: https://nextjs.org/docs/canary/app/api-reference/directives/use-cache#usage
   7 |
   8 | export default async function ...
>  9 |   "use cache";
     |   ^^^^^^^^^^^
  10 |   cacheLife({ expire: 3600 });
  11 |
  12 |   const [leaderboardData, stat...

Ecmascript file had an error @ http://localhost:3000/_next/static/chunks/0kd0_next_dist_02e_ku3._.js:1945
[  996011ms] [ERROR] ./src/app/components/home-leaderboard.tsx:10:3
To use "use cache", please enable the feature flag `cacheComponents` in your Next.js config.
    
    Read more: https://nextjs.org/docs/canary/app/api-reference/directives/use-cache#usage
   8 |
   9 | export async function HomeLead...
> 10 |   "use cache";
     |   ^^^^^^^^^^^
  11 |   cacheLife({ expire: 3600 });
  12 |
  13 |   // Chamada de API direto no ...

Ecmascript file had an error

Import trace:
  Server Component:
    ./src/app/components/home-leaderboard.tsx
    ./src/app/page.tsx @ http://localhost:3000/_next/static/chunks/0kd0_next_dist_02e_ku3._.js:1945
[  996011ms] [ERROR] ./src/app/leaderboard/page.tsx:9:3
To use "use cache", please enable the feature flag `cacheComponents` in your Next.js config.
    
    Read more: https://nextjs.org/docs/canary/app/api-reference/directives/use-cache#usage
   7 |
   8 | export default async function ...
>  9 |   "use cache";
     |   ^^^^^^^^^^^
  10 |   cacheLife({ expire: 3600 });
  11 |
  12 |   const [leaderboardData, stat...

Ecmascript file had an error @ http://localhost:3000/_next/static/chunks/0kd0_next_dist_02e_ku3._.js:1945
[  996063ms] [ERROR] ./src/app/components/home-leaderboard.tsx:10:3
To use "use cache", please enable the feature flag `cacheComponents` in your Next.js config.
    
    Read more: https://nextjs.org/docs/canary/app/api-reference/directives/use-cache#usage
   8 |
   9 | export async function HomeLead...
> 10 |   "use cache";
     |   ^^^^^^^^^^^
  11 |   cacheLife({ expire: 3600 });
  12 |
  13 |   // Chamada de API direto no ...

Ecmascript file had an error

Import trace:
  Server Component:
    ./src/app/components/home-leaderboard.tsx
    ./src/app/page.tsx @ http://localhost:3000/_next/static/chunks/0kd0_next_dist_02e_ku3._.js:1945
[  996063ms] [ERROR] ./src/app/leaderboard/page.tsx:9:3
To use "use cache", please enable the feature flag `cacheComponents` in your Next.js config.
    
    Read more: https://nextjs.org/docs/canary/app/api-reference/directives/use-cache#usage
   7 |
   8 | export default async function ...
>  9 |   "use cache";
     |   ^^^^^^^^^^^
  10 |   cacheLife({ expire: 3600 });
  11 |
  12 |   const [leaderboardData, stat...

Ecmascript file had an error @ http://localhost:3000/_next/static/chunks/0kd0_next_dist_02e_ku3._.js:1945
[  996113ms] [ERROR] ./src/app/components/home-leaderboard.tsx:10:3
To use "use cache", please enable the feature flag `cacheComponents` in your Next.js config.
    
    Read more: https://nextjs.org/docs/canary/app/api-reference/directives/use-cache#usage
   8 |
   9 | export async function HomeLead...
> 10 |   "use cache";
     |   ^^^^^^^^^^^
  11 |   cacheLife({ expire: 3600 });
  12 |
  13 |   // Chamada de API direto no ...

Ecmascript file had an error

Import trace:
  Server Component:
    ./src/app/components/home-leaderboard.tsx
    ./src/app/page.tsx @ http://localhost:3000/_next/static/chunks/0kd0_next_dist_02e_ku3._.js:1945
[  996114ms] [ERROR] ./src/app/leaderboard/page.tsx:9:3
To use "use cache", please enable the feature flag `cacheComponents` in your Next.js config.
    
    Read more: https://nextjs.org/docs/canary/app/api-reference/directives/use-cache#usage
   7 |
   8 | export default async function ...
>  9 |   "use cache";
     |   ^^^^^^^^^^^
  10 |   cacheLife({ expire: 3600 });
  11 |
  12 |   const [leaderboardData, stat...

Ecmascript file had an error @ http://localhost:3000/_next/static/chunks/0kd0_next_dist_02e_ku3._.js:1945
[  996164ms] [ERROR] ./src/app/components/home-leaderboard.tsx:10:3
To use "use cache", please enable the feature flag `cacheComponents` in your Next.js config.
    
    Read more: https://nextjs.org/docs/canary/app/api-reference/directives/use-cache#usage
   8 |
   9 | export async function HomeLead...
> 10 |   "use cache";
     |   ^^^^^^^^^^^
  11 |   cacheLife({ expire: 3600 });
  12 |
  13 |   // Chamada de API direto no ...

Ecmascript file had an error

Import trace:
  Server Component:
    ./src/app/components/home-leaderboard.tsx
    ./src/app/page.tsx @ http://localhost:3000/_next/static/chunks/0kd0_next_dist_02e_ku3._.js:1945
[  996164ms] [ERROR] ./src/app/leaderboard/page.tsx:9:3
To use "use cache", please enable the feature flag `cacheComponents` in your Next.js config.
    
    Read more: https://nextjs.org/docs/canary/app/api-reference/directives/use-cache#usage
   7 |
   8 | export default async function ...
>  9 |   "use cache";
     |   ^^^^^^^^^^^
  10 |   cacheLife({ expire: 3600 });
  11 |
  12 |   const [leaderboardData, stat...

Ecmascript file had an error @ http://localhost:3000/_next/static/chunks/0kd0_next_dist_02e_ku3._.js:1945
[  996214ms] [ERROR] ./src/app/components/home-leaderboard.tsx:10:3
To use "use cache", please enable the feature flag `cacheComponents` in your Next.js config.
    
    Read more: https://nextjs.org/docs/canary/app/api-reference/directives/use-cache#usage
   8 |
   9 | export async function HomeLead...
> 10 |   "use cache";
     |   ^^^^^^^^^^^
  11 |   cacheLife({ expire: 3600 });
  12 |
  13 |   // Chamada de API direto no ...

Ecmascript file had an error

Import trace:
  Server Component:
    ./src/app/components/home-leaderboard.tsx
    ./src/app/page.tsx @ http://localhost:3000/_next/static/chunks/0kd0_next_dist_02e_ku3._.js:1945
[  996215ms] [ERROR] ./src/app/leaderboard/page.tsx:9:3
To use "use cache", please enable the feature flag `cacheComponents` in your Next.js config.
    
    Read more: https://nextjs.org/docs/canary/app/api-reference/directives/use-cache#usage
   7 |
   8 | export default async function ...
>  9 |   "use cache";
     |   ^^^^^^^^^^^
  10 |   cacheLife({ expire: 3600 });
  11 |
  12 |   const [leaderboardData, stat...

Ecmascript file had an error @ http://localhost:3000/_next/static/chunks/0kd0_next_dist_02e_ku3._.js:1945
[  996266ms] [ERROR] ./src/app/components/home-leaderboard.tsx:10:3
To use "use cache", please enable the feature flag `cacheComponents` in your Next.js config.
    
    Read more: https://nextjs.org/docs/canary/app/api-reference/directives/use-cache#usage
   8 |
   9 | export async function HomeLead...
> 10 |   "use cache";
     |   ^^^^^^^^^^^
  11 |   cacheLife({ expire: 3600 });
  12 |
  13 |   // Chamada de API direto no ...

Ecmascript file had an error

Import trace:
  Server Component:
    ./src/app/components/home-leaderboard.tsx
    ./src/app/page.tsx @ http://localhost:3000/_next/static/chunks/0kd0_next_dist_02e_ku3._.js:1945
[  996266ms] [ERROR] ./src/app/leaderboard/page.tsx:9:3
To use "use cache", please enable the feature flag `cacheComponents` in your Next.js config.
    
    Read more: https://nextjs.org/docs/canary/app/api-reference/directives/use-cache#usage
   7 |
   8 | export default async function ...
>  9 |   "use cache";
     |   ^^^^^^^^^^^
  10 |   cacheLife({ expire: 3600 });
  11 |
  12 |   const [leaderboardData, stat...

Ecmascript file had an error @ http://localhost:3000/_next/static/chunks/0kd0_next_dist_02e_ku3._.js:1945
[  996319ms] [ERROR] ./src/app/components/home-leaderboard.tsx:10:3
To use "use cache", please enable the feature flag `cacheComponents` in your Next.js config.
    
    Read more: https://nextjs.org/docs/canary/app/api-reference/directives/use-cache#usage
   8 |
   9 | export async function HomeLead...
> 10 |   "use cache";
     |   ^^^^^^^^^^^
  11 |   cacheLife({ expire: 3600 });
  12 |
  13 |   // Chamada de API direto no ...

Ecmascript file had an error

Import trace:
  Server Component:
    ./src/app/components/home-leaderboard.tsx
    ./src/app/page.tsx @ http://localhost:3000/_next/static/chunks/0kd0_next_dist_02e_ku3._.js:1945
[  996319ms] [ERROR] ./src/app/leaderboard/page.tsx:9:3
To use "use cache", please enable the feature flag `cacheComponents` in your Next.js config.
    
    Read more: https://nextjs.org/docs/canary/app/api-reference/directives/use-cache#usage
   7 |
   8 | export default async function ...
>  9 |   "use cache";
     |   ^^^^^^^^^^^
  10 |   cacheLife({ expire: 3600 });
  11 |
  12 |   const [leaderboardData, stat...

Ecmascript file had an error @ http://localhost:3000/_next/static/chunks/0kd0_next_dist_02e_ku3._.js:1945
[  996369ms] [ERROR] ./src/app/components/home-leaderboard.tsx:10:3
To use "use cache", please enable the feature flag `cacheComponents` in your Next.js config.
    
    Read more: https://nextjs.org/docs/canary/app/api-reference/directives/use-cache#usage
   8 |
   9 | export async function HomeLead...
> 10 |   "use cache";
     |   ^^^^^^^^^^^
  11 |   cacheLife({ expire: 3600 });
  12 |
  13 |   // Chamada de API direto no ...

Ecmascript file had an error

Import trace:
  Server Component:
    ./src/app/components/home-leaderboard.tsx
    ./src/app/page.tsx @ http://localhost:3000/_next/static/chunks/0kd0_next_dist_02e_ku3._.js:1945
[  996369ms] [ERROR] ./src/app/leaderboard/page.tsx:9:3
To use "use cache", please enable the feature flag `cacheComponents` in your Next.js config.
    
    Read more: https://nextjs.org/docs/canary/app/api-reference/directives/use-cache#usage
   7 |
   8 | export default async function ...
>  9 |   "use cache";
     |   ^^^^^^^^^^^
  10 |   cacheLife({ expire: 3600 });
  11 |
  12 |   const [leaderboardData, stat...

Ecmascript file had an error @ http://localhost:3000/_next/static/chunks/0kd0_next_dist_02e_ku3._.js:1945
[  996420ms] [ERROR] ./src/app/components/home-leaderboard.tsx:10:3
To use "use cache", please enable the feature flag `cacheComponents` in your Next.js config.
    
    Read more: https://nextjs.org/docs/canary/app/api-reference/directives/use-cache#usage
   8 |
   9 | export async function HomeLead...
> 10 |   "use cache";
     |   ^^^^^^^^^^^
  11 |   cacheLife({ expire: 3600 });
  12 |
  13 |   // Chamada de API direto no ...

Ecmascript file had an error

Import trace:
  Server Component:
    ./src/app/components/home-leaderboard.tsx
    ./src/app/page.tsx @ http://localhost:3000/_next/static/chunks/0kd0_next_dist_02e_ku3._.js:1945
[  996420ms] [ERROR] ./src/app/leaderboard/page.tsx:9:3
To use "use cache", please enable the feature flag `cacheComponents` in your Next.js config.
    
    Read more: https://nextjs.org/docs/canary/app/api-reference/directives/use-cache#usage
   7 |
   8 | export default async function ...
>  9 |   "use cache";
     |   ^^^^^^^^^^^
  10 |   cacheLife({ expire: 3600 });
  11 |
  12 |   const [leaderboardData, stat...

Ecmascript file had an error @ http://localhost:3000/_next/static/chunks/0kd0_next_dist_02e_ku3._.js:1945
[  996470ms] [ERROR] ./src/app/components/home-leaderboard.tsx:10:3
To use "use cache", please enable the feature flag `cacheComponents` in your Next.js config.
    
    Read more: https://nextjs.org/docs/canary/app/api-reference/directives/use-cache#usage
   8 |
   9 | export async function HomeLead...
> 10 |   "use cache";
     |   ^^^^^^^^^^^
  11 |   cacheLife({ expire: 3600 });
  12 |
  13 |   // Chamada de API direto no ...

Ecmascript file had an error

Import trace:
  Server Component:
    ./src/app/components/home-leaderboard.tsx
    ./src/app/page.tsx @ http://localhost:3000/_next/static/chunks/0kd0_next_dist_02e_ku3._.js:1945
[  996470ms] [ERROR] ./src/app/leaderboard/page.tsx:9:3
To use "use cache", please enable the feature flag `cacheComponents` in your Next.js config.
    
    Read more: https://nextjs.org/docs/canary/app/api-reference/directives/use-cache#usage
   7 |
   8 | export default async function ...
>  9 |   "use cache";
     |   ^^^^^^^^^^^
  10 |   cacheLife({ expire: 3600 });
  11 |
  12 |   const [leaderboardData, stat...

Ecmascript file had an error @ http://localhost:3000/_next/static/chunks/0kd0_next_dist_02e_ku3._.js:1945
[  996520ms] [ERROR] ./src/app/components/home-leaderboard.tsx:10:3
To use "use cache", please enable the feature flag `cacheComponents` in your Next.js config.
    
    Read more: https://nextjs.org/docs/canary/app/api-reference/directives/use-cache#usage
   8 |
   9 | export async function HomeLead...
> 10 |   "use cache";
     |   ^^^^^^^^^^^
  11 |   cacheLife({ expire: 3600 });
  12 |
  13 |   // Chamada de API direto no ...

Ecmascript file had an error

Import trace:
  Server Component:
    ./src/app/components/home-leaderboard.tsx
    ./src/app/page.tsx @ http://localhost:3000/_next/static/chunks/0kd0_next_dist_02e_ku3._.js:1945
[  996521ms] [ERROR] ./src/app/leaderboard/page.tsx:9:3
To use "use cache", please enable the feature flag `cacheComponents` in your Next.js config.
    
    Read more: https://nextjs.org/docs/canary/app/api-reference/directives/use-cache#usage
   7 |
   8 | export default async function ...
>  9 |   "use cache";
     |   ^^^^^^^^^^^
  10 |   cacheLife({ expire: 3600 });
  11 |
  12 |   const [leaderboardData, stat...

Ecmascript file had an error @ http://localhost:3000/_next/static/chunks/0kd0_next_dist_02e_ku3._.js:1945
[  996572ms] [ERROR] ./src/app/components/home-leaderboard.tsx:10:3
To use "use cache", please enable the feature flag `cacheComponents` in your Next.js config.
    
    Read more: https://nextjs.org/docs/canary/app/api-reference/directives/use-cache#usage
   8 |
   9 | export async function HomeLead...
> 10 |   "use cache";
     |   ^^^^^^^^^^^
  11 |   cacheLife({ expire: 3600 });
  12 |
  13 |   // Chamada de API direto no ...

Ecmascript file had an error

Import trace:
  Server Component:
    ./src/app/components/home-leaderboard.tsx
    ./src/app/page.tsx @ http://localhost:3000/_next/static/chunks/0kd0_next_dist_02e_ku3._.js:1945
[  996573ms] [ERROR] ./src/app/leaderboard/page.tsx:9:3
To use "use cache", please enable the feature flag `cacheComponents` in your Next.js config.
    
    Read more: https://nextjs.org/docs/canary/app/api-reference/directives/use-cache#usage
   7 |
   8 | export default async function ...
>  9 |   "use cache";
     |   ^^^^^^^^^^^
  10 |   cacheLife({ expire: 3600 });
  11 |
  12 |   const [leaderboardData, stat...

Ecmascript file had an error @ http://localhost:3000/_next/static/chunks/0kd0_next_dist_02e_ku3._.js:1945
[  996624ms] [ERROR] ./src/app/components/home-leaderboard.tsx:10:3
To use "use cache", please enable the feature flag `cacheComponents` in your Next.js config.
    
    Read more: https://nextjs.org/docs/canary/app/api-reference/directives/use-cache#usage
   8 |
   9 | export async function HomeLead...
> 10 |   "use cache";
     |   ^^^^^^^^^^^
  11 |   cacheLife({ expire: 3600 });
  12 |
  13 |   // Chamada de API direto no ...

Ecmascript file had an error

Import trace:
  Server Component:
    ./src/app/components/home-leaderboard.tsx
    ./src/app/page.tsx @ http://localhost:3000/_next/static/chunks/0kd0_next_dist_02e_ku3._.js:1945
[  996624ms] [ERROR] ./src/app/leaderboard/page.tsx:9:3
To use "use cache", please enable the feature flag `cacheComponents` in your Next.js config.
    
    Read more: https://nextjs.org/docs/canary/app/api-reference/directives/use-cache#usage
   7 |
   8 | export default async function ...
>  9 |   "use cache";
     |   ^^^^^^^^^^^
  10 |   cacheLife({ expire: 3600 });
  11 |
  12 |   const [leaderboardData, stat...

Ecmascript file had an error @ http://localhost:3000/_next/static/chunks/0kd0_next_dist_02e_ku3._.js:1945
[  996673ms] [ERROR] ./src/app/components/home-leaderboard.tsx:10:3
To use "use cache", please enable the feature flag `cacheComponents` in your Next.js config.
    
    Read more: https://nextjs.org/docs/canary/app/api-reference/directives/use-cache#usage
   8 |
   9 | export async function HomeLead...
> 10 |   "use cache";
     |   ^^^^^^^^^^^
  11 |   cacheLife({ expire: 3600 });
  12 |
  13 |   // Chamada de API direto no ...

Ecmascript file had an error

Import trace:
  Server Component:
    ./src/app/components/home-leaderboard.tsx
    ./src/app/page.tsx @ http://localhost:3000/_next/static/chunks/0kd0_next_dist_02e_ku3._.js:1945
[  996673ms] [ERROR] ./src/app/leaderboard/page.tsx:9:3
To use "use cache", please enable the feature flag `cacheComponents` in your Next.js config.
    
    Read more: https://nextjs.org/docs/canary/app/api-reference/directives/use-cache#usage
   7 |
   8 | export default async function ...
>  9 |   "use cache";
     |   ^^^^^^^^^^^
  10 |   cacheLife({ expire: 3600 });
  11 |
  12 |   const [leaderboardData, stat...

Ecmascript file had an error @ http://localhost:3000/_next/static/chunks/0kd0_next_dist_02e_ku3._.js:1945
[  996724ms] [ERROR] ./src/app/components/home-leaderboard.tsx:10:3
To use "use cache", please enable the feature flag `cacheComponents` in your Next.js config.
    
    Read more: https://nextjs.org/docs/canary/app/api-reference/directives/use-cache#usage
   8 |
   9 | export async function HomeLead...
> 10 |   "use cache";
     |   ^^^^^^^^^^^
  11 |   cacheLife({ expire: 3600 });
  12 |
  13 |   // Chamada de API direto no ...

Ecmascript file had an error

Import trace:
  Server Component:
    ./src/app/components/home-leaderboard.tsx
    ./src/app/page.tsx @ http://localhost:3000/_next/static/chunks/0kd0_next_dist_02e_ku3._.js:1945
[  996724ms] [ERROR] ./src/app/leaderboard/page.tsx:9:3
To use "use cache", please enable the feature flag `cacheComponents` in your Next.js config.
    
    Read more: https://nextjs.org/docs/canary/app/api-reference/directives/use-cache#usage
   7 |
   8 | export default async function ...
>  9 |   "use cache";
     |   ^^^^^^^^^^^
  10 |   cacheLife({ expire: 3600 });
  11 |
  12 |   const [leaderboardData, stat...

Ecmascript file had an error @ http://localhost:3000/_next/static/chunks/0kd0_next_dist_02e_ku3._.js:1945
[  996775ms] [ERROR] ./src/app/components/home-leaderboard.tsx:10:3
To use "use cache", please enable the feature flag `cacheComponents` in your Next.js config.
    
    Read more: https://nextjs.org/docs/canary/app/api-reference/directives/use-cache#usage
   8 |
   9 | export async function HomeLead...
> 10 |   "use cache";
     |   ^^^^^^^^^^^
  11 |   cacheLife({ expire: 3600 });
  12 |
  13 |   // Chamada de API direto no ...

Ecmascript file had an error

Import trace:
  Server Component:
    ./src/app/components/home-leaderboard.tsx
    ./src/app/page.tsx @ http://localhost:3000/_next/static/chunks/0kd0_next_dist_02e_ku3._.js:1945
[  996775ms] [ERROR] ./src/app/leaderboard/page.tsx:9:3
To use "use cache", please enable the feature flag `cacheComponents` in your Next.js config.
    
    Read more: https://nextjs.org/docs/canary/app/api-reference/directives/use-cache#usage
   7 |
   8 | export default async function ...
>  9 |   "use cache";
     |   ^^^^^^^^^^^
  10 |   cacheLife({ expire: 3600 });
  11 |
  12 |   const [leaderboardData, stat...

Ecmascript file had an error @ http://localhost:3000/_next/static/chunks/0kd0_next_dist_02e_ku3._.js:1945
[  996827ms] [ERROR] ./src/app/components/home-leaderboard.tsx:10:3
To use "use cache", please enable the feature flag `cacheComponents` in your Next.js config.
    
    Read more: https://nextjs.org/docs/canary/app/api-reference/directives/use-cache#usage
   8 |
   9 | export async function HomeLead...
> 10 |   "use cache";
     |   ^^^^^^^^^^^
  11 |   cacheLife({ expire: 3600 });
  12 |
  13 |   // Chamada de API direto no ...

Ecmascript file had an error

Import trace:
  Server Component:
    ./src/app/components/home-leaderboard.tsx
    ./src/app/page.tsx @ http://localhost:3000/_next/static/chunks/0kd0_next_dist_02e_ku3._.js:1945
[  996827ms] [ERROR] ./src/app/leaderboard/page.tsx:9:3
To use "use cache", please enable the feature flag `cacheComponents` in your Next.js config.
    
    Read more: https://nextjs.org/docs/canary/app/api-reference/directives/use-cache#usage
   7 |
   8 | export default async function ...
>  9 |   "use cache";
     |   ^^^^^^^^^^^
  10 |   cacheLife({ expire: 3600 });
  11 |
  12 |   const [leaderboardData, stat...

Ecmascript file had an error @ http://localhost:3000/_next/static/chunks/0kd0_next_dist_02e_ku3._.js:1945
[  996877ms] [ERROR] ./src/app/components/home-leaderboard.tsx:10:3
To use "use cache", please enable the feature flag `cacheComponents` in your Next.js config.
    
    Read more: https://nextjs.org/docs/canary/app/api-reference/directives/use-cache#usage
   8 |
   9 | export async function HomeLead...
> 10 |   "use cache";
     |   ^^^^^^^^^^^
  11 |   cacheLife({ expire: 3600 });
  12 |
  13 |   // Chamada de API direto no ...

Ecmascript file had an error

Import trace:
  Server Component:
    ./src/app/components/home-leaderboard.tsx
    ./src/app/page.tsx @ http://localhost:3000/_next/static/chunks/0kd0_next_dist_02e_ku3._.js:1945
[  996878ms] [ERROR] ./src/app/leaderboard/page.tsx:9:3
To use "use cache", please enable the feature flag `cacheComponents` in your Next.js config.
    
    Read more: https://nextjs.org/docs/canary/app/api-reference/directives/use-cache#usage
   7 |
   8 | export default async function ...
>  9 |   "use cache";
     |   ^^^^^^^^^^^
  10 |   cacheLife({ expire: 3600 });
  11 |
  12 |   const [leaderboardData, stat...

Ecmascript file had an error @ http://localhost:3000/_next/static/chunks/0kd0_next_dist_02e_ku3._.js:1945
[  996928ms] [ERROR] ./src/app/components/home-leaderboard.tsx:10:3
To use "use cache", please enable the feature flag `cacheComponents` in your Next.js config.
    
    Read more: https://nextjs.org/docs/canary/app/api-reference/directives/use-cache#usage
   8 |
   9 | export async function HomeLead...
> 10 |   "use cache";
     |   ^^^^^^^^^^^
  11 |   cacheLife({ expire: 3600 });
  12 |
  13 |   // Chamada de API direto no ...

Ecmascript file had an error

Import trace:
  Server Component:
    ./src/app/components/home-leaderboard.tsx
    ./src/app/page.tsx @ http://localhost:3000/_next/static/chunks/0kd0_next_dist_02e_ku3._.js:1945
[  996928ms] [ERROR] ./src/app/leaderboard/page.tsx:9:3
To use "use cache", please enable the feature flag `cacheComponents` in your Next.js config.
    
    Read more: https://nextjs.org/docs/canary/app/api-reference/directives/use-cache#usage
   7 |
   8 | export default async function ...
>  9 |   "use cache";
     |   ^^^^^^^^^^^
  10 |   cacheLife({ expire: 3600 });
  11 |
  12 |   const [leaderboardData, stat...

Ecmascript file had an error @ http://localhost:3000/_next/static/chunks/0kd0_next_dist_02e_ku3._.js:1945
[  996977ms] [ERROR] ./src/app/components/home-leaderboard.tsx:10:3
To use "use cache", please enable the feature flag `cacheComponents` in your Next.js config.
    
    Read more: https://nextjs.org/docs/canary/app/api-reference/directives/use-cache#usage
   8 |
   9 | export async function HomeLead...
> 10 |   "use cache";
     |   ^^^^^^^^^^^
  11 |   cacheLife({ expire: 3600 });
  12 |
  13 |   // Chamada de API direto no ...

Ecmascript file had an error

Import trace:
  Server Component:
    ./src/app/components/home-leaderboard.tsx
    ./src/app/page.tsx @ http://localhost:3000/_next/static/chunks/0kd0_next_dist_02e_ku3._.js:1945
[  996977ms] [ERROR] ./src/app/leaderboard/page.tsx:9:3
To use "use cache", please enable the feature flag `cacheComponents` in your Next.js config.
    
    Read more: https://nextjs.org/docs/canary/app/api-reference/directives/use-cache#usage
   7 |
   8 | export default async function ...
>  9 |   "use cache";
     |   ^^^^^^^^^^^
  10 |   cacheLife({ expire: 3600 });
  11 |
  12 |   const [leaderboardData, stat...

Ecmascript file had an error @ http://localhost:3000/_next/static/chunks/0kd0_next_dist_02e_ku3._.js:1945
[  997029ms] [ERROR] ./src/app/components/home-leaderboard.tsx:10:3
To use "use cache", please enable the feature flag `cacheComponents` in your Next.js config.
    
    Read more: https://nextjs.org/docs/canary/app/api-reference/directives/use-cache#usage
   8 |
   9 | export async function HomeLead...
> 10 |   "use cache";
     |   ^^^^^^^^^^^
  11 |   cacheLife({ expire: 3600 });
  12 |
  13 |   // Chamada de API direto no ...

Ecmascript file had an error

Import trace:
  Server Component:
    ./src/app/components/home-leaderboard.tsx
    ./src/app/page.tsx @ http://localhost:3000/_next/static/chunks/0kd0_next_dist_02e_ku3._.js:1945
[  997029ms] [ERROR] ./src/app/leaderboard/page.tsx:9:3
To use "use cache", please enable the feature flag `cacheComponents` in your Next.js config.
    
    Read more: https://nextjs.org/docs/canary/app/api-reference/directives/use-cache#usage
   7 |
   8 | export default async function ...
>  9 |   "use cache";
     |   ^^^^^^^^^^^
  10 |   cacheLife({ expire: 3600 });
  11 |
  12 |   const [leaderboardData, stat...

Ecmascript file had an error @ http://localhost:3000/_next/static/chunks/0kd0_next_dist_02e_ku3._.js:1945
[  997083ms] [ERROR] ./src/app/components/home-leaderboard.tsx:10:3
To use "use cache", please enable the feature flag `cacheComponents` in your Next.js config.
    
    Read more: https://nextjs.org/docs/canary/app/api-reference/directives/use-cache#usage
   8 |
   9 | export async function HomeLead...
> 10 |   "use cache";
     |   ^^^^^^^^^^^
  11 |   cacheLife({ expire: 3600 });
  12 |
  13 |   // Chamada de API direto no ...

Ecmascript file had an error

Import trace:
  Server Component:
    ./src/app/components/home-leaderboard.tsx
    ./src/app/page.tsx @ http://localhost:3000/_next/static/chunks/0kd0_next_dist_02e_ku3._.js:1945
[  997083ms] [ERROR] ./src/app/leaderboard/page.tsx:9:3
To use "use cache", please enable the feature flag `cacheComponents` in your Next.js config.
    
    Read more: https://nextjs.org/docs/canary/app/api-reference/directives/use-cache#usage
   7 |
   8 | export default async function ...
>  9 |   "use cache";
     |   ^^^^^^^^^^^
  10 |   cacheLife({ expire: 3600 });
  11 |
  12 |   const [leaderboardData, stat...

Ecmascript file had an error @ http://localhost:3000/_next/static/chunks/0kd0_next_dist_02e_ku3._.js:1945
[ 1193317ms] ReferenceError: Suspense is not defined
    at RootLayout (about://React/Prerender/file:///Users/luiz_fbm/Documents/Programacao/Dev-roast/.next/dev/server/chunks/ssr/%255Broot-of-the-server%255D__08-xm7f._.js?id=%255Bproject%255D%252Fsrc%252Fapp%252Flayout.tsx+%255Bapp-rsc%255D+%2528ecmascript%2529?110:32:442)
    at resolveErrorDev (http://localhost:3000/_next/static/chunks/0kd0_next_dist_compiled_react-server-dom-turbopack_0bisz.s._.js:1919:105)
    at processFullStringRow (http://localhost:3000/_next/static/chunks/0kd0_next_dist_compiled_react-server-dom-turbopack_0bisz.s._.js:2434:29)
    at processFullBinaryRow (http://localhost:3000/_next/static/chunks/0kd0_next_dist_compiled_react-server-dom-turbopack_0bisz.s._.js:2393:9)
    at processBinaryChunk (http://localhost:3000/_next/static/chunks/0kd0_next_dist_compiled_react-server-dom-turbopack_0bisz.s._.js:2502:221)
    at progress (http://localhost:3000/_next/static/chunks/0kd0_next_dist_compiled_react-server-dom-turbopack_0bisz.s._.js:2689:13)
[ 2768776ms] [ERROR] ./src/trpc/routers/roast.ts:5:1
Module not found: Can't resolve '@google/generative-ai'
  3 | ..., analysisItems, verdictEnum...
  4 | ...TRPCRouter, baseProcedure } ...
> 5 | ...GenerativeAI } from "@google...
    |    ^^^^^^^^^^^^^^^^^^^^^^^^^^^^^^^
  6 | ...SYSTEM_PROMPT } from "@/serv...
  7 | ...
  8 | ...astRouter = createTRPCRouter({

Import trace:
  Server Component:
    ./src/trpc/routers/roast.ts
    ./src/trpc/routers/_app.ts
    ./src/trpc/server.tsx
    ./src/app/components/home-leaderboard.tsx
    ./src/app/page.tsx

https://nextjs.org/docs/messages/module-not-found @ http://localhost:3000/_next/static/chunks/0kd0_next_dist_0n6g-61._.js:3766
[ 2769156ms] [ERROR] ./src/trpc/routers/roast.ts:5:1
Module not found: Can't resolve '@google/generative-ai'
  3 | ..., analysisItems, verdictEnum...
  4 | ...TRPCRouter, baseProcedure } ...
> 5 | ...GenerativeAI } from "@google...
    |    ^^^^^^^^^^^^^^^^^^^^^^^^^^^^^^^
  6 | ...SYSTEM_PROMPT } from "@/serv...
  7 | ...
  8 | ...astRouter = createTRPCRouter({

Import trace:
  Server Component:
    ./src/trpc/routers/roast.ts
    ./src/trpc/routers/_app.ts
    ./src/trpc/server.tsx
    ./src/app/components/home-leaderboard.tsx
    ./src/app/page.tsx

https://nextjs.org/docs/messages/module-not-found @ http://localhost:3000/_next/static/chunks/0kd0_next_dist_0n6g-61._.js:3766
[ 2769158ms] [ERROR] ./src/trpc/routers/roast.ts:5:1
Module not found: Can't resolve '@google/generative-ai'
  3 | ..., analysisItems, verdictEnum...
  4 | ...TRPCRouter, baseProcedure } ...
> 5 | ...GenerativeAI } from "@google...
    |    ^^^^^^^^^^^^^^^^^^^^^^^^^^^^^^^
  6 | ...SYSTEM_PROMPT } from "@/serv...
  7 | ...
  8 | ...astRouter = createTRPCRouter({

Import trace:
  Server Component:
    ./src/trpc/routers/roast.ts
    ./src/trpc/routers/_app.ts
    ./src/trpc/server.tsx
    ./src/app/components/home-leaderboard.tsx
    ./src/app/page.tsx

https://nextjs.org/docs/messages/module-not-found @ http://localhost:3000/_next/static/chunks/0kd0_next_dist_0n6g-61._.js:3766
[ 2769217ms] [ERROR] Failed to load resource: the server responded with a status of 500 (Internal Server Error) @ http://localhost:3000/leaderboard?_rsc=1nue2:0
[ 2769296ms] [ERROR] Failed to load resource: the server responded with a status of 500 (Internal Server Error) @ http://localhost:3000/leaderboard?_rsc=1nue2:0
[ 2769433ms] [ERROR] Failed to load resource: the server responded with a status of 500 (Internal Server Error) @ http://localhost:3000/leaderboard?_rsc=1nue2:0
[ 2769436ms] [ERROR] ./src/trpc/routers/roast.ts:5:1
Module not found: Can't resolve '@google/generative-ai'
  3 | ..., analysisItems, verdictEnum...
  4 | ...TRPCRouter, baseProcedure } ...
> 5 | ...GenerativeAI } from "@google...
    |    ^^^^^^^^^^^^^^^^^^^^^^^^^^^^^^^
  6 | ...SYSTEM_PROMPT } from "@/serv...
  7 | ...
  8 | ...astRouter = createTRPCRouter({

Import trace:
  Server Component:
    ./src/trpc/routers/roast.ts
    ./src/trpc/routers/_app.ts
    ./src/trpc/server.tsx
    ./src/app/components/home-leaderboard.tsx
    ./src/app/page.tsx

https://nextjs.org/docs/messages/module-not-found @ http://localhost:3000/_next/static/chunks/0kd0_next_dist_0n6g-61._.js:3766
[ 2769466ms] [ERROR] Failed to load resource: the server responded with a status of 500 (Internal Server Error) @ http://localhost:3000/leaderboard:0
[ 2769705ms] Error: ./src/trpc/routers/roast.ts:5:1
Module not found: Can't resolve '@google/generative-ai'
  3 | ..., analysisItems, verdictEnum...
  4 | ...TRPCRouter, baseProcedure } ...
> 5 | ...GenerativeAI } from "@google...
    |    ^^^^^^^^^^^^^^^^^^^^^^^^^^^^^^^
  6 | ...SYSTEM_PROMPT } from "@/serv...
  7 | ...
  8 | ...astRouter = createTRPCRouter({



Import trace:
  Server Component:
    ./src/trpc/routers/roast.ts
    ./src/trpc/routers/_app.ts
    ./src/trpc/server.tsx
    ./src/app/components/home-leaderboard.tsx
    ./src/app/page.tsx

https://nextjs.org/docs/messages/module-not-found


    at <unknown> (Error: ./src/trpc/routers/roast.ts:5:1)
    at <unknown> (https://nextjs.org/docs/messages/module-not-found)
    at Object.getCompilationErrors (file:///Users/luiz_fbm/Documents/Programacao/Dev-roast/node_modules/.pnpm/next@16.2.0_@opentelemetry+api@1.9.0_react-dom@19.2.4_react@19.2.4__react@19.2.4/node_modules/next/dist/server/dev/hot-reloader-turbopack.js:1189:59)
    at DevBundlerService.getCompilationError (file:///Users/luiz_fbm/Documents/Programacao/Dev-roast/node_modules/.pnpm/next@16.2.0_@opentelemetry+api@1.9.0_react-dom@19.2.4_react@19.2.4__react@19.2.4/node_modules/next/dist/server/lib/dev-bundler-service.js:44:55)
    at DevServer.getCompilationError (file:///Users/luiz_fbm/Documents/Programacao/Dev-roast/node_modules/.pnpm/next@16.2.0_@opentelemetry+api@1.9.0_react-dom@19.2.4_react@19.2.4__react@19.2.4/node_modules/next/dist/server/dev/next-dev-server.js:719:42)
    at DevServer.findPageComponents (file:///Users/luiz_fbm/Documents/Programacao/Dev-roast/node_modules/.pnpm/next@16.2.0_@opentelemetry+api@1.9.0_react-dom@19.2.4_react@19.2.4__react@19.2.4/node_modules/next/dist/server/dev/next-dev-server.js:689:43)
    at async DevServer.renderErrorToResponseImpl (file:///Users/luiz_fbm/Documents/Programacao/Dev-roast/node_modules/.pnpm/next@16.2.0_@opentelemetry+api@1.9.0_react-dom@19.2.4_react@19.2.4__react@19.2.4/node_modules/next/dist/server/base-server.js:1745:26)
[ 2769727ms] [ERROR] ./src/trpc/routers/roast.ts:5:1
Module not found: Can't resolve '@google/generative-ai'
  3 | ..., analysisItems, verdictEnum...
  4 | ...TRPCRouter, baseProcedure } ...
> 5 | ...GenerativeAI } from "@google...
    |    ^^^^^^^^^^^^^^^^^^^^^^^^^^^^^^^
  6 | ...SYSTEM_PROMPT } from "@/serv...
  7 | ...
  8 | ...astRouter = createTRPCRouter({

Import trace:
  Server Component:
    ./src/trpc/routers/roast.ts
    ./src/trpc/routers/_app.ts
    ./src/trpc/server.tsx
    ./src/app/components/home-leaderboard.tsx
    ./src/app/page.tsx

https://nextjs.org/docs/messages/module-not-found @ http://localhost:3000/_next/static/chunks/0kd0_next_dist_02e_ku3._.js:1945
[ 2769727ms] [ERROR] ./src/trpc/routers/roast.ts:5:1
Module not found: Can't resolve '@google/generative-ai'
  3 | ..., analysisItems, verdictEnum...
  4 | ...TRPCRouter, baseProcedure } ...
> 5 | ...GenerativeAI } from "@google...
    |    ^^^^^^^^^^^^^^^^^^^^^^^^^^^^^^^
  6 | ...SYSTEM_PROMPT } from "@/serv...
  7 | ...
  8 | ...astRouter = createTRPCRouter({

Import trace:
  Server Component:
    ./src/trpc/routers/roast.ts
    ./src/trpc/routers/_app.ts
    ./src/trpc/server.tsx
    ./src/app/leaderboard/page.tsx

https://nextjs.org/docs/messages/module-not-found @ http://localhost:3000/_next/static/chunks/0kd0_next_dist_02e_ku3._.js:1945
[ 2769850ms] [ERROR] ./src/trpc/routers/roast.ts:5:1
Module not found: Can't resolve '@google/generative-ai'
  3 | ..., analysisItems, verdictEnum...
  4 | ...TRPCRouter, baseProcedure } ...
> 5 | ...GenerativeAI } from "@google...
    |    ^^^^^^^^^^^^^^^^^^^^^^^^^^^^^^^
  6 | ...SYSTEM_PROMPT } from "@/serv...
  7 | ...
  8 | ...astRouter = createTRPCRouter({

Import trace:
  Server Component:
    ./src/trpc/routers/roast.ts
    ./src/trpc/routers/_app.ts
    ./src/trpc/server.tsx
    ./src/app/components/home-leaderboard.tsx
    ./src/app/page.tsx

https://nextjs.org/docs/messages/module-not-found @ http://localhost:3000/_next/static/chunks/0kd0_next_dist_02e_ku3._.js:1945
[ 2779915ms] [ERROR] ./src/trpc/routers/roast.ts:5:1
Module not found: Can't resolve '@google/generative-ai'
  3 | ..., analysisItems, verdictEnum...
  4 | ...TRPCRouter, baseProcedure } ...
> 5 | ...GenerativeAI } from "@google...
    |    ^^^^^^^^^^^^^^^^^^^^^^^^^^^^^^^
  6 | ...SYSTEM_PROMPT } from "@/serv...
  7 | ...
  8 | ...astRouter = createTRPCRouter({

Import trace:
  Server Component:
    ./src/trpc/routers/roast.ts
    ./src/trpc/routers/_app.ts
    ./src/trpc/server.tsx
    ./src/app/components/home-leaderboard.tsx
    ./src/app/page.tsx

https://nextjs.org/docs/messages/module-not-found @ http://localhost:3000/_next/static/chunks/0kd0_next_dist_02e_ku3._.js:1945
[ 2780337ms] [ERROR] ./src/trpc/routers/roast.ts:5:1
Module not found: Can't resolve '@google/generative-ai'
  3 | ..., analysisItems, verdictEnum...
  4 | ...TRPCRouter, baseProcedure } ...
> 5 | ...GenerativeAI } from "@google...
    |    ^^^^^^^^^^^^^^^^^^^^^^^^^^^^^^^
  6 | ...SYSTEM_PROMPT } from "@/serv...
  7 | ...
  8 | ...astRouter = createTRPCRouter({

Import trace:
  Server Component:
    ./src/trpc/routers/roast.ts
    ./src/trpc/routers/_app.ts
    ./src/trpc/server.tsx
    ./src/app/components/home-leaderboard.tsx
    ./src/app/page.tsx

https://nextjs.org/docs/messages/module-not-found @ http://localhost:3000/_next/static/chunks/0kd0_next_dist_02e_ku3._.js:1945
[ 2780402ms] [ERROR] ./src/trpc/routers/roast.ts:5:1
Module not found: Can't resolve '@google/generative-ai'
  3 | ..., analysisItems, verdictEnum...
  4 | ...TRPCRouter, baseProcedure } ...
> 5 | ...GenerativeAI } from "@google...
    |    ^^^^^^^^^^^^^^^^^^^^^^^^^^^^^^^
  6 | ...SYSTEM_PROMPT } from "@/serv...
  7 | ...
  8 | ...astRouter = createTRPCRouter({

Import trace:
  Server Component:
    ./src/trpc/routers/roast.ts
    ./src/trpc/routers/_app.ts
    ./src/trpc/server.tsx
    ./src/app/components/home-leaderboard.tsx
    ./src/app/page.tsx

https://nextjs.org/docs/messages/module-not-found @ http://localhost:3000/_next/static/chunks/0kd0_next_dist_02e_ku3._.js:1945
[ 2781883ms] [ERROR] ./src/trpc/routers/roast.ts:5:1
Module not found: Can't resolve '@google/generative-ai'
  3 | ..., analysisItems, verdictEnum...
  4 | ...TRPCRouter, baseProcedure } ...
> 5 | ...GenerativeAI } from "@google...
    |    ^^^^^^^^^^^^^^^^^^^^^^^^^^^^^^^
  6 | ...SYSTEM_PROMPT } from "@/serv...
  7 | ...
  8 | ...astRouter = createTRPCRouter({

Import trace:
  Server Component:
    ./src/trpc/routers/roast.ts
    ./src/trpc/routers/_app.ts
    ./src/trpc/server.tsx
    ./src/app/components/home-leaderboard.tsx
    ./src/app/page.tsx

https://nextjs.org/docs/messages/module-not-found @ http://localhost:3000/_next/static/chunks/0kd0_next_dist_02e_ku3._.js:1945
